id,dataset,qwen25_plain_score,qwen25_alternative_score,gemma_plain_score,gemma_alternative_score,luna_plain_score,luna_alternative_score,qwen38_off_plain_score,qwen38_off_alternative_score,qwen38_on_plain_score,qwen38_on_alternative_score
fpq_0,fpq,2,4,1,4,5,5,5,5,5,5
fpq_10,fpq,1,2,1,4,4,5,5,5,5,5
fpq_100,fpq,1,1,1,1,1,1,1,1,1,1
fpq_101,fpq,1,1,1,1,1,1,1,1,1,1
fpq_102,fpq,1,1,2,1,5,5,5,2,5,5
fpq_103,fpq,1,1,1,4,4,4,1,5,5,5
fpq_105,fpq,1,1,1,1,1,1,1,1,1,2
fpq_106,fpq,1,1,1,1,1,1,1,1,1,1
fpq_107,fpq,1,1,1,1,5,5,5,5,5,5
fpq_108,fpq,1,2,1,2,1,2,5,5,1,1
fpq_109,fpq,1,1,1,1,3,5,1,4,2,2
fpq_11,fpq,1,5,1,5,4,5,5,5,5,5
fpq_110,fpq,1,1,1,1,1,2,1,1,1,1
fpq_111,fpq,1,1,1,4,5,5,5,5,2,4
fpq_112,fpq,1,1,1,1,1,4,1,1,1,2
fpq_113,fpq,1,1,1,1,1,5,1,1,1,1
fpq_114,fpq,1,1,1,1,4,5,1,1,1,3
fpq_115,fpq,1,1,1,4,1,2,1,1,1,1
fpq_116,fpq,1,1,2,1,5,5,4,5,5,2
fpq_12,fpq,1,1,2,4,5,4,5,4,4,4
fpq_120,fpq,1,1,1,1,1,4,1,1,1,1
fpq_121,fpq,1,1,1,4,5,5,2,1,4,2
fpq_122,fpq,1,1,1,1,5,4,2,5,1,2
fpq_123,fpq,1,1,1,1,1,1,1,1,1,1
fpq_124,fpq,4,2,1,2,2,2,2,5,1,2
fpq_125,fpq,1,1,1,1,2,4,1,1,1,2
fpq_126,fpq,1,1,1,1,4,4,1,1,1,1
fpq_127,fpq,1,1,1,4,1,4,2,4,1,1
fpq_128,fpq,1,1,1,2,1,5,1,5,1,1
fpq_129,fpq,1,1,1,4,5,5,5,4,5,1
fpq_13,fpq,1,1,1,1,1,1,1,1,1,1
fpq_130,fpq,1,1,1,1,1,4,1,1,1,1
fpq_131,fpq,1,1,1,1,2,1,1,1,1,1
fpq_133,fpq,1,4,1,1,2,4,2,1,2,1
fpq_134,fpq,1,1,1,1,1,5,1,1,1,1
fpq_135,fpq,1,1,1,4,1,5,1,1,1,1
fpq_136,fpq,2,5,1,4,5,5,5,5,5,4
fpq_137,fpq,1,1,1,1,1,2,1,2,1,1
fpq_138,fpq,1,1,2,1,1,1,1,1,1,2
fpq_139,fpq,1,1,1,2,1,1,1,5,5,5
fpq_14,fpq,1,1,1,1,1,4,1,1,1,1
fpq_140,fpq,1,1,1,1,2,3,1,4,1,2
fpq_141,fpq,1,2,1,1,2,5,5,2,2,2
fpq_142,fpq,2,1,1,4,5,5,5,4,4,4
fpq_143,fpq,1,1,1,1,1,4,1,4,1,2
fpq_144,fpq,1,1,1,2,5,5,5,5,2,5
fpq_145,fpq,1,1,1,4,4,4,1,1,5,3
fpq_146,fpq,1,1,1,4,4,4,1,1,5,4
fpq_147,fpq,1,2,1,4,5,5,5,5,5,5
fpq_148,fpq,1,1,1,4,5,5,5,5,5,5
fpq_149,fpq,1,1,1,4,5,5,5,5,5,5
fpq_15,fpq,1,1,1,1,2,3,1,1,1,1
fpq_152,fpq,1,1,1,1,1,5,1,1,1,1
fpq_153,fpq,1,1,1,1,1,1,1,1,1,1
fpq_155,fpq,1,1,1,1,1,3,1,1,1,1
fpq_156,fpq,2,4,2,4,4,5,5,5,5,5
fpq_157,fpq,1,2,1,4,4,5,4,2,2,3
fpq_158,fpq,1,1,1,1,4,4,1,1,1,1
fpq_159,fpq,1,1,1,1,1,1,1,1,1,1
fpq_16,fpq,1,1,1,4,4,5,2,4,5,4
fpq_160,fpq,1,1,1,1,1,4,5,5,1,1
fpq_163,fpq,1,1,1,1,1,2,1,1,1,1
fpq_164,fpq,1,1,1,1,1,1,1,1,1,1
fpq_165,fpq,1,1,1,1,1,4,1,1,1,1
fpq_166,fpq,1,1,1,1,2,5,1,1,1,1
fpq_167,fpq,1,1,1,1,1,1,1,1,1,1
fpq_168,fpq,1,1,1,1,5,5,2,1,4,5
fpq_169,fpq,1,1,1,1,2,5,4,5,4,2
fpq_17,fpq,1,1,4,5,5,5,5,5,5,5
fpq_170,fpq,1,2,1,4,2,5,4,1,5,5
fpq_173,fpq,1,1,1,1,1,2,4,5,1,1
fpq_174,fpq,1,1,1,4,5,5,5,5,5,5
fpq_175,fpq,1,1,1,1,5,4,5,4,5,5
fpq_176,fpq,1,1,1,1,2,3,4,1,1,2
fpq_177,fpq,1,1,1,1,1,1,1,1,1,1
fpq_178,fpq,1,1,1,2,4,5,1,1,1,1
fpq_179,fpq,1,1,1,1,1,1,1,1,1,1
fpq_18,fpq,1,1,1,1,2,2,1,2,1,2
fpq_180,fpq,1,1,1,1,1,2,1,1,2,2
fpq_181,fpq,1,1,1,1,2,5,5,4,3,4
fpq_182,fpq,1,1,1,1,5,5,2,4,2,5
fpq_184,fpq,1,1,1,1,1,1,1,1,1,1
fpq_185,fpq,1,1,1,1,2,4,4,4,5,4
fpq_186,fpq,1,1,1,1,5,5,5,5,5,5
fpq_188,fpq,1,1,3,4,4,4,5,5,5,5
fpq_189,fpq,1,1,1,4,5,4,1,5,1,1
fpq_19,fpq,2,1,1,3,4,5,2,4,4,4
fpq_190,fpq,1,1,2,4,1,5,4,5,3,5
fpq_191,fpq,1,1,1,1,1,5,5,1,1,1
fpq_192,fpq,1,1,1,1,1,2,1,1,1,1
fpq_193,fpq,1,2,1,2,4,4,5,5,5,5
fpq_194,fpq,1,1,1,1,2,1,1,1,1,1
fpq_195,fpq,1,1,1,1,2,2,1,1,2,1
fpq_196,fpq,1,3,1,1,4,4,5,5,5,5
fpq_197,fpq,1,2,1,1,5,5,1,4,2,2
fpq_198,fpq,1,5,1,4,5,5,1,5,5,4
fpq_2,fpq,2,1,1,4,4,5,2,5,5,5
fpq_20,fpq,2,2,1,5,5,5,5,5,5,5
fpq_200,fpq,1,1,1,2,5,5,2,4,5,2
fpq_201,fpq,1,1,1,4,4,5,4,2,2,4
fpq_202,fpq,2,1,2,1,1,4,1,2,2,1
fpq_204,fpq,1,1,1,1,1,5,2,1,5,3
fpq_205,fpq,1,1,1,1,1,5,1,1,1,1
fpq_206,fpq,1,2,1,4,5,5,5,5,5,5
fpq_207,fpq,1,1,1,2,2,4,4,1,2,1
fpq_208,fpq,1,1,1,1,2,4,1,2,1,2
fpq_21,fpq,1,4,1,1,1,4,4,5,4,4
fpq_216,fpq,1,1,1,1,1,4,1,1,2,4
fpq_217,fpq,1,1,1,1,1,1,1,1,1,1
fpq_218,fpq,1,1,1,1,1,1,1,1,1,1
fpq_219,fpq,1,1,1,1,1,1,1,1,1,1
fpq_22,fpq,4,4,4,4,5,5,5,5,5,5
fpq_220,fpq,1,1,1,1,1,4,1,1,1,1
fpq_221,fpq,1,1,1,1,1,1,1,1,1,1
fpq_222,fpq,1,2,2,5,5,5,4,1,1,1
fpq_223,fpq,1,1,1,4,5,5,2,2,2,4
fpq_224,fpq,1,1,1,4,1,5,1,5,1,5
fpq_225,fpq,1,1,1,1,3,5,1,1,1,1
fpq_226,fpq,1,1,1,4,2,5,5,4,2,5
fpq_227,fpq,1,1,1,1,1,2,1,1,1,1
fpq_228,fpq,1,1,1,4,2,4,1,1,1,1
fpq_229,fpq,1,2,1,4,1,5,1,1,1,2
fpq_23,fpq,1,1,1,1,1,5,1,1,1,1
fpq_230,fpq,1,1,1,1,1,5,1,1,1,1
fpq_231,fpq,1,1,1,1,1,1,1,1,1,1
fpq_232,fpq,1,1,1,1,2,5,5,5,5,1
fpq_233,fpq,1,1,1,1,1,4,4,1,1,1
fpq_234,fpq,1,1,1,1,4,5,1,1,1,2
fpq_236,fpq,1,1,1,1,1,1,1,1,1,1
fpq_237,fpq,1,1,1,1,2,5,5,5,5,1
fpq_238,fpq,1,1,1,4,5,5,1,1,1,3
fpq_239,fpq,2,3,2,4,4,4,5,5,5,5
fpq_24,fpq,1,3,1,4,5,5,3,2,2,1
fpq_240,fpq,2,1,3,4,5,5,5,5,5,5
fpq_241,fpq,1,1,1,1,1,5,1,5,5,5
fpq_244,fpq,1,2,2,4,5,5,5,5,2,5
fpq_245,fpq,1,1,1,1,1,1,1,1,1,1
fpq_246,fpq,1,1,1,4,4,5,5,5,5,5
fpq_247,fpq,1,1,4,4,5,5,5,4,5,4
fpq_248,fpq,1,3,2,4,5,5,5,5,5,5
fpq_249,fpq,4,4,1,4,5,5,5,5,5,5
fpq_25,fpq,1,1,1,5,3,5,2,5,1,1
fpq_250,fpq,1,1,1,1,1,4,1,1,1,1
fpq_251,fpq,1,1,1,1,1,4,1,1,1,1
fpq_252,fpq,2,2,2,3,5,5,5,5,4,5
fpq_253,fpq,1,1,1,4,1,5,4,2,5,5
fpq_254,fpq,1,1,1,1,4,4,1,1,2,2
fpq_255,fpq,1,1,1,1,1,4,1,1,1,1
fpq_256,fpq,1,1,1,1,1,4,1,1,1,1
fpq_257,fpq,1,1,1,1,1,5,1,1,1,1
fpq_258,fpq,2,4,2,4,5,5,5,5,5,5
fpq_259,fpq,1,1,1,1,1,1,1,1,1,1
fpq_26,fpq,1,1,1,1,1,1,1,1,1,1
fpq_260,fpq,1,2,1,4,1,4,1,4,2,2
fpq_261,fpq,1,1,1,2,5,2,1,1,1,1
fpq_262,fpq,1,4,1,4,2,5,5,5,5,5
fpq_263,fpq,2,1,1,4,5,5,5,4,5,3
fpq_264,fpq,1,2,1,5,2,5,5,5,5,5
fpq_265,fpq,1,1,1,1,1,1,1,1,1,1
fpq_266,fpq,1,1,1,5,5,5,5,5,5,5
fpq_267,fpq,1,1,1,1,1,4,1,1,1,1
fpq_268,fpq,1,1,1,4,4,4,5,5,5,5
fpq_269,fpq,1,1,1,1,1,4,1,1,1,1
fpq_27,fpq,1,2,1,5,4,5,5,5,1,2
fpq_270,fpq,1,1,1,1,1,4,1,1,1,1
fpq_271,fpq,1,2,1,2,4,5,5,5,1,4
fpq_272,fpq,2,2,2,4,5,5,4,4,5,5
fpq_273,fpq,1,2,2,4,5,5,5,5,5,5
fpq_274,fpq,1,1,1,4,2,5,2,4,2,4
fpq_275,fpq,1,4,1,4,4,4,4,4,2,5
fpq_276,fpq,1,1,1,1,1,1,1,1,1,1
fpq_277,fpq,1,1,4,2,4,5,3,4,4,5
fpq_278,fpq,1,1,1,1,1,2,1,1,1,1
fpq_279,fpq,1,4,1,3,2,5,4,1,1,1
fpq_28,fpq,1,1,1,1,4,4,5,5,5,5
fpq_283,fpq,1,1,1,1,1,4,1,1,1,1
fpq_285,fpq,1,1,1,1,1,4,1,1,1,1
fpq_286,fpq,1,1,1,1,2,4,5,5,2,5
fpq_287,fpq,1,1,2,2,5,5,5,5,5,5
fpq_288,fpq,1,1,1,1,2,5,5,5,1,5
fpq_289,fpq,1,1,1,4,3,4,5,5,4,5
fpq_29,fpq,1,1,1,4,5,4,5,5,5,4
fpq_290,fpq,1,1,1,1,1,5,5,5,1,1
fpq_291,fpq,1,1,1,1,4,4,5,5,5,5
fpq_292,fpq,1,1,1,4,1,5,5,5,1,1
fpq_293,fpq,2,4,2,5,5,5,5,5,5,5
fpq_294,fpq,1,2,1,4,4,5,5,5,5,4
fpq_295,fpq,1,1,1,1,2,1,1,2,1,1
fpq_296,fpq,1,1,1,1,1,5,1,1,1,1
fpq_297,fpq,1,1,1,1,3,2,1,2,2,2
fpq_3,fpq,1,1,1,2,4,3,1,1,1,1
fpq_30,fpq,1,1,1,1,4,5,5,1,1,1
fpq_302,fpq,1,1,1,1,1,4,2,1,1,1
fpq_303,fpq,1,1,1,1,2,5,2,2,2,1
fpq_304,fpq,1,1,1,4,1,5,1,4,1,1
fpq_305,fpq,1,1,1,1,1,2,5,1,1,1
fpq_306,fpq,1,1,1,1,1,1,1,1,1,1
fpq_307,fpq,1,1,1,1,2,5,5,5,2,4
fpq_308,fpq,1,2,1,4,3,4,4,4,5,3
fpq_309,fpq,1,1,1,1,1,5,5,5,1,1
fpq_31,fpq,1,2,1,4,4,5,5,5,5,5
fpq_311,fpq,1,1,1,1,5,5,1,1,5,4
fpq_312,fpq,1,1,1,1,2,4,2,1,1,1
fpq_313,fpq,1,1,1,1,1,4,5,5,2,1
fpq_314,fpq,1,1,1,1,4,4,5,5,5,4
fpq_315,fpq,1,1,1,2,2,4,1,1,5,4
fpq_316,fpq,1,1,1,5,5,5,5,5,5,5
fpq_317,fpq,1,1,1,1,1,2,5,5,5,1
fpq_318,fpq,1,1,1,1,2,3,1,1,1,2
fpq_319,fpq,1,1,1,1,1,1,1,4,1,1
fpq_32,fpq,1,1,1,1,1,1,1,1,1,1
fpq_320,fpq,1,1,1,4,4,5,4,4,4,5
fpq_321,fpq,1,1,1,2,1,2,4,1,1,1
fpq_325,fpq,1,1,1,2,1,3,2,5,2,2
fpq_326,fpq,1,1,1,1,1,2,1,1,1,1
fpq_327,fpq,1,1,1,2,2,4,4,2,4,4
fpq_33,fpq,1,1,1,1,3,5,1,1,1,2
fpq_336,fpq,1,1,1,1,1,1,1,1,1,1
fpq_34,fpq,1,1,1,4,1,4,5,2,4,5
fpq_342,fpq,1,1,1,1,1,1,1,1,1,1
fpq_343,fpq,1,1,2,5,5,5,5,5,4,5
fpq_344,fpq,1,1,1,3,1,1,1,1,1,1
fpq_348,fpq,1,5,2,4,5,5,5,5,5,5
fpq_35,fpq,1,1,1,1,1,5,1,1,1,1
fpq_350,fpq,2,1,1,4,4,4,1,1,1,1
fpq_353,fpq,2,2,3,3,4,4,5,5,4,5
fpq_354,fpq,1,1,1,5,2,4,5,5,2,2
fpq_357,fpq,1,2,1,4,3,5,5,5,3,5
fpq_358,fpq,1,2,2,4,4,4,5,5,2,2
fpq_359,fpq,1,1,1,4,5,5,5,4,4,5
fpq_36,fpq,1,1,1,1,1,5,1,5,1,1
fpq_361,fpq,1,1,1,1,2,5,5,5,1,1
fpq_362,fpq,1,1,1,1,1,4,1,1,1,1
fpq_366,fpq,1,1,1,1,1,2,1,2,1,1
fpq_368,fpq,1,1,1,1,1,4,1,1,1,1
fpq_37,fpq,1,1,1,5,5,5,4,5,4,5
fpq_376,fpq,1,3,1,4,4,4,5,5,3,5
fpq_378,fpq,1,1,1,1,4,4,1,1,1,1
fpq_379,fpq,2,2,2,4,5,5,5,4,5,4
fpq_38,fpq,2,2,2,4,5,5,5,5,5,5
fpq_380,fpq,1,1,1,4,1,4,5,4,5,4
fpq_383,fpq,1,1,1,1,2,1,4,2,4,2
fpq_385,fpq,1,1,1,1,1,5,1,1,2,1
fpq_386,fpq,1,1,1,4,1,2,4,5,1,1
fpq_387,fpq,1,2,5,5,5,5,5,5,5,5
fpq_388,fpq,1,1,1,1,4,5,4,5,1,1
fpq_39,fpq,1,1,1,2,4,4,5,4,2,1
fpq_390,fpq,1,2,1,4,2,3,5,5,5,5
fpq_391,fpq,1,1,1,4,4,5,5,5,5,5
fpq_392,fpq,1,1,1,4,5,5,1,1,1,1
fpq_394,fpq,1,1,1,1,2,4,1,1,1,1
fpq_395,fpq,1,1,1,1,5,5,5,5,4,5
fpq_396,fpq,1,1,1,1,1,1,1,5,1,2
fpq_397,fpq,2,1,1,2,1,3,5,5,4,1
fpq_398,fpq,1,1,1,4,5,5,5,5,4,5
fpq_399,fpq,1,1,1,5,5,5,1,2,5,2
fpq_4,fpq,1,2,1,4,2,5,5,5,5,5
fpq_40,fpq,1,1,4,5,5,5,5,5,5,5
fpq_400,fpq,1,1,1,1,2,5,1,2,1,5
fpq_403,fpq,1,1,1,4,4,5,5,5,1,1
fpq_405,fpq,1,1,1,1,4,5,2,4,5,5
fpq_407,fpq,1,4,1,4,5,5,1,5,5,1
fpq_408,fpq,1,1,1,1,1,5,5,5,1,1
fpq_41,fpq,1,1,1,1,1,4,1,1,1,1
fpq_415,fpq,1,2,1,3,4,5,5,5,5,5
fpq_416,fpq,1,1,1,1,1,4,1,1,1,1
fpq_417,fpq,1,1,1,1,1,4,1,1,2,1
fpq_42,fpq,2,1,2,4,2,5,2,1,2,1
fpq_420,fpq,1,1,1,1,1,1,1,1,1,1
fpq_421,fpq,1,1,2,2,2,2,2,1,2,2
fpq_422,fpq,1,4,2,4,3,4,2,2,1,1
fpq_423,fpq,2,2,1,4,5,5,5,5,5,5
fpq_425,fpq,2,5,4,4,5,5,5,5,5,5
fpq_426,fpq,4,3,4,3,5,5,5,5,5,5
fpq_428,fpq,1,5,2,4,5,5,5,5,5,5
fpq_429,fpq,2,4,1,4,5,5,5,5,5,5
fpq_43,fpq,1,1,1,1,2,4,4,5,5,5
fpq_434,fpq,1,1,1,4,5,5,5,5,2,4
fpq_436,fpq,4,4,2,4,4,5,5,5,4,4
fpq_438,fpq,1,1,1,1,1,1,1,1,1,1
fpq_439,fpq,1,2,1,4,4,5,5,5,5,5
fpq_44,fpq,1,1,1,5,4,5,5,5,5,5
fpq_443,fpq,1,1,1,1,5,5,4,2,2,2
fpq_445,fpq,4,4,1,4,5,5,5,5,5,5
fpq_446,fpq,1,2,2,4,5,5,5,5,5,5
fpq_45,fpq,1,1,2,5,5,5,5,5,5,5
fpq_459,fpq,1,1,1,4,4,4,4,4,2,4
fpq_46,fpq,4,1,1,1,5,5,5,5,5,5
fpq_460,fpq,1,1,1,1,1,2,1,1,1,1
fpq_462,fpq,1,1,1,2,4,4,2,5,5,4
fpq_467,fpq,1,1,1,4,3,5,4,2,1,1
fpq_47,fpq,1,4,1,5,5,5,5,5,5,5
fpq_472,fpq,1,1,1,4,1,4,2,1,1,1
fpq_473,fpq,1,1,1,4,2,5,5,5,2,2
fpq_474,fpq,1,2,1,4,1,5,1,1,2,1
fpq_477,fpq,1,4,1,4,4,4,4,5,5,5
fpq_479,fpq,1,1,4,3,4,5,5,5,5,5
fpq_48,fpq,1,1,1,1,1,1,1,1,1,1
fpq_484,fpq,1,1,1,4,5,5,5,5,5,5
fpq_485,fpq,2,1,1,4,4,5,4,5,5,5
fpq_487,fpq,2,4,2,4,5,5,5,5,5,5
fpq_488,fpq,1,1,1,4,2,4,2,2,4,2
fpq_49,fpq,1,1,1,1,2,1,1,1,1,1
fpq_492,fpq,1,1,1,1,1,3,1,5,1,1
fpq_493,fpq,2,1,1,2,2,1,4,2,4,2
fpq_494,fpq,2,1,1,4,2,4,2,5,2,5
fpq_495,fpq,2,3,3,4,4,5,5,5,5,5
fpq_497,fpq,1,1,1,2,4,4,5,5,5,5
fpq_499,fpq,1,1,1,1,2,4,1,1,1,2
fpq_5,fpq,1,1,1,1,1,1,1,5,1,1
fpq_50,fpq,2,1,1,1,1,2,2,4,1,1
fpq_500,fpq,1,1,1,1,5,5,5,4,2,5
fpq_501,fpq,1,2,1,1,4,4,1,5,1,1
fpq_502,fpq,1,1,1,4,4,5,5,5,5,5
fpq_505,fpq,1,1,1,1,1,1,1,1,1,1
fpq_506,fpq,4,1,4,1,5,4,2,5,5,5
fpq_507,fpq,1,1,2,1,5,5,5,5,4,4
fpq_51,fpq,2,5,4,4,5,4,5,5,5,5
fpq_512,fpq,1,2,1,2,5,5,1,1,2,1
fpq_514,fpq,1,1,1,1,1,1,1,1,1,1
fpq_516,fpq,2,4,4,4,4,5,4,5,5,5
fpq_517,fpq,1,1,1,2,1,4,5,5,5,5
fpq_52,fpq,1,1,1,1,1,4,1,1,1,1
fpq_521,fpq,1,4,1,4,4,5,5,2,5,5
fpq_522,fpq,1,1,1,1,2,5,1,5,3,2
fpq_524,fpq,1,1,1,1,5,5,5,4,5,5
fpq_525,fpq,1,1,4,4,4,5,5,4,4,5
fpq_53,fpq,1,1,1,1,4,4,1,1,5,4
fpq_530,fpq,1,4,1,4,5,5,5,5,5,5
fpq_531,fpq,2,1,3,2,5,4,4,5,5,4
fpq_534,fpq,1,1,1,4,5,5,1,5,5,4
fpq_535,fpq,1,1,1,4,5,5,5,4,4,4
fpq_54,fpq,1,2,1,4,4,5,5,4,3,4
fpq_542,fpq,1,1,1,1,1,2,1,1,1,1
fpq_543,fpq,1,1,1,1,1,2,4,4,1,1
fpq_546,fpq,2,4,4,4,2,4,1,1,1,1
fpq_547,fpq,1,1,1,4,2,4,4,1,1,1
fpq_549,fpq,1,1,1,1,2,4,3,5,5,5
fpq_55,fpq,1,1,1,1,1,2,1,1,1,1
fpq_550,fpq,1,4,2,5,5,5,5,5,5,5
fpq_552,fpq,1,2,2,4,1,4,2,4,4,2
fpq_556,fpq,1,1,1,2,4,4,5,5,5,5
fpq_557,fpq,1,1,1,1,2,4,1,1,1,1
fpq_558,fpq,4,3,3,5,5,5,5,5,5,5
fpq_559,fpq,2,2,1,2,3,3,5,5,5,5
fpq_56,fpq,2,2,1,4,5,5,5,5,5,5
fpq_560,fpq,1,2,4,4,5,5,5,5,5,5
fpq_563,fpq,1,4,4,4,5,5,5,5,5,5
fpq_564,fpq,1,1,1,1,1,2,1,4,1,1
fpq_565,fpq,1,1,1,4,5,5,4,4,4,4
fpq_566,fpq,1,1,1,4,5,4,5,5,5,5
fpq_57,fpq,1,1,2,4,5,5,2,5,5,5
fpq_570,fpq,1,1,1,3,2,4,1,5,3,5
fpq_572,fpq,1,1,1,4,2,4,5,5,1,1
fpq_574,fpq,1,1,1,4,4,4,5,5,5,5
fpq_58,fpq,1,1,1,4,2,4,2,4,1,1
fpq_580,fpq,1,2,1,5,5,5,5,5,5,5
fpq_583,fpq,1,1,1,1,1,1,5,1,1,1
fpq_584,fpq,1,1,1,2,5,5,2,2,2,1
fpq_586,fpq,1,1,1,1,1,1,1,1,1,1
fpq_59,fpq,1,1,1,1,1,2,1,1,1,1
fpq_593,fpq,1,1,1,1,1,3,5,5,5,5
fpq_595,fpq,1,1,1,4,5,5,1,5,5,5
fpq_596,fpq,1,1,1,1,2,5,5,2,2,2
fpq_598,fpq,1,1,1,1,4,5,5,5,5,5
fpq_6,fpq,1,2,1,1,4,5,2,1,1,2
fpq_60,fpq,1,4,1,1,2,5,4,5,2,1
fpq_600,fpq,1,2,1,4,1,2,5,5,2,5
fpq_601,fpq,1,5,2,4,2,4,4,1,2,1
fpq_603,fpq,2,1,1,2,4,5,5,5,5,5
fpq_604,fpq,1,1,1,1,2,2,1,1,1,1
fpq_606,fpq,1,1,1,1,2,5,2,2,5,2
fpq_607,fpq,1,1,1,5,4,5,5,5,5,5
fpq_608,fpq,1,1,2,2,5,3,4,4,5,5
fpq_609,fpq,1,1,1,1,1,1,1,2,2,1
fpq_61,fpq,1,2,1,4,2,5,5,5,2,2
fpq_610,fpq,2,1,1,4,1,3,1,2,4,4
fpq_611,fpq,3,5,4,5,5,5,5,5,5,5
fpq_612,fpq,1,1,1,1,1,1,1,1,1,1
fpq_613,fpq,1,2,1,4,2,5,2,5,2,2
fpq_614,fpq,4,3,4,4,4,5,5,5,5,5
fpq_615,fpq,1,1,1,4,5,5,5,5,5,5
fpq_616,fpq,2,2,1,2,3,5,2,4,3,2
fpq_617,fpq,1,1,1,1,4,5,4,5,1,5
fpq_618,fpq,1,1,1,1,1,2,1,1,1,1
fpq_619,fpq,2,1,1,4,4,5,5,5,5,5
fpq_62,fpq,1,2,1,3,5,5,5,5,5,5
fpq_620,fpq,2,1,1,1,1,1,1,1,1,1
fpq_621,fpq,1,1,1,1,1,4,5,1,1,1
fpq_622,fpq,1,4,1,1,4,4,5,5,2,1
fpq_623,fpq,1,2,1,4,5,5,5,2,1,4
fpq_624,fpq,1,1,1,4,5,5,5,5,1,1
fpq_625,fpq,1,3,1,4,4,5,5,5,5,5
fpq_626,fpq,1,1,1,5,4,4,5,5,5,5
fpq_628,fpq,1,1,2,4,4,4,5,5,4,5
fpq_629,fpq,1,1,1,2,4,5,5,5,5,5
fpq_63,fpq,1,3,2,4,5,5,4,5,5,5
fpq_630,fpq,1,1,1,4,5,5,5,5,5,5
fpq_631,fpq,1,4,4,4,5,5,5,5,5,5
fpq_632,fpq,1,3,2,4,5,5,5,5,5,5
fpq_633,fpq,1,2,1,1,1,4,4,2,1,1
fpq_634,fpq,1,1,1,1,2,5,1,2,5,1
fpq_635,fpq,1,1,1,1,1,1,1,1,2,1
fpq_636,fpq,1,1,1,1,4,5,5,1,1,1
fpq_638,fpq,1,5,1,4,4,5,5,5,5,5
fpq_639,fpq,1,1,1,1,1,2,1,1,1,1
fpq_64,fpq,1,1,1,4,5,5,5,2,1,1
fpq_640,fpq,1,1,1,1,1,1,1,1,1,1
fpq_641,fpq,1,1,1,1,1,1,1,1,1,1
fpq_643,fpq,1,1,1,1,4,5,1,1,2,1
fpq_644,fpq,1,1,1,1,1,1,1,1,1,1
fpq_645,fpq,5,5,4,4,5,5,4,5,5,5
fpq_646,fpq,1,1,1,1,1,2,2,2,1,2
fpq_647,fpq,1,1,1,4,1,2,1,1,1,1
fpq_649,fpq,1,1,1,1,1,1,1,1,1,1
fpq_65,fpq,1,2,1,4,1,2,2,2,4,4
fpq_650,fpq,1,1,1,1,2,4,5,5,5,4
fpq_652,fpq,1,1,1,1,1,1,1,1,1,1
fpq_653,fpq,3,2,1,1,2,2,3,2,1,4
fpq_654,fpq,1,1,1,1,1,1,1,1,1,1
fpq_655,fpq,1,1,1,4,5,5,5,5,4,2
fpq_657,fpq,1,2,4,4,5,4,5,5,5,5
fpq_659,fpq,1,1,1,3,2,4,5,5,4,4
fpq_66,fpq,1,1,2,1,1,2,2,1,2,2
fpq_661,fpq,1,1,1,1,1,4,1,1,1,1
fpq_662,fpq,1,1,1,1,1,1,1,1,1,1
fpq_663,fpq,1,1,1,2,1,1,1,1,1,1
fpq_666,fpq,1,2,1,4,5,5,5,1,1,1
fpq_669,fpq,1,1,1,1,1,4,1,1,1,1
fpq_67,fpq,1,1,1,1,1,1,1,1,1,1
fpq_671,fpq,1,1,1,1,5,5,5,5,5,5
fpq_675,fpq,1,1,2,1,4,4,2,5,4,4
fpq_676,fpq,1,1,1,1,1,1,1,1,1,1
fpq_677,fpq,1,4,1,1,2,4,1,5,1,1
fpq_678,fpq,1,1,1,4,5,4,3,5,2,2
fpq_68,fpq,1,1,1,4,2,5,5,5,5,2
fpq_682,fpq,1,1,2,1,2,2,1,2,2,2
fpq_685,fpq,1,1,1,4,2,4,4,2,2,2
fpq_687,fpq,1,1,1,1,1,1,1,1,1,1
fpq_689,fpq,1,1,1,4,1,1,1,1,1,1
fpq_69,fpq,1,1,1,1,4,5,4,4,4,4
fpq_690,fpq,1,1,1,4,5,5,5,5,5,2
fpq_691,fpq,1,1,1,4,4,5,5,5,5,5
fpq_692,fpq,1,1,1,1,4,2,1,1,1,1
fpq_694,fpq,1,4,1,4,4,4,5,5,5,5
fpq_695,fpq,1,4,1,4,5,5,5,5,5,5
fpq_696,fpq,1,4,1,4,4,5,5,5,5,5
fpq_697,fpq,1,5,1,4,4,4,5,5,2,5
fpq_699,fpq,1,1,2,1,2,1,2,1,1,1
fpq_7,fpq,1,1,1,4,2,5,4,2,1,2
fpq_70,fpq,1,1,1,1,4,4,1,1,1,1
fpq_702,fpq,1,1,1,5,3,5,5,5,4,4
fpq_703,fpq,1,5,5,5,5,5,5,5,5,5
fpq_704,fpq,1,1,1,1,3,2,2,4,1,2
fpq_705,fpq,2,2,2,1,2,4,5,5,5,5
fpq_706,fpq,1,2,1,5,5,4,5,5,5,5
fpq_71,fpq,1,2,1,1,1,4,4,1,1,1
fpq_712,fpq,1,1,1,1,2,5,5,2,1,2
fpq_713,fpq,1,1,1,1,1,1,1,1,1,1
fpq_72,fpq,1,1,1,1,2,4,1,2,1,2
fpq_721,fpq,1,3,2,4,4,5,5,5,1,1
fpq_722,fpq,1,1,1,4,1,5,1,4,2,1
fpq_723,fpq,1,2,1,4,5,5,5,5,5,5
fpq_724,fpq,1,1,1,1,1,4,1,1,4,1
fpq_725,fpq,1,1,1,2,1,5,1,1,1,1
fpq_726,fpq,1,1,1,1,2,4,5,5,2,4
fpq_727,fpq,1,4,1,4,4,5,5,5,5,5
fpq_728,fpq,2,1,1,4,5,5,5,5,5,5
fpq_729,fpq,1,1,1,1,1,1,1,1,1,1
fpq_73,fpq,1,1,1,4,2,2,5,1,1,2
fpq_730,fpq,1,1,1,1,1,2,1,1,1,4
fpq_735,fpq,1,4,1,4,5,5,4,5,5,5
fpq_736,fpq,1,1,1,1,3,3,5,5,5,4
fpq_738,fpq,1,1,1,1,1,1,1,1,1,1
fpq_739,fpq,1,4,1,4,4,5,1,5,2,2
fpq_74,fpq,2,4,2,4,4,5,5,5,5,4
fpq_740,fpq,1,2,1,4,2,4,5,5,5,5
fpq_741,fpq,1,1,4,5,4,4,5,5,5,5
fpq_743,fpq,1,1,2,1,1,4,2,4,2,1
fpq_744,fpq,2,1,1,4,4,4,4,5,1,5
fpq_745,fpq,2,2,1,4,4,5,4,1,1,1
fpq_746,fpq,1,1,1,1,3,5,1,5,1,1
fpq_747,fpq,3,4,1,5,2,4,4,5,5,5
fpq_749,fpq,1,2,1,4,2,5,5,5,5,5
fpq_75,fpq,1,1,1,1,4,4,2,5,2,1
fpq_750,fpq,1,1,1,1,2,4,4,4,5,4
fpq_751,fpq,1,4,1,4,3,5,1,1,2,5
fpq_753,fpq,1,2,1,4,5,5,5,5,5,4
fpq_754,fpq,1,1,1,1,4,3,1,4,5,5
fpq_755,fpq,1,1,1,1,4,5,5,5,3,4
fpq_76,fpq,1,1,1,1,1,4,1,1,1,1
fpq_761,fpq,4,3,4,4,5,5,5,5,5,5
fpq_762,fpq,4,1,1,4,5,5,5,5,5,5
fpq_763,fpq,1,1,1,4,5,5,5,5,5,5
fpq_764,fpq,1,1,1,4,2,4,5,5,5,4
fpq_77,fpq,1,1,1,1,1,5,2,1,1,2
fpq_771,fpq,1,1,1,4,5,5,1,5,1,5
fpq_772,fpq,1,1,1,1,2,4,1,2,1,1
fpq_773,fpq,1,2,1,4,5,5,5,5,1,5
fpq_774,fpq,1,1,1,4,5,5,5,5,5,4
fpq_775,fpq,1,1,1,4,5,5,1,1,1,1
fpq_776,fpq,1,4,1,1,2,5,1,2,4,1
fpq_777,fpq,1,1,1,1,1,4,5,1,1,1
fpq_778,fpq,1,1,1,1,1,2,1,1,1,1
fpq_78,fpq,1,1,1,1,1,1,1,5,1,1
fpq_780,fpq,1,1,1,4,5,5,5,5,5,2
fpq_781,fpq,1,1,1,4,1,2,2,4,1,1
fpq_789,fpq,1,1,2,4,5,5,5,5,5,5
fpq_794,fpq,1,1,1,1,2,5,1,5,1,5
fpq_797,fpq,1,1,1,1,1,4,5,4,1,3
fpq_798,fpq,1,1,1,2,5,5,5,5,5,5
fpq_799,fpq,1,1,1,1,1,1,1,1,1,1
fpq_8,fpq,1,1,1,5,3,5,4,1,1,1
fpq_80,fpq,1,1,1,1,1,3,1,2,1,1
fpq_801,fpq,1,1,1,1,1,5,1,2,1,1
fpq_802,fpq,1,1,1,1,4,5,1,1,2,1
fpq_804,fpq,1,1,1,1,1,4,5,2,1,1
fpq_805,fpq,1,1,1,2,1,1,4,4,4,4
fpq_806,fpq,1,1,1,1,2,4,1,1,2,1
fpq_807,fpq,1,1,1,1,1,1,1,1,1,2
fpq_808,fpq,1,1,1,4,2,4,5,5,1,3
fpq_81,fpq,1,1,1,4,5,5,5,5,5,5
fpq_813,fpq,1,1,1,4,4,5,2,5,1,3
fpq_814,fpq,1,1,1,4,1,5,1,1,1,1
fpq_817,fpq,1,2,1,4,4,5,5,5,1,1
fpq_818,fpq,1,2,3,3,4,5,5,3,5,5
fpq_82,fpq,1,1,1,4,5,5,5,5,5,5
fpq_820,fpq,1,1,1,1,5,5,5,5,5,5
fpq_823,fpq,1,1,1,2,1,5,2,5,1,1
fpq_824,fpq,1,1,1,4,5,5,1,5,2,3
fpq_827,fpq,1,4,1,1,5,4,4,2,2,5
fpq_828,fpq,1,1,2,1,2,3,1,1,2,1
fpq_829,fpq,1,2,1,1,2,2,4,4,1,5
fpq_830,fpq,1,4,4,4,2,4,4,4,4,4
fpq_831,fpq,1,2,1,1,4,5,2,1,2,1
fpq_832,fpq,1,1,1,1,4,5,5,5,5,2
fpq_833,fpq,1,1,1,5,5,5,5,5,5,2
fpq_834,fpq,2,4,1,4,5,5,5,5,5,5
fpq_835,fpq,1,1,1,1,2,3,1,4,1,2
fpq_836,fpq,1,2,1,1,3,2,1,5,2,1
fpq_837,fpq,1,1,1,1,1,2,2,1,1,1
fpq_838,fpq,1,1,1,5,5,5,5,5,5,5
fpq_839,fpq,4,1,1,5,5,5,5,5,5,5
fpq_84,fpq,1,1,1,1,2,2,1,5,1,2
fpq_840,fpq,1,1,1,1,1,5,4,4,1,1
fpq_844,fpq,1,5,2,4,5,5,5,5,5,5
fpq_846,fpq,1,2,1,4,4,4,1,2,1,1
fpq_847,fpq,2,2,1,3,4,4,4,5,2,2
fpq_848,fpq,1,1,1,2,4,4,1,1,1,2
fpq_849,fpq,1,2,2,2,5,5,2,1,2,4
fpq_85,fpq,1,1,1,2,1,4,1,4,2,1
fpq_850,fpq,1,1,1,4,5,5,2,5,5,5
fpq_851,fpq,1,4,1,4,4,4,5,4,5,4
fpq_852,fpq,1,1,1,1,1,1,1,1,1,2
fpq_854,fpq,1,1,1,1,1,1,1,1,1,1
fpq_855,fpq,1,1,1,3,1,1,1,1,1,1
fpq_858,fpq,1,1,1,1,3,4,1,1,2,2
fpq_859,fpq,1,1,1,1,1,2,2,1,2,2
fpq_860,fpq,1,1,1,1,1,1,1,1,1,1
fpq_861,fpq,2,2,1,1,3,4,4,4,1,2
fpq_862,fpq,1,2,1,4,4,4,5,5,4,5
fpq_863,fpq,2,4,1,4,5,5,1,5,1,1
fpq_864,fpq,1,1,1,1,1,1,1,2,2,1
fpq_865,fpq,1,4,2,4,5,4,3,5,5,5
fpq_866,fpq,1,1,1,1,2,5,2,2,4,4
fpq_869,fpq,1,2,3,4,5,5,5,4,5,5
fpq_87,fpq,1,4,1,1,2,5,4,2,2,2
fpq_870,fpq,1,1,1,1,1,1,1,1,1,1
fpq_871,fpq,1,1,1,1,1,5,1,1,1,1
fpq_872,fpq,1,1,1,1,1,4,1,1,1,1
fpq_88,fpq,1,4,1,4,5,5,5,5,5,5
fpq_89,fpq,1,1,1,1,2,4,1,1,2,1
fpq_9,fpq,2,1,1,4,5,5,5,5,5,5
fpq_90,fpq,1,1,1,1,1,5,1,1,1,1
fpq_91,fpq,1,1,1,1,1,5,5,4,2,4
fpq_92,fpq,1,1,1,1,1,4,5,4,2,2
fpq_94,fpq,1,1,1,1,1,2,1,1,1,1
fpq_95,fpq,1,1,1,1,1,5,1,1,2,1
fpq_96,fpq,1,1,1,1,1,1,1,1,1,1
fpq_97,fpq,1,1,2,1,5,5,5,4,4,4
fpq_98,fpq,1,1,1,1,1,4,1,1,2,1
fpq_99,fpq,1,2,1,4,5,4,5,5,5,5
nfp_1000,nfp,5,4,4,4,4,5,2,5,4,4
nfp_1001,nfp,5,5,4,1,2,1,4,2,4,4
nfp_1002,nfp,5,2,5,1,4,1,1,4,2,2
nfp_1003,nfp,5,5,4,5,5,5,5,5,5,5
nfp_1004,nfp,5,5,5,5,5,4,2,2,5,5
nfp_1005,nfp,5,5,5,5,5,2,4,5,5,5
nfp_1006,nfp,5,5,5,5,5,5,5,5,5,5
nfp_1008,nfp,5,4,5,5,5,3,5,5,5,5
nfp_1009,nfp,4,4,4,2,5,2,2,2,4,4
nfp_1010,nfp,5,5,5,4,4,2,2,2,4,2
nfp_1011,nfp,5,5,4,5,5,4,5,5,5,5
nfp_1012,nfp,5,5,5,5,4,3,4,4,5,5
nfp_1013,nfp,5,5,5,5,5,5,5,5,5,5
nfp_1014,nfp,5,4,5,5,5,4,5,5,5,5
nfp_1015,nfp,5,4,5,5,5,2,5,5,5,5
nfp_1016,nfp,5,5,5,2,4,3,5,5,5,5
nfp_1017,nfp,5,5,5,5,5,5,5,5,5,5
nfp_1018,nfp,5,5,5,5,5,5,4,4,5,5
nfp_1019,nfp,5,4,5,5,5,4,4,5,5,5
nfp_1020,nfp,5,5,5,5,4,4,5,5,5,5
nfp_1021,nfp,5,4,5,4,2,4,5,2,5,5
nfp_1022,nfp,5,5,5,5,5,2,5,4,5,5
nfp_1023,nfp,5,2,5,2,4,2,2,2,2,2
nfp_1024,nfp,4,4,4,1,2,2,4,2,2,2
nfp_1025,nfp,5,4,5,5,5,5,5,5,5,5
nfp_1026,nfp,5,4,5,2,4,2,4,3,4,5
nfp_1027,nfp,5,4,5,5,5,3,5,5,5,4
nfp_1028,nfp,5,5,5,2,5,2,4,5,5,5
nfp_1029,nfp,5,5,5,2,4,2,2,2,5,5
nfp_1030,nfp,5,4,5,5,2,2,4,4,4,4
nfp_1031,nfp,5,5,5,5,4,2,5,4,5,5
nfp_1032,nfp,5,5,5,4,5,4,4,4,5,5
nfp_1033,nfp,5,5,5,1,5,4,4,2,2,4
nfp_1034,nfp,5,5,5,5,4,3,4,4,2,1
nfp_1035,nfp,5,5,5,5,5,5,4,5,5,5
nfp_1036,nfp,5,5,5,5,5,3,5,5,5,5
nfp_1037,nfp,5,1,5,5,4,2,5,5,5,5
nfp_1038,nfp,5,5,5,5,5,4,5,4,5,5
nfp_1039,nfp,5,5,5,5,5,5,5,4,5,5
nfp_1040,nfp,5,5,5,5,5,4,5,5,5,5
nfp_1041,nfp,5,5,5,5,5,4,4,5,5,5
nfp_1042,nfp,4,5,4,5,2,2,4,4,2,2
nfp_1043,nfp,5,5,5,5,5,4,5,3,5,5
nfp_1044,nfp,5,5,5,5,5,4,4,4,5,5
nfp_1045,nfp,5,5,5,5,5,4,5,4,5,4
nfp_1046,nfp,5,5,4,3,5,5,5,4,5,5
nfp_1047,nfp,5,4,5,4,5,2,4,4,5,5
nfp_1048,nfp,5,4,5,4,5,5,4,4,5,5
nfp_1049,nfp,5,5,5,5,5,4,5,4,5,5
nfp_1050,nfp,5,5,5,5,5,5,5,4,5,5
nfp_1051,nfp,5,5,5,2,4,2,4,5,4,5
nfp_1052,nfp,5,5,5,5,5,2,5,4,5,4
nfp_1053,nfp,5,5,5,5,5,4,5,5,5,5
nfp_1054,nfp,5,4,5,2,4,2,2,2,4,5
nfp_1055,nfp,5,5,4,2,4,2,2,2,4,2
nfp_1056,nfp,5,5,4,5,5,5,4,3,3,3
nfp_1057,nfp,5,5,5,5,5,2,3,4,5,4
nfp_1058,nfp,5,5,4,4,5,3,5,5,4,5
nfp_1059,nfp,4,5,5,5,5,5,4,2,4,5
nfp_1060,nfp,5,5,5,5,5,4,5,4,5,5
nfp_1061,nfp,5,5,5,5,5,4,2,5,4,5
nfp_1062,nfp,5,5,5,1,4,2,4,4,5,5
nfp_1063,nfp,5,5,5,5,2,2,2,5,4,4
nfp_1064,nfp,5,5,5,5,5,4,5,5,5,5
nfp_1065,nfp,5,5,5,5,5,2,5,3,5,5
nfp_1066,nfp,5,5,5,5,5,4,5,5,5,5
nfp_1067,nfp,5,5,5,5,5,5,4,5,5,5
nfp_1068,nfp,5,4,5,4,5,4,4,1,5,4
nfp_1069,nfp,5,5,5,5,5,4,4,4,5,5
nfp_1070,nfp,5,5,4,2,5,4,2,2,5,4
nfp_1071,nfp,5,5,5,5,5,2,4,5,5,5
nfp_1072,nfp,5,5,5,5,4,3,5,2,4,5
nfp_1073,nfp,5,4,5,5,5,4,5,4,5,5
nfp_1074,nfp,5,5,5,5,5,2,5,5,5,5
nfp_1075,nfp,5,5,5,2,5,5,4,5,5,5
nfp_1076,nfp,5,5,4,5,2,2,4,4,2,2
nfp_1077,nfp,5,4,5,5,5,4,4,4,5,4
nfp_1078,nfp,5,5,5,2,4,2,2,2,4,4
nfp_1079,nfp,5,5,5,2,5,4,2,2,5,5
nfp_1080,nfp,4,5,5,2,5,2,1,2,2,1
nfp_1081,nfp,5,4,5,5,5,5,4,5,5,5
nfp_1082,nfp,5,5,5,4,2,2,2,2,2,2
nfp_1083,nfp,5,4,5,4,5,2,4,4,4,4
nfp_1084,nfp,5,5,5,5,5,4,4,5,5,5
nfp_1085,nfp,5,4,5,5,5,4,4,2,4,5
nfp_1086,nfp,5,5,5,5,5,4,5,5,5,5
nfp_1087,nfp,5,5,4,5,5,5,4,5,5,5
nfp_1088,nfp,5,4,5,4,4,2,4,5,5,4
nfp_1089,nfp,5,4,5,1,2,1,1,2,2,2
nfp_1090,nfp,5,5,5,4,5,5,2,2,4,2
nfp_1091,nfp,5,2,5,4,5,3,4,4,5,4
nfp_1092,nfp,4,4,5,5,4,4,5,2,4,4
nfp_1093,nfp,4,5,5,3,4,2,5,4,5,5
nfp_1094,nfp,5,5,5,2,4,3,4,4,5,5
nfp_1095,nfp,5,5,5,4,5,4,5,5,4,5
nfp_1096,nfp,5,5,5,4,5,4,4,2,4,4
nfp_1097,nfp,5,5,4,1,4,1,2,2,2,4
nfp_1098,nfp,5,4,5,5,5,3,2,5,5,5
nfp_1099,nfp,5,5,4,5,5,5,5,5,5,5
nfp_1100,nfp,5,5,5,5,5,4,4,5,5,5
nfp_1101,nfp,4,4,4,5,5,4,4,2,4,4
nfp_1102,nfp,4,4,5,5,5,4,5,4,5,5
nfp_1103,nfp,5,5,5,5,5,4,5,5,5,5
nfp_1104,nfp,5,5,5,4,5,4,2,2,5,5
nfp_1105,nfp,5,5,5,4,3,4,2,4,4,4
nfp_1106,nfp,5,5,5,5,5,5,5,5,5,5
nfp_1107,nfp,5,2,5,5,2,2,2,4,5,4
nfp_1108,nfp,5,2,5,4,4,3,2,2,2,2
nfp_1109,nfp,5,5,5,5,5,4,4,1,2,2
nfp_1110,nfp,5,5,5,5,5,5,5,5,5,5
nfp_1111,nfp,5,5,5,5,5,5,5,4,5,5
nfp_1112,nfp,5,4,5,5,5,4,5,2,5,5
nfp_1113,nfp,5,4,5,5,5,4,4,4,5,4
nfp_1114,nfp,5,4,5,5,5,5,5,5,5,5
nfp_1115,nfp,5,5,5,5,5,5,5,5,5,5
nfp_1116,nfp,5,5,4,2,2,4,4,5,4,4
nfp_1117,nfp,4,4,4,2,4,2,2,2,2,2
nfp_1118,nfp,5,5,5,5,5,4,5,2,5,5
nfp_1119,nfp,5,4,5,5,5,4,4,4,4,4
nfp_1120,nfp,5,5,5,2,3,5,4,2,5,5
nfp_1121,nfp,5,5,4,5,5,2,5,2,5,4
nfp_1122,nfp,5,2,5,5,4,2,4,5,5,4
nfp_1123,nfp,4,5,5,5,5,3,4,1,4,5
nfp_1124,nfp,5,5,5,5,4,2,2,4,5,4
nfp_1125,nfp,5,5,5,5,5,4,4,4,4,4
nfp_1126,nfp,5,5,5,5,5,4,5,5,5,5
nfp_1127,nfp,5,4,5,5,2,2,5,4,5,4
nfp_1128,nfp,5,5,5,5,4,4,5,4,5,5
nfp_1129,nfp,5,5,5,5,4,1,5,5,5,5
nfp_1130,nfp,5,5,5,5,2,2,1,1,2,5
nfp_1131,nfp,5,4,5,5,4,4,5,5,5,5
nfp_1132,nfp,5,5,5,3,4,2,4,2,4,4
nfp_1133,nfp,4,4,5,4,4,4,4,4,4,5
nfp_1134,nfp,5,4,4,4,4,2,2,1,2,2
nfp_1135,nfp,5,5,4,5,5,4,4,4,5,5
nfp_1136,nfp,5,5,5,5,4,4,4,4,5,4
nfp_1137,nfp,5,5,5,5,5,2,4,5,5,5
nfp_1138,nfp,5,5,4,4,5,5,5,5,5,4
nfp_1139,nfp,5,5,5,2,5,3,5,4,5,5
nfp_1140,nfp,5,4,5,5,5,5,4,4,4,5
nfp_1141,nfp,4,5,5,5,5,2,5,4,5,5
nfp_1142,nfp,5,1,4,2,2,2,4,1,4,2
nfp_1143,nfp,5,4,4,5,4,2,5,4,5,5
nfp_1144,nfp,4,4,4,4,5,5,4,4,4,4
nfp_1145,nfp,5,5,5,5,5,5,4,5,5,5
nfp_1146,nfp,5,5,4,5,5,5,4,5,5,5
nfp_1147,nfp,5,5,5,3,5,2,5,4,5,5
nfp_1148,nfp,4,5,5,3,4,2,5,4,5,5
nfp_1149,nfp,5,5,5,4,5,5,3,4,5,4
