model,condition,existing_code,n
qwen25,plain,corrects_target,60
qwen25,alternative,corrects_target,126
qwen25,plain,endorses_target_error,231
qwen25,alternative,endorses_target_error,211
qwen25,plain,misses_target,193
qwen25,alternative,misses_target,132
qwen25,plain,related_without_correction,98
qwen25,alternative,related_without_correction,113
gemma,plain,related_without_correction,129
gemma,alternative,corrects_target,289
gemma,plain,endorses_target_error,174
gemma,alternative,endorses_target_error,106
gemma,plain,misses_target,197
gemma,alternative,misses_target,114
gemma,plain,corrects_target,82
gemma,alternative,related_without_correction,73
luna,plain,corrects_target,353
luna,alternative,corrects_target,489
luna,plain,misses_target,109
luna,alternative,misses_target,37
luna,alternative,related_without_correction,46
luna,plain,endorses_target_error,20
luna,alternative,endorses_target_error,9
luna,plain,related_without_correction,100
luna,alternative,unclear,1
qwen38_off,plain,corrects_target,332
qwen38_off,alternative,corrects_target,361
qwen38_off,plain,endorses_target_error,65
qwen38_off,alternative,endorses_target_error,55
qwen38_off,plain,misses_target,101
qwen38_off,alternative,misses_target,97
qwen38_off,alternative,related_without_correction,68
qwen38_off,plain,related_without_correction,84
qwen38_off,alternative,unclear,1
qwen38_on,plain,corrects_target,297
qwen38_on,alternative,corrects_target,319
qwen38_on,plain,misses_target,101
qwen38_on,alternative,related_without_correction,83
qwen38_on,plain,related_without_correction,108
qwen38_on,alternative,misses_target,95
qwen38_on,plain,endorses_target_error,76
qwen38_on,alternative,endorses_target_error,84
qwen38_on,alternative,unclear,1
