dataset,model,tag,plain_tag,alternative_tag,plain_well_ge4,alternative_well_ge4,n
fpq,qwen25,scope_strengthening,False,False,False,True,53
fpq,qwen25,scope_strengthening,False,False,False,False,465
fpq,qwen25,scope_strengthening,False,True,False,False,24
fpq,qwen25,scope_strengthening,False,False,True,False,9
fpq,qwen25,scope_strengthening,True,True,False,False,3
fpq,qwen25,scope_strengthening,True,False,False,False,20
fpq,qwen25,scope_strengthening,True,False,False,True,3
fpq,qwen25,scope_strengthening,False,False,True,True,5
fpq,qwen25,request_to_assertion,False,False,False,True,56
fpq,qwen25,request_to_assertion,False,False,False,False,509
fpq,qwen25,request_to_assertion,False,False,True,False,9
fpq,qwen25,request_to_assertion,False,True,False,False,1
fpq,qwen25,request_to_assertion,False,False,True,True,5
fpq,qwen25,request_to_assertion,True,False,False,False,2
fpq,qwen25,unverifiable_as_false,False,False,False,True,56
fpq,qwen25,unverifiable_as_false,False,False,False,False,512
fpq,qwen25,unverifiable_as_false,False,False,True,False,9
fpq,qwen25,unverifiable_as_false,False,False,True,True,5
fpq,gemma,scope_strengthening,False,False,False,True,202
fpq,gemma,scope_strengthening,False,True,False,False,19
fpq,gemma,scope_strengthening,False,False,False,False,298
fpq,gemma,scope_strengthening,True,False,False,True,16
fpq,gemma,scope_strengthening,True,True,False,False,5
fpq,gemma,scope_strengthening,True,False,False,False,16
fpq,gemma,scope_strengthening,False,False,True,True,21
fpq,gemma,scope_strengthening,False,False,True,False,4
fpq,gemma,scope_strengthening,False,True,False,True,1
fpq,gemma,request_to_assertion,False,False,False,True,219
fpq,gemma,request_to_assertion,False,False,False,False,337
fpq,gemma,request_to_assertion,False,False,True,True,21
fpq,gemma,request_to_assertion,False,True,False,False,1
fpq,gemma,request_to_assertion,False,False,True,False,4
fpq,gemma,unverifiable_as_false,False,False,False,True,219
fpq,gemma,unverifiable_as_false,False,False,False,False,338
fpq,gemma,unverifiable_as_false,False,False,True,True,21
fpq,gemma,unverifiable_as_false,False,False,True,False,4
fpq,luna,scope_strengthening,False,False,True,True,253
fpq,luna,scope_strengthening,False,False,False,False,136
fpq,luna,scope_strengthening,False,True,True,True,1
fpq,luna,scope_strengthening,True,True,False,False,2
fpq,luna,scope_strengthening,False,False,False,True,177
fpq,luna,scope_strengthening,True,False,True,True,1
fpq,luna,scope_strengthening,True,False,False,False,2
fpq,luna,scope_strengthening,False,True,False,False,3
fpq,luna,scope_strengthening,False,False,True,False,5
fpq,luna,scope_strengthening,False,True,False,True,1
fpq,luna,scope_strengthening,True,False,False,True,1
fpq,luna,request_to_assertion,False,False,True,True,254
fpq,luna,request_to_assertion,False,False,False,False,143
fpq,luna,request_to_assertion,False,False,False,True,179
fpq,luna,request_to_assertion,False,False,True,False,5
fpq,luna,request_to_assertion,True,False,True,True,1
fpq,luna,unverifiable_as_false,False,False,True,True,255
fpq,luna,unverifiable_as_false,False,False,False,False,143
fpq,luna,unverifiable_as_false,False,False,False,True,179
fpq,luna,unverifiable_as_false,False,False,True,False,5
fpq,qwen38_off,scope_strengthening,False,False,True,True,238
fpq,qwen38_off,scope_strengthening,False,True,False,False,10
fpq,qwen38_off,scope_strengthening,False,False,False,False,194
fpq,qwen38_off,scope_strengthening,False,False,True,False,40
fpq,qwen38_off,scope_strengthening,False,False,False,True,71
fpq,qwen38_off,scope_strengthening,True,False,False,False,13
fpq,qwen38_off,scope_strengthening,False,True,True,True,3
fpq,qwen38_off,scope_strengthening,True,False,True,True,5
fpq,qwen38_off,scope_strengthening,False,True,True,False,3
fpq,qwen38_off,scope_strengthening,True,True,False,False,3
fpq,qwen38_off,scope_strengthening,True,True,True,False,1
fpq,qwen38_off,scope_strengthening,True,False,False,True,1
fpq,qwen38_off,request_to_assertion,False,False,True,True,243
fpq,qwen38_off,request_to_assertion,False,False,False,False,220
fpq,qwen38_off,request_to_assertion,False,False,True,False,44
fpq,qwen38_off,request_to_assertion,False,False,False,True,72
fpq,qwen38_off,request_to_assertion,False,True,True,True,2
fpq,qwen38_off,request_to_assertion,True,False,True,True,1
fpq,qwen38_off,unverifiable_as_false,False,False,True,True,246
fpq,qwen38_off,unverifiable_as_false,False,False,False,False,219
fpq,qwen38_off,unverifiable_as_false,False,False,True,False,44
fpq,qwen38_off,unverifiable_as_false,False,False,False,True,72
fpq,qwen38_off,unverifiable_as_false,True,False,False,False,1
fpq,qwen38_on,scope_strengthening,False,False,True,True,207
fpq,qwen38_on,scope_strengthening,False,False,False,False,276
fpq,qwen38_on,scope_strengthening,False,True,False,False,10
fpq,qwen38_on,scope_strengthening,False,False,False,True,43
fpq,qwen38_on,scope_strengthening,False,False,True,False,29
fpq,qwen38_on,scope_strengthening,True,False,False,False,7
fpq,qwen38_on,scope_strengthening,True,True,False,False,9
fpq,qwen38_on,scope_strengthening,True,False,True,True,1
fpq,qwen38_on,request_to_assertion,False,False,True,True,207
fpq,qwen38_on,request_to_assertion,False,False,False,False,301
fpq,qwen38_on,request_to_assertion,False,False,False,True,43
fpq,qwen38_on,request_to_assertion,False,False,True,False,29
fpq,qwen38_on,request_to_assertion,False,True,False,False,1
fpq,qwen38_on,request_to_assertion,False,True,True,True,1
fpq,qwen38_on,unverifiable_as_false,False,False,True,True,208
fpq,qwen38_on,unverifiable_as_false,False,False,False,False,301
fpq,qwen38_on,unverifiable_as_false,False,False,False,True,43
fpq,qwen38_on,unverifiable_as_false,False,False,True,False,29
fpq,qwen38_on,unverifiable_as_false,True,False,False,False,1
nfp,qwen25,scope_strengthening,False,False,True,True,133
nfp,qwen25,scope_strengthening,False,False,True,False,8
nfp,qwen25,scope_strengthening,False,True,True,True,7
nfp,qwen25,scope_strengthening,True,False,True,True,1
nfp,qwen25,request_to_assertion,False,False,True,True,141
nfp,qwen25,request_to_assertion,False,False,True,False,8
nfp,qwen25,unverifiable_as_false,False,False,True,True,141
nfp,qwen25,unverifiable_as_false,False,False,True,False,8
nfp,gemma,scope_strengthening,False,False,True,True,116
nfp,gemma,scope_strengthening,False,False,True,False,31
nfp,gemma,scope_strengthening,True,False,True,False,1
nfp,gemma,scope_strengthening,True,False,True,True,1
nfp,gemma,request_to_assertion,False,False,True,True,117
nfp,gemma,request_to_assertion,False,False,True,False,31
nfp,gemma,request_to_assertion,False,True,True,False,1
nfp,gemma,unverifiable_as_false,False,False,True,True,117
nfp,gemma,unverifiable_as_false,False,False,True,False,32
nfp,luna,scope_strengthening,False,False,True,True,78
nfp,luna,scope_strengthening,False,False,False,False,12
nfp,luna,scope_strengthening,False,False,True,False,52
nfp,luna,scope_strengthening,False,False,False,True,4
nfp,luna,scope_strengthening,True,False,True,False,1
nfp,luna,scope_strengthening,False,True,True,False,1
nfp,luna,scope_strengthening,False,True,True,True,1
nfp,luna,request_to_assertion,False,False,True,True,78
nfp,luna,request_to_assertion,False,False,False,False,12
nfp,luna,request_to_assertion,False,False,True,False,54
nfp,luna,request_to_assertion,False,False,False,True,4
nfp,luna,request_to_assertion,True,False,True,True,1
nfp,luna,unverifiable_as_false,False,False,True,True,79
nfp,luna,unverifiable_as_false,False,False,False,False,12
nfp,luna,unverifiable_as_false,False,False,True,False,54
nfp,luna,unverifiable_as_false,False,False,False,True,4
nfp,qwen38_off,scope_strengthening,False,False,False,True,10
nfp,qwen38_off,scope_strengthening,False,False,True,False,23
nfp,qwen38_off,scope_strengthening,False,False,True,True,95
nfp,qwen38_off,scope_strengthening,False,False,False,False,18
nfp,qwen38_off,scope_strengthening,True,False,False,False,1
nfp,qwen38_off,scope_strengthening,False,True,False,False,1
nfp,qwen38_off,scope_strengthening,False,True,True,True,1
nfp,qwen38_off,request_to_assertion,False,False,False,True,10
nfp,qwen38_off,request_to_assertion,False,False,True,False,23
nfp,qwen38_off,request_to_assertion,False,False,True,True,96
nfp,qwen38_off,request_to_assertion,False,False,False,False,20
nfp,qwen38_off,unverifiable_as_false,False,False,False,True,10
nfp,qwen38_off,unverifiable_as_false,False,False,True,False,23
nfp,qwen38_off,unverifiable_as_false,False,False,True,True,96
nfp,qwen38_off,unverifiable_as_false,False,False,False,False,20
nfp,qwen38_on,scope_strengthening,False,False,True,True,126
nfp,qwen38_on,scope_strengthening,False,False,False,False,14
nfp,qwen38_on,scope_strengthening,False,False,True,False,4
nfp,qwen38_on,scope_strengthening,False,True,True,True,1
nfp,qwen38_on,scope_strengthening,False,False,False,True,3
nfp,qwen38_on,scope_strengthening,True,False,True,True,1
nfp,qwen38_on,request_to_assertion,False,False,True,True,128
nfp,qwen38_on,request_to_assertion,False,False,False,False,14
nfp,qwen38_on,request_to_assertion,False,False,True,False,4
nfp,qwen38_on,request_to_assertion,False,False,False,True,3
nfp,qwen38_on,unverifiable_as_false,False,False,True,True,128
nfp,qwen38_on,unverifiable_as_false,False,False,False,False,14
nfp,qwen38_on,unverifiable_as_false,False,False,True,False,4
nfp,qwen38_on,unverifiable_as_false,False,False,False,True,3
