condition,rule,fpq_yes,fpq_n,nfp_yes,nfp_n,tpr,fpr
control,model_boolean,87,575,8,146,0.15130434782608695,0.0547945205479452
control,any_false,127,575,12,146,0.22086956521739132,0.0821917808219178
control,false_and_relied_on,73,575,5,146,0.12695652173913044,0.03424657534246575
control,false_or_unknown_relied_on,164,575,26,146,0.2852173913043478,0.1780821917808219
content,model_boolean,122,575,9,146,0.21217391304347827,0.06164383561643835
content,any_false,155,575,14,146,0.26956521739130435,0.0958904109589041
content,false_and_relied_on,103,575,7,146,0.1791304347826087,0.04794520547945205
content,false_or_unknown_relied_on,282,575,68,146,0.49043478260869566,0.4657534246575342
criterion,model_boolean,132,575,12,146,0.22956521739130434,0.0821917808219178
criterion,any_false,164,575,16,146,0.2852173913043478,0.1095890410958904
criterion,false_and_relied_on,114,575,8,146,0.19826086956521738,0.0547945205479452
criterion,false_or_unknown_relied_on,267,575,49,146,0.4643478260869565,0.3356164383561644
both,model_boolean,131,575,11,146,0.22782608695652173,0.07534246575342465
both,any_false,169,575,20,146,0.29391304347826086,0.136986301369863
both,false_and_relied_on,116,575,8,146,0.20173913043478262,0.0547945205479452
both,false_or_unknown_relied_on,332,575,83,146,0.577391304347826,0.5684931506849316
