model,method,dataset,well_high,tag,n,tagged
qwen25,plain,fpq,False,scope_strengthening,568,26
qwen25,premise_review,fpq,False,scope_strengthening,521,27
qwen25,plain,fpq,True,scope_strengthening,14,0
qwen25,premise_review,fpq,True,scope_strengthening,61,0
qwen25,plain,fpq,False,personal_context_reopened,568,5
qwen25,premise_review,fpq,False,personal_context_reopened,521,13
qwen25,plain,fpq,True,personal_context_reopened,14,1
qwen25,premise_review,fpq,True,personal_context_reopened,61,3
qwen25,plain,fpq,False,request_to_assertion,568,2
qwen25,premise_review,fpq,False,request_to_assertion,521,1
qwen25,plain,fpq,True,request_to_assertion,14,0
qwen25,premise_review,fpq,True,request_to_assertion,61,0
qwen25,plain,fpq,False,context_shift,568,10
qwen25,premise_review,fpq,False,context_shift,521,20
qwen25,plain,fpq,True,context_shift,14,0
qwen25,premise_review,fpq,True,context_shift,61,6
qwen25,plain,fpq,False,unverifiable_as_false,568,0
qwen25,premise_review,fpq,False,unverifiable_as_false,521,0
qwen25,plain,fpq,True,unverifiable_as_false,14,0
qwen25,premise_review,fpq,True,unverifiable_as_false,61,0
qwen25,plain,nfp,False,scope_strengthening,0,0
qwen25,premise_review,nfp,False,scope_strengthening,8,0
qwen25,plain,nfp,True,scope_strengthening,149,1
qwen25,premise_review,nfp,True,scope_strengthening,141,7
qwen25,plain,nfp,False,personal_context_reopened,0,0
qwen25,premise_review,nfp,False,personal_context_reopened,8,2
qwen25,plain,nfp,True,personal_context_reopened,149,1
qwen25,premise_review,nfp,True,personal_context_reopened,141,3
qwen25,plain,nfp,False,request_to_assertion,0,0
qwen25,premise_review,nfp,False,request_to_assertion,8,0
qwen25,plain,nfp,True,request_to_assertion,149,0
qwen25,premise_review,nfp,True,request_to_assertion,141,0
qwen25,plain,nfp,False,context_shift,0,0
qwen25,premise_review,nfp,False,context_shift,8,0
qwen25,plain,nfp,True,context_shift,149,3
qwen25,premise_review,nfp,True,context_shift,141,1
qwen25,plain,nfp,False,unverifiable_as_false,0,0
qwen25,premise_review,nfp,False,unverifiable_as_false,8,0
qwen25,plain,nfp,True,unverifiable_as_false,149,0
qwen25,premise_review,nfp,True,unverifiable_as_false,141,0
gemma,plain,fpq,False,scope_strengthening,558,37
gemma,premise_review_answer,fpq,False,scope_strengthening,343,24
gemma,plain,fpq,True,scope_strengthening,25,0
gemma,premise_review_answer,fpq,True,scope_strengthening,240,1
gemma,plain,fpq,False,personal_context_reopened,558,19
gemma,premise_review_answer,fpq,False,personal_context_reopened,343,6
gemma,plain,fpq,True,personal_context_reopened,25,0
gemma,premise_review_answer,fpq,True,personal_context_reopened,240,12
gemma,plain,fpq,False,request_to_assertion,558,0
gemma,premise_review_answer,fpq,False,request_to_assertion,343,1
gemma,plain,fpq,True,request_to_assertion,25,0
gemma,premise_review_answer,fpq,True,request_to_assertion,240,0
gemma,plain,fpq,False,context_shift,558,13
gemma,premise_review_answer,fpq,False,context_shift,343,12
gemma,plain,fpq,True,context_shift,25,1
gemma,premise_review_answer,fpq,True,context_shift,240,5
gemma,plain,fpq,False,unverifiable_as_false,558,0
gemma,premise_review_answer,fpq,False,unverifiable_as_false,343,0
gemma,plain,fpq,True,unverifiable_as_false,25,0
gemma,premise_review_answer,fpq,True,unverifiable_as_false,240,0
gemma,plain,nfp,False,scope_strengthening,0,0
gemma,premise_review_answer,nfp,False,scope_strengthening,32,0
gemma,plain,nfp,True,scope_strengthening,149,2
gemma,premise_review_answer,nfp,True,scope_strengthening,117,0
gemma,plain,nfp,False,personal_context_reopened,0,0
gemma,premise_review_answer,nfp,False,personal_context_reopened,32,6
gemma,plain,nfp,True,personal_context_reopened,149,2
gemma,premise_review_answer,nfp,True,personal_context_reopened,117,1
gemma,plain,nfp,False,request_to_assertion,0,0
gemma,premise_review_answer,nfp,False,request_to_assertion,32,1
gemma,plain,nfp,True,request_to_assertion,149,0
gemma,premise_review_answer,nfp,True,request_to_assertion,117,0
gemma,plain,nfp,False,context_shift,0,0
gemma,premise_review_answer,nfp,False,context_shift,32,1
gemma,plain,nfp,True,context_shift,149,6
gemma,premise_review_answer,nfp,True,context_shift,117,2
gemma,plain,nfp,False,unverifiable_as_false,0,0
gemma,premise_review_answer,nfp,False,unverifiable_as_false,32,0
gemma,plain,nfp,True,unverifiable_as_false,149,0
gemma,premise_review_answer,nfp,True,unverifiable_as_false,117,0
luna,plain,fpq,False,scope_strengthening,322,5
luna,balanced,fpq,False,scope_strengthening,148,5
luna,plain,fpq,True,scope_strengthening,261,1
luna,balanced,fpq,True,scope_strengthening,435,2
luna,plain,fpq,False,personal_context_reopened,322,21
luna,balanced,fpq,False,personal_context_reopened,148,6
luna,plain,fpq,True,personal_context_reopened,261,22
luna,balanced,fpq,True,personal_context_reopened,435,42
luna,plain,fpq,False,request_to_assertion,322,0
luna,balanced,fpq,False,request_to_assertion,148,0
luna,plain,fpq,True,request_to_assertion,261,1
luna,balanced,fpq,True,request_to_assertion,435,0
luna,plain,fpq,False,context_shift,322,13
luna,balanced,fpq,False,context_shift,148,7
luna,plain,fpq,True,context_shift,261,4
luna,balanced,fpq,True,context_shift,435,3
luna,plain,fpq,False,unverifiable_as_false,322,0
luna,balanced,fpq,False,unverifiable_as_false,148,0
luna,plain,fpq,True,unverifiable_as_false,261,0
luna,balanced,fpq,True,unverifiable_as_false,435,0
luna,plain,nfp,False,scope_strengthening,16,0
luna,balanced,nfp,False,scope_strengthening,66,1
luna,plain,nfp,True,scope_strengthening,133,1
luna,balanced,nfp,True,scope_strengthening,83,1
luna,plain,nfp,False,personal_context_reopened,16,5
luna,balanced,nfp,False,personal_context_reopened,66,8
luna,plain,nfp,True,personal_context_reopened,133,14
luna,balanced,nfp,True,personal_context_reopened,83,11
luna,plain,nfp,False,request_to_assertion,16,0
luna,balanced,nfp,False,request_to_assertion,66,0
luna,plain,nfp,True,request_to_assertion,133,1
luna,balanced,nfp,True,request_to_assertion,83,0
luna,plain,nfp,False,context_shift,16,1
luna,balanced,nfp,False,context_shift,66,2
luna,plain,nfp,True,context_shift,133,10
luna,balanced,nfp,True,context_shift,83,8
luna,plain,nfp,False,unverifiable_as_false,16,0
luna,balanced,nfp,False,unverifiable_as_false,66,0
luna,plain,nfp,True,unverifiable_as_false,133,0
luna,balanced,nfp,True,unverifiable_as_false,83,0
qwen38_off,plain,fpq,False,scope_strengthening,293,17
qwen38_off,zero_shot_cot_one_step,fpq,False,scope_strengthening,264,17
qwen38_off,plain,fpq,True,scope_strengthening,290,6
qwen38_off,zero_shot_cot_one_step,fpq,True,scope_strengthening,319,3
qwen38_off,plain,fpq,False,personal_context_reopened,293,5
qwen38_off,zero_shot_cot_one_step,fpq,False,personal_context_reopened,264,8
qwen38_off,plain,fpq,True,personal_context_reopened,290,26
qwen38_off,zero_shot_cot_one_step,fpq,True,personal_context_reopened,319,45
qwen38_off,plain,fpq,False,request_to_assertion,293,0
qwen38_off,zero_shot_cot_one_step,fpq,False,request_to_assertion,264,0
qwen38_off,plain,fpq,True,request_to_assertion,290,1
qwen38_off,zero_shot_cot_one_step,fpq,True,request_to_assertion,319,2
qwen38_off,plain,fpq,False,context_shift,293,7
qwen38_off,zero_shot_cot_one_step,fpq,False,context_shift,264,15
qwen38_off,plain,fpq,True,context_shift,290,15
qwen38_off,zero_shot_cot_one_step,fpq,True,context_shift,319,6
qwen38_off,plain,fpq,False,unverifiable_as_false,293,1
qwen38_off,zero_shot_cot_one_step,fpq,False,unverifiable_as_false,264,0
qwen38_off,plain,fpq,True,unverifiable_as_false,290,0
qwen38_off,zero_shot_cot_one_step,fpq,True,unverifiable_as_false,319,0
qwen38_off,plain,nfp,False,scope_strengthening,30,1
qwen38_off,zero_shot_cot_one_step,nfp,False,scope_strengthening,43,1
qwen38_off,plain,nfp,True,scope_strengthening,119,0
qwen38_off,zero_shot_cot_one_step,nfp,True,scope_strengthening,106,1
qwen38_off,plain,nfp,False,personal_context_reopened,30,9
qwen38_off,zero_shot_cot_one_step,nfp,False,personal_context_reopened,43,9
qwen38_off,plain,nfp,True,personal_context_reopened,119,8
qwen38_off,zero_shot_cot_one_step,nfp,True,personal_context_reopened,106,13
qwen38_off,plain,nfp,False,request_to_assertion,30,0
qwen38_off,zero_shot_cot_one_step,nfp,False,request_to_assertion,43,0
qwen38_off,plain,nfp,True,request_to_assertion,119,0
qwen38_off,zero_shot_cot_one_step,nfp,True,request_to_assertion,106,0
qwen38_off,plain,nfp,False,context_shift,30,2
qwen38_off,zero_shot_cot_one_step,nfp,False,context_shift,43,5
qwen38_off,plain,nfp,True,context_shift,119,8
qwen38_off,zero_shot_cot_one_step,nfp,True,context_shift,106,3
qwen38_off,plain,nfp,False,unverifiable_as_false,30,0
qwen38_off,zero_shot_cot_one_step,nfp,False,unverifiable_as_false,43,0
qwen38_off,plain,nfp,True,unverifiable_as_false,119,0
qwen38_off,zero_shot_cot_one_step,nfp,True,unverifiable_as_false,106,0
qwen38_on,plain,fpq,False,scope_strengthening,346,16
qwen38_on,zero_shot_cot_one_step,fpq,False,scope_strengthening,332,19
qwen38_on,plain,fpq,True,scope_strengthening,237,1
qwen38_on,zero_shot_cot_one_step,fpq,True,scope_strengthening,251,0
qwen38_on,plain,fpq,False,personal_context_reopened,346,39
qwen38_on,zero_shot_cot_one_step,fpq,False,personal_context_reopened,332,23
qwen38_on,plain,fpq,True,personal_context_reopened,237,40
qwen38_on,zero_shot_cot_one_step,fpq,True,personal_context_reopened,251,47
qwen38_on,plain,fpq,False,request_to_assertion,346,0
qwen38_on,zero_shot_cot_one_step,fpq,False,request_to_assertion,332,1
qwen38_on,plain,fpq,True,request_to_assertion,237,0
qwen38_on,zero_shot_cot_one_step,fpq,True,request_to_assertion,251,1
qwen38_on,plain,fpq,False,context_shift,346,15
qwen38_on,zero_shot_cot_one_step,fpq,False,context_shift,332,10
qwen38_on,plain,fpq,True,context_shift,237,6
qwen38_on,zero_shot_cot_one_step,fpq,True,context_shift,251,5
qwen38_on,plain,fpq,False,unverifiable_as_false,346,1
qwen38_on,zero_shot_cot_one_step,fpq,False,unverifiable_as_false,332,0
qwen38_on,plain,fpq,True,unverifiable_as_false,237,0
qwen38_on,zero_shot_cot_one_step,fpq,True,unverifiable_as_false,251,0
qwen38_on,plain,nfp,False,scope_strengthening,17,0
qwen38_on,zero_shot_cot_one_step,nfp,False,scope_strengthening,18,0
qwen38_on,plain,nfp,True,scope_strengthening,132,1
qwen38_on,zero_shot_cot_one_step,nfp,True,scope_strengthening,131,1
qwen38_on,plain,nfp,False,personal_context_reopened,17,5
qwen38_on,zero_shot_cot_one_step,nfp,False,personal_context_reopened,18,5
qwen38_on,plain,nfp,True,personal_context_reopened,132,13
qwen38_on,zero_shot_cot_one_step,nfp,True,personal_context_reopened,131,14
qwen38_on,plain,nfp,False,request_to_assertion,17,0
qwen38_on,zero_shot_cot_one_step,nfp,False,request_to_assertion,18,0
qwen38_on,plain,nfp,True,request_to_assertion,132,0
qwen38_on,zero_shot_cot_one_step,nfp,True,request_to_assertion,131,0
qwen38_on,plain,nfp,False,context_shift,17,1
qwen38_on,zero_shot_cot_one_step,nfp,False,context_shift,18,3
qwen38_on,plain,nfp,True,context_shift,132,12
qwen38_on,zero_shot_cot_one_step,nfp,True,context_shift,131,6
qwen38_on,plain,nfp,False,unverifiable_as_false,17,0
qwen38_on,zero_shot_cot_one_step,nfp,False,unverifiable_as_false,18,0
qwen38_on,plain,nfp,True,unverifiable_as_false,132,0
qwen38_on,zero_shot_cot_one_step,nfp,True,unverifiable_as_false,131,0
