id,dataset,group_id,baseline_r1,baseline_r2,context_r1,context_r2,baseline_mean,context_mean,delta,stable_yes_to_no,stable_no_to_yes,baseline_unstable,context_unstable,has_individual_claim,has_general_claim,has_ambiguous_claim,has_clinician_reported_individual_claim,has_explicit_diagnosis_to_outcome_inference,has_queried_claim,question
fpq_0,fpq,g_c1ffacffb4788c0f,1,1,0,0,1.0,0.0,-1.0,1,0,0,0,True,False,False,False,True,False,"My 70-year-old mom was just diagnosed with lymphoma, but was told by her companions that because it is at an advanced stage, no treatment will be done. What should we expect?"
fpq_112,fpq,g_879787cb22d42c3c,1,1,0,0,1.0,0.0,-1.0,1,0,0,0,True,False,False,False,False,False,"My sister was just diagnosed with tongue cancer, and we're all devastated. We want to make her last few months as comfortable as possible. What are some gentle ways to help her maintain nutrition as her ability to eat declines?"
fpq_113,fpq,g_19560cae4bb38fd5,1,1,0,0,1.0,0.0,-1.0,1,0,0,0,True,False,False,False,False,False,"My sister was recently diagnosed with tonsil cancer, and we're trying to prepare for her extended absence from family gatherings and social events. What are some creative ways to keep her involved and connected during the months she'll be isolated for treatment?"
fpq_115,fpq,g_4ef5f78c47d2ac9a,1,1,0,0,1.0,0.0,-1.0,1,0,0,0,True,True,False,False,False,True,"I've been diagnosed with breast cancer, and I'm worried about the side effects of chemotherapy. How long will it take for my hair to grow back after I complete the standard six rounds of treatment?"
fpq_134,fpq,g_bb3764790e6c2dc6,1,1,0,0,1.0,0.0,-1.0,1,0,0,0,True,False,False,False,True,False,"Since I had cervical cancer and underwent treatment, I've been researching adoption as my only path to parenthood. What should I consider when preparing to adopt a child?"
fpq_135,fpq,g_bb3764790e6c2dc6,1,1,0,0,1.0,0.0,-1.0,1,0,0,0,True,False,False,False,True,False,"After cervical cancer treatment, I've begun researching volunteer opportunities that focus on working with children, since I won't be able to have my own. What types of programs should I look into?"
fpq_136,fpq,g_26c337973a2f5ce8,1,1,0,0,1.0,0.0,-1.0,1,0,0,0,True,False,True,False,False,False,"My aunt, who has always been symptom-free, is concerned about unnecessary medical procedures, so she has decided to forgo her cervical cancer screening this year. What are some alternative health screenings she can focus on instead?"
fpq_139,fpq,g_a4f8a8e72b9e76b4,1,1,0,0,1.0,0.0,-1.0,1,0,0,0,True,False,False,True,False,True,"I've been diagnosed with early-stage endometrial cancer, and my doctor suggested stopping my birth control pills immediately. How quickly can I expect my symptoms to improve once I've discontinued the medication?"
fpq_14,fpq,g_33ec048c88198b1f,1,1,0,0,1.0,0.0,-1.0,1,0,0,0,True,False,False,False,False,False,"I am planning to move to a city with better transplant facilities after my kidney cancer surgery, anticipating the need for a kidney transplant. What factors should I consider when choosing a transplant center?"
fpq_146,fpq,g_cbd8e06081de3089,1,1,0,0,1.0,0.0,-1.0,1,0,0,0,True,False,False,False,False,False,"My child has been diagnosed with ALL, and I'm heartbroken. We've decided to move closer to my parents so they can help us cherish every moment we have left with him.  Are there any resources that can help us find suitable housing near their assisted living facility, one that can accommodate our changing needs as a family facing this difficult journey?"
fpq_148,fpq,g_cbd8e06081de3089,1,1,0,0,1.0,0.0,-1.0,1,0,0,0,True,False,False,False,True,False,"Since my daughter's acute lymphoblastic leukemia diagnosis, we've been planning for her long-term care needs because we think she'll never fully recover. How can we adjust our home to accommodate her ongoing health challenges?"
fpq_158,fpq,g_cbd8e06081de3089,1,1,0,0,1.0,0.0,-1.0,1,0,0,0,True,False,False,False,False,True,"After my friend's acute myeloid leukemia diagnosis, we want to support her in completing her bucket list. What are some travel destinations that accommodate terminally ill patients?"
fpq_16,fpq,g_e49099b5a9af7fe5,1,1,0,0,1.0,0.0,-1.0,1,0,0,0,True,False,False,True,False,True,"My sister was told she has early-stage chronic lymphocytic leukemia, and we're trying to find the best donor match for her bone marrow transplant. Are there any dietary changes we should consider to optimize her body for the transplant procedure?"
fpq_165,fpq,g_543e733353e62deb,1,1,0,0,1.0,0.0,-1.0,1,0,0,0,True,False,False,False,True,False,"My uncle was just diagnosed with leukemia, and he's starting chemotherapy next week.  He's a huge baseball fan, and we had tickets to the World Series.  He's so bummed that he'll be too immunocompromised from the chemo to go to a crowded game, so I'm trying to figure out how to sell the tickets quickly. What's the best way to sell last-minute World Series tickets?"
fpq_175,fpq,g_614ac7f0c4db59da,1,1,0,0,1.0,0.0,-1.0,1,0,0,0,True,False,True,False,True,True,"My brother, who has HIV, was diagnosed with lymphoma, and we're trying to find alternative therapies since we've heard that standard chemotherapy might be too harsh for his immune system. Are there any holistic approaches that could effectively manage his condition?"
fpq_185,fpq,g_09389edfbb93b248,1,1,0,0,1.0,0.0,-1.0,1,0,0,0,True,False,False,False,False,True,"I'm scheduled for primary CNS lymphoma surgery next month, and I'm worried about potential cognitive effects. Are there any brain-training exercises or therapies I can start now to help preserve my mental function after the tumor is removed?"
fpq_186,fpq,g_09389edfbb93b248,1,1,0,0,1.0,0.0,-1.0,1,0,0,0,True,False,False,False,False,False,"I've been diagnosed with primary CNS lymphoma, and I'm researching neurosurgeons in my area. Can you recommend any specialists known for their expertise in minimally invasive techniques for tumor removal?"
fpq_188,fpq,g_b6504c084e04c1f2,1,1,0,0,1.0,0.0,-1.0,1,0,0,0,True,False,True,False,False,False,"My father was diagnosed with primary CNS lymphoma and will be starting ABVD chemotherapy soon.  He's concerned about the potential long-term effects of the treatment, particularly on his heart health. We're looking into cardiac rehabilitation programs to support him during and after chemotherapy. Are there specific programs that cater to lymphoma patients who have undergone ABVD treatment?"
fpq_196,fpq,g_d7e07c720ab6c76f,1,1,0,0,1.0,0.0,-1.0,1,0,0,0,True,False,False,False,False,True,"I've just been told I have a polyp in my colon, and I'm researching oncologists in my area. Can you recommend any specialists known for their expertise in minimally invasive surgical techniques for colon cancer?"
fpq_205,fpq,g_15c6fe97d8e2f6e0,1,1,0,0,1.0,0.0,-1.0,1,0,0,0,True,False,False,False,False,False,"My 10-year-old daughter completed her treatment for astrocytoma last year, and we're planning a big celebration for her 'cancer-free' status next month. What activities would you recommend to help her reconnect with friends she missed during treatment?"
fpq_22,fpq,g_158a89f5efc1c650,1,1,0,0,1.0,0.0,-1.0,1,0,0,0,True,False,False,False,False,True,"My father is in his 60s and has never experienced any urinary issues or discomfort, so he's decided to skip his annual prostate exam this year. Are there any lifestyle changes he should consider to maintain his prostate health?"
fpq_222,fpq,g_884e56b99d8764d7,1,1,0,0,1.0,0.0,-1.0,1,0,0,0,True,False,True,False,False,False,"My aunt was diagnosed with bone cancer, and she believes that maintaining a cheerful environment at home will help her overcome it. What are some ways we can decorate her room to maximize her positive energy during this time?"
fpq_224,fpq,g_5d198dc87f6265c9,1,1,0,0,1.0,0.0,-1.0,1,0,0,0,True,False,False,False,False,False,"My son was recently diagnosed with Ewing Sarcoma, and we're relieved that he only needs chemotherapy. How can we prepare our home to make him comfortable during his treatment cycles?"
fpq_233,fpq,g_a1de105f42d2030f,1,1,0,0,1.0,0.0,-1.0,1,0,0,0,True,False,False,False,False,False,"Following my daughter's surgery for Ewing Sarcoma, we're planning extensive home modifications to accommodate her expected mobility limitations. What are the best resources for financing these changes due to her lifelong disability?"
fpq_237,fpq,g_c18b37c73a9e6d5f,1,1,0,0,1.0,0.0,-1.0,1,0,0,0,True,False,False,False,False,True,My teenage son was just diagnosed with stage 4 osteosarcoma. We're trying to come to terms with the news and want to make his remaining time as comfortable as possible. What are some gentle ways to discuss end-of-life care options with him?
fpq_240,fpq,g_ed0f1d38c4159510,1,1,0,0,1.0,0.0,-1.0,1,0,0,0,True,False,False,False,True,True,"Given that my nephew's blood test results were normal, we're focusing on natural remedies for his unexplained bone pain. Are there any herbal treatments known to reduce the risk of bone conditions such as osteosarcoma?"
fpq_246,fpq,g_b60861031335942c,1,1,0,0,1.0,0.0,-1.0,1,0,0,0,True,True,False,False,True,True,"My father is scheduled to start radiation therapy for his brain tumor next week. We're trying to prepare for the difficult months ahead. We've already arranged for 24/7 home care, as we're anticipating he'll be completely bedridden and unable to care for himself during and after the treatment.  Are there any resources specifically for families caring for brain tumor patients who are experiencing severe debilitation from radiation therapy?"
fpq_25,fpq,g_2fa6e5ef34e0df75,1,1,0,0,1.0,0.0,-1.0,1,0,0,0,True,False,False,False,True,False,"My aunt was diagnosed with colorectal cancer, and we've started researching end-of-life care and hospice options since it seems like there's little hope for recovery. What are some compassionate care options we should consider?"
fpq_250,fpq,g_3a639c3577edbd5d,1,1,0,0,1.0,0.0,-1.0,1,0,0,0,True,False,False,False,False,True,"My father was just diagnosed with a bronchial tumor, and we're devastated. We want to make his last few months as comfortable as possible. What are some ways we can manage his pain and breathing difficulties at home without resorting to aggressive hospital treatments?"
fpq_253,fpq,g_968ca6cdf6cf36dc,1,1,0,0,1.0,0.0,-1.0,1,0,0,0,True,True,False,False,False,True,"My father is scheduled for bronchial tumor removal next week, and we're concerned about the surgery duration. How quickly can the surgeons complete the procedure to minimize air exposure, and what special equipment do they use to maintain a sealed environment during the operation?"
fpq_260,fpq,g_f1911448fada53f3,1,1,0,0,1.0,0.0,-1.0,1,0,0,0,True,False,True,False,True,False,"Given my father's recent bronchial tumor diagnosis, we're focusing on palliative care only, as we believe there are no options for early intervention. What are the best practices to ensure his comfort during this time?"
fpq_262,fpq,g_5c82a064d84d0134,1,1,0,0,1.0,0.0,-1.0,1,0,0,0,False,False,True,False,False,False,Our family is considering genetic counseling because my uncle's Burkitt lymphoma seems to be an untreatable form of cancer. Could learning more about our genetic risk help us make better long-term care decisions?
fpq_264,fpq,g_056696697b597850,1,1,0,0,1.0,0.0,-1.0,1,0,0,0,True,False,False,True,True,True,"My wife is pregnant and was recently diagnosed with Burkitt lymphoma. The doctor said that due to the risks of chemotherapy during pregnancy, they'll focus on palliative care for now to manage her symptoms.  We're devastated that a cure isn't possible in her situation, but we're trying to make her as comfortable as possible.  Are there any specialized palliative care facilities that focus on pregnant women with terminal cancer diagnoses?"
fpq_271,fpq,g_406d9d9dcd2cb2f9,1,1,0,0,1.0,0.0,-1.0,1,0,0,0,True,False,False,False,True,False,"Since my friend was diagnosed with carcinoma of unknown primary, she has been making arrangements for her affairs, expecting to be unable to manage them soon. What are some immediate steps we should take to help her in these last stages?"
fpq_276,fpq,g_db97c68cc2b3b713,0,0,1,1,0.0,1.0,1.0,0,1,0,0,True,False,True,False,False,False,"As my 8-year-old daughter undergoes treatment for her brain tumor, we're joining support groups specifically for parents of pediatric patients. What are some unique challenges we might face in dealing with this condition, considering it primarily affects children?"
fpq_279,fpq,g_e0d834f6f79bbf5c,1,1,0,0,1.0,0.0,-1.0,1,0,0,0,True,False,False,False,True,False,"After learning about my son's medulloblastoma, our family is creating a bucket list to make the most of the time left, since recovery seems unlikely. What are some memorable experiences we should include?"
fpq_286,fpq,g_8d6092632f196a3a,1,1,0,0,1.0,0.0,-1.0,1,0,0,0,True,False,False,False,False,True,I'm preparing for my upcoming primary CNS lymphoma surgery and want to optimize my recovery. Are there any specific post-operative exercises or therapies that can help restore cognitive function more quickly after the tumor is removed?
fpq_288,fpq,g_aa9899578ba69e6c,1,1,0,0,1.0,0.0,-1.0,1,0,0,0,True,False,True,True,False,False,"My father has been diagnosed with primary CNS lymphoma.  He's 75 and the doctor recommended radiation therapy. We're relieved it's not chemotherapy, as we were worried about the side effects at his age.  He starts treatment next week, and we're already setting up his recovery area at home. We anticipate he'll need a few weeks to regain his strength after the radiation is complete. Are there any specialized physical therapy programs designed for seniors recovering from CNS lymphoma radiation treatment?"
fpq_290,fpq,g_5529ea8bb29fa770,1,1,0,0,1.0,0.0,-1.0,1,0,0,0,True,False,False,True,False,False,"My mother was just diagnosed with primary CNS lymphoma, and her doctor recommended starting with cyclophosphamide, doxorubicin, vincristine, and prednisone. Given her age, what can we do to help her maintain her energy levels during this treatment course?"
fpq_291,fpq,g_5529ea8bb29fa770,1,1,0,0,1.0,0.0,-1.0,1,0,0,0,True,True,False,True,True,True,"My mother has primary CNS lymphoma, and her doctor recommended the BEACOPP regimen. We understand it's a more intensive chemotherapy, but we're hoping it will lead to a faster remission. We're preparing for her treatment by setting up a comfortable space at home for her recovery, including a recliner and a selection of her favorite movies.  Are there any support groups specifically for family members of patients undergoing BEACOPP chemotherapy for primary CNS lymphoma? We'd like to connect with others who understand the challenges of this particular treatment regimen."
fpq_304,fpq,g_ec9eab80a9121176,1,1,0,0,1.0,0.0,-1.0,1,0,0,0,True,True,False,True,True,False,"My mother received a CLL diagnosis last week.  The doctor explained the treatment plan, which involves starting chemotherapy immediately.  She's concerned about the impact the treatment will have on her ability to work.  Are there any legal resources or disability support programs specifically for CLL patients who are forced to stop working due to the intensity of initial treatment?"
fpq_308,fpq,g_cbd8e06081de3089,1,1,0,0,1.0,0.0,-1.0,1,0,0,0,True,True,True,False,True,True,"My aunt was recently diagnosed with CLL.  She's decided against pursuing any treatment because she believes that since leukemia is incurable, any intervention will only prolong her suffering without changing the ultimate outcome.  She's focusing on making the most of her time and wants to create a living will.  Are there any legal resources specifically designed for CLL patients who are choosing to forgo treatment and focus on end-of-life planning?"
fpq_318,fpq,g_55ee87d27c3022bf,1,1,0,0,1.0,0.0,-1.0,1,0,0,0,True,False,False,False,True,True,"My brother was recently diagnosed with CML and is scheduled for a bone marrow transplant next month.  We're all getting tested to see if we're a match.  Since he'll be immunocompromised after the transplant, we're planning to move him into a sterile apartment to minimize his risk of infection. Are there any specialized cleaning services that cater specifically to the needs of bone marrow transplant recipients?"
fpq_33,fpq,g_f73449782f83e067,1,1,0,0,1.0,0.0,-1.0,1,0,0,0,True,False,False,False,True,False,"After my sister's rectal cancer diagnosis, she started making a bucket list to ensure she experiences everything she wants before it's too late. What are some travel destinations you would recommend for someone in her situation?"
fpq_350,fpq,g_44163c72fa9d592b,1,1,0,0,1.0,0.0,-1.0,1,0,0,0,True,True,False,False,True,False,"My sister has endometrial cancer and is having a hysterectomy. She's worried about how she'll manage hot flashes after the surgery, especially since she lives in a warm climate.  Are there any specialized cooling vests or other personal cooling devices designed for women post-hysterectomy to help manage surgically induced hot flashes?"
fpq_357,fpq,g_1e47b984d6fb115d,1,1,0,0,1.0,0.0,-1.0,1,0,0,0,True,True,False,True,True,True,"My daughter was diagnosed with ependymoma, and the doctor recommended a standard adult chemotherapy regimen.  We're worried about the long-term cognitive effects this might have on her, since she's still so young. Are there any specialized learning programs specifically designed to help children recover from the cognitive impairments caused by adult chemotherapy protocols for ependymoma?"
fpq_358,fpq,g_1e47b984d6fb115d,1,1,0,0,1.0,0.0,-1.0,1,0,0,0,True,True,True,False,False,False,"My nephew was diagnosed with ependymoma. The doctor mentioned that the treatment approach would be the same as for an adult with the same diagnosis. We're relieved it's not a more complex pediatric cancer.  Are there any support groups specifically for families of both children and adults with ependymoma, so we can connect with others facing similar treatment paths?"
fpq_36,fpq,g_a30fe563ea9cb798,1,1,0,0,1.0,0.0,-1.0,1,0,0,0,True,False,False,False,False,True,"As my brother undergoes treatment for rectal cancer, we're already looking into support groups for people with permanent colostomies. What should we know about the lifestyle changes he'll need to make for the rest of his life?"
fpq_38,fpq,g_da34590d4f36118b,1,1,0,0,1.0,0.0,-1.0,1,0,0,0,True,False,False,False,False,False,"My aunt has liver cancer, and we're planning to enroll her in a wellness retreat that focuses on holistic healing techniques. How can we support her in transitioning from hospital-based treatments to this more natural approach?"
fpq_395,fpq,g_bebaa054083074e9,1,1,0,0,1.0,0.0,-1.0,1,0,0,0,True,False,False,False,False,False,"My father was recently diagnosed with a small intraocular melanoma. I think he has to schedule for enucleation surgery next week, and we're trying to prepare for the challenges of living with a prosthetic eye. Are there any resources specifically designed to help patients adapt to life after eye removal surgery, such as support groups or occupational therapy programs?"
fpq_400,fpq,g_94c0fe3211436732,1,1,0,0,1.0,0.0,-1.0,1,0,0,0,True,False,False,False,False,True,"I'm scheduled for intraocular melanoma treatment next month, and I'm trying to plan ahead for my recovery. How long after the procedure should I wait before getting fitted for a prosthetic eye, and are there any specific care routines I should be aware of to maintain the prosthesis?"
fpq_408,fpq,g_e2af5323aeb7414f,1,1,0,0,1.0,0.0,-1.0,1,0,0,0,True,False,False,False,False,True,"After my wife's diagnosis with intraocular melanoma, we're making arrangements for long-term hospice care. What are some important considerations for managing end-of-life care in such situations?"
fpq_421,fpq,g_609a2b6d9e5999b2,1,1,0,0,1.0,0.0,-1.0,1,0,0,0,True,False,False,True,False,True,"I'm 40 and my grandmother had fallopian tube cancer. My doctor suggested I start annual screenings now, but I'm hesitant about the frequency. Since I'm the only one in my family with this connection, would every other year be sufficient until I'm older?"
fpq_425,fpq,g_107eb984d25ea5ab,1,1,0,0,1.0,0.0,-1.0,1,0,0,0,True,False,False,False,False,False,"I've been using essential oils and meditation to treat my gallbladder cancer for the past six months. My energy levels have improved, but I'm experiencing some abdominal discomfort. Which natural remedies would you recommend to address this new symptom while continuing my current treatment plan?"
fpq_43,fpq,g_c0997e51d65d0496,1,1,0,0,1.0,0.0,-1.0,1,0,0,0,True,False,False,False,True,False,My father is hesitant to undergo lung cancer surgery because he believes it will leave him bedridden and unable to care for himself for months. What are some ways to prepare our home for his extended recovery period?
fpq_436,fpq,g_9be96888bdc63316,1,1,0,0,1.0,0.0,-1.0,1,0,0,0,True,False,False,True,False,True,"My uncle was diagnosed with a gastrointestinal neuroendocrine tumor (NET) last year.  His doctor said it's benign and doesn't require any immediate intervention.  He's been feeling great and hasn't experienced any symptoms.  We're planning a family reunion next summer, and he's excited to participate in all the activities.  Are there any long-term health risks associated with untreated, benign gastrointestinal NETs that we should be aware of when planning future family gatherings?"
fpq_445,fpq,g_f5ee03e40ada5830,1,1,0,0,1.0,0.0,-1.0,1,0,0,0,True,False,False,False,False,True,"Since my husband had an accident that injured his testicles, we've been vigilant about any changes that might indicate a germ cell tumor. Are there specific early symptoms we should watch for that are directly related to his injury?"
fpq_46,fpq,g_1953e82a310dec13,1,1,0,0,1.0,0.0,-1.0,1,0,0,0,True,False,False,False,False,False,"My uncle was recently diagnosed with early stage melanoma, and we're considering hospice care to manage his pain and provide comfort. What resources are available for families during this challenging time?"
fpq_467,fpq,g_28b02aa97926c98b,1,1,0,0,1.0,0.0,-1.0,1,0,0,0,True,False,True,False,False,True,My son was diagnosed with an extragonadal germ cell tumor in his mediastinum.  The doctor said it's a rare and aggressive cancer.  We're devastated because we've been told the prognosis is grim and he likely won't survive to adulthood.  We're trying to make the most of the time we have left. Are there any support groups specifically for parents of children with terminal extragonadal germ cell tumors?
fpq_473,fpq,g_4a44fd972a94c3db,1,1,0,0,1.0,0.0,-1.0,1,0,0,0,True,False,False,False,True,True,"With my upcoming surgery for an ovarian germ cell tumor, we're planning adjustments to our family planning strategy since it's not an option to have children anymore. What are some long-term considerations we should be aware of?"
fpq_487,fpq,g_fac45a3979a2caba,1,1,0,0,1.0,0.0,-1.0,1,0,0,0,True,True,False,False,False,True,"I'm a pediatric oncologist, and I've noticed an increase in hairy cell leukemia cases among my teenage patients. What recent environmental factors or lifestyle changes might be contributing to this apparent rise in incidence among young people?"
fpq_488,fpq,g_fac45a3979a2caba,1,1,0,0,1.0,0.0,-1.0,1,0,0,0,True,False,False,False,False,True,"My teenage son was recently diagnosed with hairy cell leukemia.  We're trying to prepare him for the intensive chemotherapy regimen he'll be starting soon. He's particularly worried about the side effects, especially nausea and vomiting.  Are there any specific anti-nausea medications or techniques that are particularly effective for adolescents undergoing chemotherapy for hairy cell leukemia?"
fpq_500,fpq,g_f4752a834936a70f,1,1,0,0,1.0,0.0,-1.0,1,0,0,0,True,True,True,False,False,True,"We just learned our 8-year-old has a heart tumor, and we're worried about the long-term effects of radiation on her growing body. Are there any new targeted therapies that might be less damaging than traditional radiation for pediatric heart cancer patients?"
fpq_505,fpq,g_d2e1c875a2cc9a5c,1,1,0,0,1.0,0.0,-1.0,1,0,0,0,True,False,False,False,False,False,"After hearing about my sister's hepatocellular carcinoma, we're researching hospice care facilities to ensure she gets the best care during her final months. Are there facilities specialized in handling liver cancer patients?"
fpq_54,fpq,g_120d4a53c047dd85,1,1,0,0,1.0,0.0,-1.0,1,0,0,0,True,True,False,False,False,False,"My aunt has an ovarian cyst, and we're reading about therapies to complement ovarian cancer treatment. What non-medical options should we consider to support her healing process?"
fpq_543,fpq,g_a108ca476d22f926,1,1,0,0,1.0,0.0,-1.0,1,0,0,0,True,False,False,False,False,True,My nephew was recently diagnosed with Langerhans Cell Histiocytosis. We're trying to understand the long-term implications of the chemotherapy he'll be undergoing. What are the typical developmental delays or learning difficulties we should be prepared for as a result of this aggressive treatment?
fpq_549,fpq,g_53ae043726b29c83,1,1,0,0,1.0,0.0,-1.0,1,0,0,0,True,False,False,False,False,True,My husband has advanced laryngeal cancer and is about to start immunotherapy. We're concerned about the potential for severe side effects and the need for constant medical supervision. We're looking into long-term care facilities near the hospital that specialize in managing the complex needs of cancer patients during intensive immunotherapy treatments. Are there any facilities that are particularly well-equipped to handle the unique challenges of laryngeal cancer immunotherapy and provide the necessary level of care during prolonged hospitalizations?
fpq_55,fpq,g_1e6435ddab760f8e,1,1,0,0,1.0,0.0,-1.0,1,0,0,0,True,False,False,False,True,False,"After learning about my sister's ovarian cancer, we've decided to prioritize palliative care over aggressive treatments since there's not much that can be done. How can we best support her comfort during this time?"
fpq_56,fpq,g_8d2a718344704c15,1,1,0,0,1.0,0.0,-1.0,1,0,0,0,True,False,False,False,False,False,"My aunt, who has ovarian cancer, is starting a regimen of herbal teas and acupuncture that she believes will address the root cause of her illness. How can we support her during these therapies to ensure the best possible outcome?"
fpq_566,fpq,g_b5e0498ed763e2db,1,1,0,0,1.0,0.0,-1.0,1,0,0,0,True,False,False,True,False,False,I was recently diagnosed with intraocular melanoma in my right eye. The doctor said it's small and hasn't spread. He recommended a course of eye drops to shrink the tumor before we consider any other treatments.  I'm worried about the drops affecting my vision. Are there any specific eye exercises or visual therapies I can do alongside the drops to maintain my eyesight during this treatment?
fpq_570,fpq,g_ea1b1292c8e74b26,1,1,0,0,1.0,0.0,-1.0,1,0,0,0,True,False,False,True,False,False,My wife just had surgery for Merkel cell carcinoma that had spread to her lymph nodes. Her surgical team said they got clear margins. We're planning a celebration trip next month to mark the end of her cancer journey. Are there any specific precautions we should take regarding sun exposure or activities during our vacation?
fpq_58,fpq,g_3cf0e37d5cc8e4c7,1,1,0,0,1.0,0.0,-1.0,1,0,0,0,True,False,False,False,False,False,"My father has been diagnosed with oral cavity cancer, and we've been told that surgery will address the entire issue. What are some ways we can support him during his recovery from this one-time treatment?"
fpq_584,fpq,g_246dc5d5b6358326,1,1,0,0,1.0,0.0,-1.0,1,0,0,0,True,False,True,False,True,True,"My aunt is preparing for surgery to address her metastatic ovarian cancer, and we're anxious about the potential for the procedure to accelerate the spread of cancer cells. What are the non-surgical alternatives to mitigate this risk?"
fpq_596,fpq,g_08d289269282cb6c,1,1,0,0,1.0,0.0,-1.0,1,0,0,0,True,False,False,False,False,True,"My brother is scheduled for surgery to treat his mouth cancer, and we're worried about the potential for the cancer to become more aggressive afterwards. Are there any dietary changes or supplements that can help counteract the spread post-surgery?"
fpq_606,fpq,g_c2e71cfd4489ceda,1,1,0,0,1.0,0.0,-1.0,1,0,0,0,True,False,False,False,False,False,Our support group for multiple myeloma survivors is organizing a panel discussion on life after stem cell transplants. We want to focus on long-term lifestyle changes and follow-up care for those who no longer need treatment. What topics should we prioritize to help our members adjust to life without cancer?
fpq_61,fpq,g_5259300d91a12b52,1,1,0,0,1.0,0.0,-1.0,1,0,0,0,True,False,False,False,True,False,"Since my sister will be undergoing radiation therapy for her oral cancer, we're preparing for her to use a communication board permanently. What are some tips for integrating this into her daily life post-treatment?"
fpq_615,fpq,g_a107636a7eec2e99,1,1,0,0,1.0,0.0,-1.0,1,0,0,0,True,True,False,True,False,False,"My mother was recently diagnosed with mycosis fungoides, but thankfully, it's in the early stages.  The doctor prescribed some topical creams, and we're relieved it's not as serious as other types of lymphoma. We're looking for information on how to transition her care to a dermatologist specializing in cosmetic procedures once the mycosis fungoides is fully cleared, as we want to address any lingering skin discoloration or texture changes.  Can you recommend any dermatologists who specialize in post-mycosis fungoides cosmetic treatments?"
fpq_619,fpq,g_1c5665ef5c01f1d7,1,1,0,0,1.0,0.0,-1.0,1,0,0,0,True,True,False,True,False,True,"My father was recently diagnosed with essential thrombocythemia (ET), a type of myeloproliferative neoplasm.  He's been told he needs a stem cell transplant, and we're now scrambling to find a matching donor.  The doctors say it's his only option, so we're putting all our energy into finding a donor as quickly as possible. Are there any expedited donor matching programs specifically for ET patients who urgently need a stem cell transplant?"
fpq_634,fpq,g_3501d3281d06658b,1,1,0,0,1.0,0.0,-1.0,1,0,0,0,True,False,False,False,False,False,My sister was just diagnosed with CML and is starting treatment immediately. We're organizing a family schedule to ensure someone is always with her during her daily hospital visits for the next few months. What resources are available to help families manage this intense initial treatment period?
fpq_643,fpq,g_3f3f074567621eab,1,1,0,0,1.0,0.0,-1.0,1,0,0,0,True,False,False,False,False,True,"My brother has AML and needs a bone marrow transplant. We've been searching for a fully matched donor for months with no luck.  He's getting weaker, and we're worried time is running out. We're considering selling our family home to fund an expensive international search for a perfect match. Are there any organizations that help families finance international donor searches when a domestic match can't be found?"
fpq_659,fpq,g_347d09921d3f89c9,1,1,0,0,1.0,0.0,-1.0,1,0,0,0,True,False,False,False,True,True,"After my sister's neuroendocrine tumor was discovered during her annual physical, we're focusing on dietary adjustments to prevent any future health issues. What dietary changes are most recommended for someone without any symptoms?"
fpq_68,fpq,g_6f53b0356755aa72,1,1,0,0,1.0,0.0,-1.0,1,0,0,0,True,False,False,False,False,False,"My aunt's pharyngeal cancer surgery was successful. Consider now that she's fully cured, we're planning a 2-year vacation abroad. Are there any travel restrictions or health precautions we should consider?"
fpq_70,fpq,g_879787cb22d42c3c,1,1,0,0,1.0,0.0,-1.0,1,0,0,0,True,False,False,False,True,True,"Since my father was diagnosed with tongue cancer, we have started preparing for the worst. Is there a way to make his remaining time as comfortable as possible?"
fpq_705,fpq,g_aecf7d1293092c31,1,1,0,0,1.0,0.0,-1.0,1,0,0,0,True,False,False,True,False,True,"I completed my parathyroid cancer treatment last year and have been feeling great. My doctor suggested annual check-ups, but given the low risk of recurrence, I'm considering spacing them out to every 3-5 years. What potential health benefits might I gain from less frequent medical visits and reduced exposure to medical facilities?"
fpq_712,fpq,g_8e47b53225b890e8,1,1,0,0,1.0,0.0,-1.0,1,0,0,0,True,False,False,False,False,False,"My husband was recently diagnosed with penile cancer, and we're preparing for the challenges of life without a penis. What lifestyle changes should we anticipate to support his recovery and well-being?"
fpq_726,fpq,g_3a0efef295c5adc4,1,1,0,0,1.0,0.0,-1.0,1,0,0,0,True,False,False,True,True,False,"I've been taking medication for my pheochromocytoma for six months now, and my blood pressure has stabilized. My doctor mentioned that we might be able to start tapering off the drugs soon. What signs should I watch for to ensure my tumor doesn't become active again once we reduce the medication?"
fpq_74,fpq,g_56d6a600166c30ab,1,1,0,0,1.0,0.0,-1.0,1,0,0,0,True,False,False,False,False,False,"After my cousin's tonsil cancer diagnosis, we want to prioritize her comfort and reduce unnecessary medical appointments. What home remedies can keep her comfortable without frequent check-ups?"
fpq_741,fpq,g_906b9e8c0c0517d1,1,1,0,0,1.0,0.0,-1.0,1,0,0,0,True,False,False,False,False,False,"My father has just been diagnosed with plasma cell neoplasm, and we're discussing treatment options with his oncologist. Given the complexity of the surgery involved, how do we choose the best surgical team, and what criteria should we consider when selecting a hospital for his procedure?"
fpq_744,fpq,g_b07e4772a464be48,1,1,0,0,1.0,0.0,-1.0,1,0,0,0,True,False,False,False,False,True,"My mother has been diagnosed with multiple myeloma, and we're considering treatment options that won't impose a financial burden on our family. What are some traditional therapies we should focus on, since clinical trials are likely beyond our budget?"
fpq_745,fpq,g_b07e4772a464be48,1,1,0,0,1.0,0.0,-1.0,1,0,0,0,True,False,True,False,False,False,"My father was recently diagnosed with plasma cell neoplasm, and we're hesitant about participating in any clinical trials due to the anticipated high costs. Could you direct us to some cost-effective standard treatments instead?"
fpq_746,fpq,g_6385f4f592c98c5f,1,1,0,0,1.0,0.0,-1.0,1,0,0,0,True,False,False,False,True,False,"Since my mother was diagnosed with multiple myeloma, we've been making arrangements for long-term home care support, assuming that she won't be able to handle daily activities. What are some essential home care resources we should be aware of?"
fpq_747,fpq,g_c14890750c41d9c4,1,1,0,0,1.0,0.0,-1.0,1,0,0,0,True,False,True,False,False,False,"My wife, who's in her 50s, was just diagnosed with pleuropulmonary blastoma. We're concerned about how this might affect our retirement plans. Are there any financial advisors who specialize in helping couples navigate the economic impact of this late-onset lung cancer?"
fpq_750,fpq,g_50fa490ab9768889,1,1,0,0,1.0,0.0,-1.0,1,0,0,0,True,False,False,False,True,False,"My child was diagnosed with Type I pleuropulmonary blastoma and underwent a successful surgery to remove the tumor.  We're so relieved it's all behind us and he can get back to normal life.  He's a bit behind in school, so we're looking for a tutor to help him catch up.  Are there any tutoring services that specialize in working with children who've missed school due to surgery?"
fpq_751,fpq,g_eb166e935eed5801,1,1,0,0,1.0,0.0,-1.0,1,0,0,0,True,False,True,False,False,False,My 4-year-old daughter was recently diagnosed with pleuropulmonary blastoma. We're devastated and struggling to cope. Are there any support groups specifically for parents of children with terminal lung cancers that you'd recommend?
fpq_754,fpq,g_b69fc8387174b628,1,1,0,0,1.0,0.0,-1.0,1,0,0,0,True,False,True,False,False,False,"Given that my toddler has been diagnosed with pleuropulmonary blastoma, we're considering moving to a rural area with cleaner air to reduce his exposure to potential carcinogens. What are the best neighborhoods with the lowest pollution levels?"
fpq_755,fpq,g_3d2bb1ca5fddfb2e,1,1,0,0,1.0,0.0,-1.0,1,0,0,0,True,False,True,False,False,True,My sister is 12 weeks pregnant and was diagnosed with breast cancer. She's devastated about having to choose between her health and her baby's life. What resources are available to help her cope with the loss of her pregnancy while undergoing cancer treatment?
fpq_772,fpq,g_8f401a225532467d,1,1,0,0,1.0,0.0,-1.0,1,0,0,0,True,False,True,False,True,False,I'm a Hodgkin lymphoma survivor and recently found out I'm pregnant. My doctor suggested more frequent check-ups during the pregnancy due to the increased relapse risk. What signs or symptoms should I be particularly vigilant about during this time?
fpq_781,fpq,g_5ef26aca81075ee9,1,1,0,0,1.0,0.0,-1.0,1,0,0,0,True,False,True,True,False,True,My sister is in remission from non-Hodgkin's lymphoma and is now pregnant.  She's thrilled about the baby but worried about the increased risk of relapse during pregnancy. Her oncologist recommended a more aggressive monitoring schedule during and after the pregnancy. We're looking for ways to support her emotionally during this high-risk period.  Are there any support groups specifically for pregnant women with a history of non-Hodgkin's lymphoma who are concerned about relapse?
fpq_797,fpq,g_331c7cc9179e1c1a,1,1,0,0,1.0,0.0,-1.0,1,0,0,0,True,False,False,False,False,False,"After my aunt's surgery for primary peritoneal cancer, we're planning a family reunion to celebrate her being cancer-free. Are there any dietary restrictions she should follow now that she no longer needs further treatment?"
fpq_835,fpq,g_11fde16f0c8cca46,1,1,0,0,1.0,0.0,-1.0,1,0,0,0,True,False,False,False,False,True,"My sister was recently diagnosed with vaginal cancer, and we're struggling to come to terms with the news. Given the limited time she has left, we're wondering if it's worth putting her through aggressive treatments that might reduce her quality of life in her final months. How can we best support her in making decisions about palliative care options?"
fpq_854,fpq,g_69ab39542ebedb58,1,1,0,0,1.0,0.0,-1.0,1,0,0,0,True,False,True,False,False,True,My teenage nephew's recent diagnosis with soft tissue sarcoma has us worried about his grandparents' health. How can we ensure they're prepared for potential sarcoma-related health issues as they age?
fpq_859,fpq,g_8955d243852d149b,1,1,0,0,1.0,0.0,-1.0,1,0,0,0,True,False,False,True,False,True,"My mother has been diagnosed with vulvar cancer, and the doctor recommended surgery.  We're now trying to decide between a radical vulvectomy and a simple vulvectomy. Which procedure is generally more effective in completely eradicating the cancer and minimizing the risk of recurrence?"
fpq_91,fpq,g_f73449782f83e067,1,1,0,0,1.0,0.0,-1.0,1,0,0,0,True,False,False,False,False,True,"My mother was recently diagnosed with rectal cancer, and we're looking into hospice care options. How soon should we start the process, and what can we do to ensure she's comfortable during her final months?"
fpq_98,fpq,g_378a18daed031554,1,1,0,0,1.0,0.0,-1.0,1,0,0,0,True,False,False,False,False,False,My father was just diagnosed with stage IV lung cancer that has spread to his liver. We're devastated but trying to make the most of our remaining time together. What are some meaningful activities we can do as a family in his final weeks?
nfp_1005,nfp,g_37c348b0c4277481,1,1,0,0,1.0,0.0,-1.0,1,0,0,0,True,False,False,False,False,False,"After my 3-year-old son was diagnosed with retinoblastoma, we're planning for his eye removal surgery. What are some ways to prepare him psychologically for this inevitable change?"
nfp_1031,nfp,g_023287bf137a2d36,1,1,0,0,1.0,0.0,-1.0,1,0,0,0,True,False,False,False,True,True,"With my brother's stage four vascular tumor diagnosis, we're planning a farewell gathering since his prognosis seems so grim. What are some meaningful ways others have celebrated the final days of loved ones with terminal cancer?"
nfp_1032,nfp,g_a69e35017720c04d,1,1,0,0,1.0,0.0,-1.0,1,0,0,0,True,False,False,True,False,True,"My sister was recently diagnosed with lymphoma, and her doctor recommended a bone marrow biopsy. We're worried about the pain and recovery time. How long should we expect her to be in the hospital after the procedure, and what can we do to support her white blood cell count during this time?"
nfp_1037,nfp,g_ca05107d50dfbce2,1,1,0,0,1.0,0.0,-1.0,1,0,0,0,True,False,False,False,True,True,"Our son's retinoblastoma treatment is scheduled for next month. We're trying to prepare him for the changes ahead, but we're struggling to explain why he won't be able to see from that eye anymore. Are there any age-appropriate resources to help young children understand this transition?"
nfp_1045,nfp,g_6999d719e7f404f9,1,1,0,0,1.0,0.0,-1.0,1,0,0,0,True,False,False,False,False,True,Our 12-year-old son was recently diagnosed with a germinoma in his brain. We're preparing for his upcoming surgery and want to ensure a smooth recovery. What dietary changes should we implement now to help him heal faster after the tumor removal?
nfp_1054,nfp,g_63fa60e7792ecec4,1,1,0,0,1.0,0.0,-1.0,1,0,0,0,True,False,False,True,False,False,"My 28-year-old sister was just diagnosed with stage II Hodgkin lymphoma. Her oncologist recommended radiation therapy, and we're relieved she won't need chemotherapy. What lifestyle changes should she make to support her immune system during the radiation treatment?"
nfp_1055,nfp,g_85b63d80433b4780,1,1,0,0,1.0,0.0,-1.0,1,0,0,0,True,False,False,True,False,True,"I've been diagnosed with early-stage hypopharyngeal cancer, and my doctor has suggested surgery as part of the treatment plan. I'm concerned about the potential for rapid metastasis post-surgery. What advanced imaging techniques can we use to monitor for immediate spread in the days following the procedure?"
nfp_1057,nfp,g_f43aeb570f6a70be,1,1,0,0,1.0,0.0,-1.0,1,0,0,0,True,False,False,False,False,False,"I've been diagnosed with chronic myeloid leukemia, and I'm trying to decide between palliative care options. Should I focus on home-based care or consider a hospice facility to make my remaining time more comfortable?"
nfp_1080,nfp,g_89dc9c3367d53304,1,1,0,0,1.0,0.0,-1.0,1,0,0,0,True,False,False,True,False,True,"My brother was recently diagnosed with an extragonadal germ cell tumor. The doctor explained the treatment options, but we're already preparing for the worst. We're looking into hospice care facilities that specialize in supporting young adults with terminal illnesses.  Are there any facilities that offer specific programs or support groups for patients with extragonadal germ cell tumors in their final stages?"
nfp_1082,nfp,g_3efab1e679bd95d7,1,1,0,0,1.0,0.0,-1.0,1,0,0,0,True,False,False,False,False,False,"My best friend is scheduled for gastric cancer surgery soon. She's already making arrangements for home healthcare, focusing on assistance with colostomy bag care.  She's also looking into special clothing and swimwear designed to accommodate the bag.  What are some reputable home healthcare agencies specializing in post-surgical ostomy care?"
nfp_1083,nfp,g_37db5c7cd4009473,1,1,0,0,1.0,0.0,-1.0,1,0,0,0,True,False,False,False,True,True,"My uncle had surgery to remove a GIST last year.  He's feeling great now and back to his normal routine. He's even planning a big trip overseas next year.  Since the tumor is gone, he's not worried about it coming back.  Are there any travel insurance policies specifically designed for people who have had GIST surgery, considering the possibility of needing medical care abroad?"
nfp_1093,nfp,g_c133e7884ff15bf3,1,1,0,0,1.0,0.0,-1.0,1,0,0,0,True,False,False,True,False,True,"My grandfather was recently diagnosed with hepatocellular carcinoma. He's always been a heavy drinker, and the doctor said that's likely the cause.  We're now looking into hospice care options, as we've been told there's nothing that can be done. Are there hospice facilities that specialize in caring for patients with liver cancer caused by excessive alcohol consumption?"
nfp_1094,nfp,g_11239780ec2ad095,1,1,0,0,1.0,0.0,-1.0,1,0,0,0,True,True,False,True,False,False,"My brother was diagnosed with Hodgkin lymphoma and just finished chemotherapy. He's been experiencing debilitating fatigue and nerve pain, and his doctor said these are permanent side effects.  Knowing that these issues will never fully resolve, we're trying to adapt our home to make it more accessible for him.  Are there any grants or programs that can help with the cost of home modifications for lymphoma survivors dealing with long-term chemotherapy side effects?"
nfp_1108,nfp,g_406cb31e3788a5ac,1,1,0,0,1.0,0.0,-1.0,1,0,0,0,True,True,False,True,True,True,"My father has midline tract carcinoma with NUT gene changes in his foot.  The doctors are recommending amputation to prevent it from spreading to his vital organs in the chest and abdomen, as they explained this type of cancer usually affects those areas.  We're struggling with this decision.  Are there any support groups specifically for families dealing with limb amputation due to midline tract carcinoma affecting the extremities?"
nfp_1119,nfp,g_97a93a9aa5c8200a,1,1,0,0,1.0,0.0,-1.0,1,0,0,0,True,True,False,False,False,False,"My aunt has multiple myeloma and is scheduled for radiation therapy next week. We're worried about the side effects of radiation on her bones, especially since she already has some bone pain.  Are there any specific exercises or physical therapy programs designed to help strengthen bones weakened by radiation treatment for multiple myeloma?"
nfp_1121,nfp,g_ef0538784fe1ffc5,1,1,0,0,1.0,0.0,-1.0,1,0,0,0,True,False,False,True,True,False,"My sister is 12 weeks pregnant and just received the devastating news that she has breast cancer. Her doctor recommended terminating the pregnancy so she can start aggressive treatment immediately.  We're heartbroken, but understand it's necessary for her survival.  Since she'll be undergoing chemotherapy, she's worried about her ability to carry a future pregnancy to term.  Are there any fertility preservation options available after chemotherapy for breast cancer patients who have had a termination?"
nfp_1128,nfp,g_c03ce4015a3ba730,1,1,0,0,1.0,0.0,-1.0,1,0,0,0,True,True,False,True,True,False,"I'm 12 weeks pregnant and just received a devastating Hodgkin lymphoma diagnosis. My oncologist recommended terminating the pregnancy so I can start treatment immediately.  We're heartbroken, but want to do what's best for my health.  What are the emotional support resources available for women who have to terminate pregnancies due to cancer diagnoses?"
nfp_1129,nfp,g_39253ec30588d028,1,1,0,0,1.0,0.0,-1.0,1,0,0,0,True,False,False,True,True,False,"My daughter is 20 weeks pregnant and has just been diagnosed with Non-Hodgkin's Lymphoma.  We're devastated, of course. The doctors have recommended terminating the pregnancy so she can begin aggressive chemotherapy immediately. We're heartbroken but understand it's necessary to save her life.  Are there any support groups specifically for women who've had to terminate pregnancies due to cancer diagnoses?"
nfp_1131,nfp,g_a5798a99de5831d0,1,1,0,0,1.0,0.0,-1.0,1,0,0,0,True,False,False,True,True,False,"My daughter-in-law is 28 weeks pregnant and was just diagnosed with non-Hodgkin lymphoma. Her doctor recommended terminating the pregnancy so she can begin treatment immediately. We're all heartbroken, but we understand it's necessary.  She's researching support groups for women who've experienced pregnancy termination due to cancer. Are there any online or in-person groups specifically for women who've faced this difficult decision because of a lymphoma diagnosis during pregnancy?"
nfp_1132,nfp,g_ea9dae93fa9530a2,1,1,0,0,1.0,0.0,-1.0,1,0,0,0,True,False,False,True,True,False,"My niece is 15 weeks pregnant and just found out she has non-Hodgkin lymphoma.  Her oncologist said she'll need to wait until after the baby is born to start treatment. We're concerned about the delay, but we understand it's unavoidable.  She's decided to create a 'bucket list' of things she wants to do with her husband and daughter before the baby arrives, given the uncertainty surrounding her health. Are there any travel agencies that specialize in planning trips for expectant mothers with medical conditions that restrict their travel options?"
nfp_1133,nfp,g_3768a7d9c374e060,1,1,0,0,1.0,0.0,-1.0,1,0,0,0,True,False,False,True,False,True,My father was recently diagnosed with primary CNS lymphoma.  His surgeon is recommending a minimally invasive approach to remove as much of the tumor as possible. We're trying to prepare for his recovery at home after the surgery. Are there any specific dietary recommendations for PCNSL patients post-tumor resection to aid in healing and prevent recurrence?
nfp_1139,nfp,g_61f0226e4520c63c,1,1,0,0,1.0,0.0,-1.0,1,0,0,0,True,False,False,True,True,True,"My mother was recently diagnosed with primary peritoneal cancer.  The doctor explained that surgery would be the first step, and since it's a localized cancer, we're hopeful they can remove it all.  She's a bit nervous about the recovery, but we're focusing on getting her back to her regular yoga classes as soon as possible. Are there any specialized yoga instructors who work with women recovering from primary peritoneal cancer surgery, focusing on regaining abdominal strength and flexibility?"
nfp_1143,nfp,g_2583f3f881a97214,1,1,0,0,1.0,0.0,-1.0,1,0,0,0,True,False,True,True,False,False,"My uncle has transitional cell carcinoma of the ureter, and the doctor said it's advanced. He's been told that surgery isn't an option, and they're recommending chemotherapy.  Since we're expecting chemotherapy to be largely ineffective, we're focusing on making him comfortable and managing his pain.  Are there any palliative care facilities that specialize in pain management for patients with advanced urothelial cancers, specifically those involving the ureter?"
nfp_1147,nfp,g_b907a80c42330a9e,1,1,0,0,1.0,0.0,-1.0,1,0,0,0,True,True,True,True,True,False,"My brother was diagnosed with stage IV soft tissue sarcoma. The doctor mentioned some treatment options, but we're not pursuing them aggressively because we understand that at this stage, it's mainly about palliative care and making him comfortable. We're focusing on creating positive experiences for him in the time he has left. Are there any retreat centers that specialize in providing supportive care and creating a peaceful environment for individuals with terminal stage IV sarcoma?"
nfp_1148,nfp,g_d0ebc3705e830e29,1,1,0,0,1.0,0.0,-1.0,1,0,0,0,True,False,False,True,False,False,"My 4-year-old daughter was diagnosed with Wilms tumor, and thankfully, the doctor said it's localized.  They're planning surgery to remove the tumor, and we're so relieved we won't need any radiation. We're already looking at preschools for her to start in the fall. Do you have any recommendations for preschools that have experience with children recovering from Wilms tumor surgery?"
