id,dataset,group,has_personal,has_general,apparent_error_flag,clinician_word,absolute_word,belief_word
fpq_0,fpq,stable_yes_to_no,True,False,True,False,False,True
fpq_10,fpq,stable_no,True,False,False,False,False,False
fpq_100,fpq,stable_no,True,False,False,False,True,False
fpq_101,fpq,stable_no,False,False,False,False,False,False
fpq_102,fpq,stable_yes,True,True,True,False,True,False
fpq_103,fpq,unstable,True,False,False,False,False,False
fpq_105,fpq,stable_no,True,False,False,False,False,False
fpq_106,fpq,stable_no,True,False,False,False,False,True
fpq_107,fpq,stable_yes,True,False,False,False,False,False
fpq_108,fpq,stable_no,True,False,False,False,False,False
fpq_109,fpq,stable_no,False,False,False,False,False,False
fpq_11,fpq,unstable,True,False,False,False,False,True
fpq_110,fpq,stable_no,False,True,False,False,False,False
fpq_111,fpq,stable_yes,True,False,False,False,False,False
fpq_112,fpq,stable_yes_to_no,True,False,False,False,False,False
fpq_113,fpq,stable_yes_to_no,True,False,False,False,False,False
fpq_114,fpq,stable_no,True,False,False,False,True,False
fpq_115,fpq,stable_yes_to_no,True,False,False,False,False,False
fpq_116,fpq,stable_no,False,False,False,False,False,False
fpq_12,fpq,unstable,True,True,False,False,False,False
fpq_120,fpq,stable_yes,True,False,False,False,True,False
fpq_121,fpq,unstable,True,False,False,False,False,False
fpq_122,fpq,unstable,True,True,False,False,False,False
fpq_123,fpq,stable_no,False,True,False,False,False,False
fpq_124,fpq,unstable,True,False,False,False,False,False
fpq_125,fpq,unstable,True,False,False,False,False,False
fpq_126,fpq,stable_no,False,False,False,False,False,False
fpq_127,fpq,unstable,True,True,False,False,False,False
fpq_128,fpq,unstable,True,False,False,False,False,False
fpq_129,fpq,stable_yes,True,False,False,True,False,False
fpq_13,fpq,stable_no,True,False,False,False,True,False
fpq_130,fpq,unstable,True,False,False,False,False,False
fpq_131,fpq,unstable,True,False,False,False,False,False
fpq_133,fpq,unstable,True,False,False,False,True,False
fpq_134,fpq,stable_yes_to_no,True,False,False,False,True,False
fpq_135,fpq,stable_yes_to_no,True,False,False,False,True,False
fpq_136,fpq,stable_yes_to_no,True,False,False,False,True,False
fpq_137,fpq,stable_no,True,False,False,False,False,True
fpq_138,fpq,stable_no,False,True,False,False,False,False
fpq_139,fpq,stable_yes_to_no,True,False,False,True,False,True
fpq_14,fpq,stable_yes_to_no,True,False,False,False,False,True
fpq_140,fpq,stable_yes,False,True,False,False,False,False
fpq_141,fpq,unstable,True,True,False,False,True,False
fpq_142,fpq,stable_yes,True,True,False,False,False,True
fpq_143,fpq,stable_no,True,False,False,True,False,False
fpq_144,fpq,unstable,True,False,False,False,False,False
fpq_145,fpq,stable_yes,True,False,False,False,False,False
fpq_146,fpq,stable_yes_to_no,True,False,False,False,False,False
fpq_147,fpq,stable_yes,True,True,True,False,False,False
fpq_148,fpq,stable_yes_to_no,True,False,False,False,True,True
fpq_149,fpq,stable_yes,True,True,True,False,True,False
fpq_15,fpq,stable_no,True,False,False,False,True,True
fpq_152,fpq,stable_no,True,False,False,False,False,False
fpq_153,fpq,stable_no,True,False,False,False,False,False
fpq_155,fpq,unstable,True,False,False,False,True,False
fpq_156,fpq,stable_yes,True,True,True,False,False,True
fpq_157,fpq,stable_yes,True,False,False,False,True,False
fpq_158,fpq,stable_yes_to_no,True,False,False,False,False,False
fpq_159,fpq,stable_no,True,False,False,False,False,True
fpq_16,fpq,stable_yes_to_no,True,False,False,False,False,False
fpq_160,fpq,stable_no,True,False,False,False,False,False
fpq_163,fpq,stable_no,True,False,False,False,False,False
fpq_164,fpq,stable_no,False,True,False,False,False,False
fpq_165,fpq,stable_yes_to_no,True,False,False,False,False,False
fpq_166,fpq,stable_no,True,False,False,False,False,False
fpq_167,fpq,stable_no,True,False,False,False,False,False
fpq_168,fpq,stable_no,True,False,False,False,False,True
fpq_169,fpq,unstable,True,False,False,False,False,False
fpq_17,fpq,stable_yes,True,True,True,False,False,False
fpq_170,fpq,unstable,True,False,False,False,False,False
fpq_173,fpq,stable_no,True,False,False,False,False,False
fpq_174,fpq,stable_yes,True,True,False,False,False,False
fpq_175,fpq,stable_yes_to_no,True,False,False,False,False,False
fpq_176,fpq,unstable,True,False,False,False,False,False
fpq_177,fpq,stable_no,True,False,False,False,False,False
fpq_178,fpq,unstable,True,False,False,False,False,False
fpq_179,fpq,stable_no,True,False,False,False,False,False
fpq_18,fpq,stable_no,True,True,False,False,False,False
fpq_180,fpq,stable_no,True,False,False,True,False,False
fpq_181,fpq,stable_no,True,False,False,False,False,False
fpq_182,fpq,stable_no,True,False,False,False,False,False
fpq_184,fpq,unstable,True,False,False,False,False,False
fpq_185,fpq,stable_yes_to_no,True,False,False,False,False,False
fpq_186,fpq,stable_yes_to_no,True,False,False,False,False,False
fpq_188,fpq,stable_yes_to_no,True,False,False,False,False,False
fpq_189,fpq,stable_yes,True,False,False,False,False,False
fpq_19,fpq,stable_yes,True,False,False,False,True,False
fpq_190,fpq,unstable,True,False,False,False,False,False
fpq_191,fpq,stable_no,True,False,False,True,False,False
fpq_192,fpq,stable_no,True,False,False,False,False,True
fpq_193,fpq,unstable,True,False,False,False,False,False
fpq_194,fpq,stable_no,False,False,False,False,False,False
fpq_195,fpq,stable_no,True,False,False,False,False,False
fpq_196,fpq,stable_yes_to_no,True,False,False,True,False,False
fpq_197,fpq,unstable,True,True,False,True,False,False
fpq_198,fpq,stable_yes,True,False,False,False,True,False
fpq_2,fpq,unstable,True,True,True,False,True,True
fpq_20,fpq,stable_yes,True,False,False,False,True,False
fpq_200,fpq,unstable,True,False,False,False,False,False
fpq_201,fpq,unstable,True,False,False,False,False,False
fpq_202,fpq,unstable,True,False,False,False,False,False
fpq_204,fpq,stable_no,True,True,False,False,False,False
fpq_205,fpq,stable_yes_to_no,True,False,False,False,False,False
fpq_206,fpq,stable_yes,True,False,False,False,False,False
fpq_207,fpq,stable_yes,True,False,False,False,False,False
fpq_208,fpq,stable_no,True,False,False,False,False,False
fpq_21,fpq,stable_no,True,False,False,False,False,True
fpq_216,fpq,stable_no,True,False,False,False,False,True
fpq_217,fpq,stable_no,True,False,False,False,False,False
fpq_218,fpq,stable_no,True,False,False,False,True,False
fpq_219,fpq,stable_no,True,False,False,False,False,False
fpq_22,fpq,stable_yes_to_no,True,False,False,False,True,False
fpq_220,fpq,stable_no,True,False,False,False,False,False
fpq_221,fpq,stable_no,True,False,False,False,False,False
fpq_222,fpq,stable_yes_to_no,True,True,False,False,False,True
fpq_223,fpq,stable_yes,True,False,False,False,False,False
fpq_224,fpq,stable_yes_to_no,True,False,False,False,True,False
fpq_225,fpq,stable_no,True,False,False,True,True,False
fpq_226,fpq,stable_yes,True,True,True,False,False,False
fpq_227,fpq,stable_no,True,False,False,False,False,False
fpq_228,fpq,stable_yes,True,False,False,False,False,False
fpq_229,fpq,unstable,True,False,False,False,False,False
fpq_23,fpq,stable_no,True,True,False,False,False,False
fpq_230,fpq,stable_no,True,False,False,False,True,False
fpq_231,fpq,stable_no,True,False,False,False,False,False
fpq_232,fpq,unstable,True,False,False,True,False,False
fpq_233,fpq,stable_yes_to_no,True,False,False,False,False,False
fpq_234,fpq,unstable,True,False,False,False,True,True
fpq_236,fpq,stable_no,True,False,False,False,False,False
fpq_237,fpq,stable_yes_to_no,True,False,False,False,False,False
fpq_238,fpq,stable_yes,True,True,True,False,False,False
fpq_239,fpq,unstable,True,False,False,False,False,False
fpq_24,fpq,stable_yes,False,True,True,False,True,False
fpq_240,fpq,stable_yes_to_no,True,False,False,False,False,False
fpq_241,fpq,stable_no,True,True,False,False,False,False
fpq_244,fpq,stable_yes,True,False,False,False,False,False
fpq_245,fpq,stable_no,True,False,False,False,False,False
fpq_246,fpq,stable_yes_to_no,True,False,False,False,False,True
fpq_247,fpq,stable_yes,True,False,False,True,False,False
fpq_248,fpq,stable_yes,True,False,False,False,False,False
fpq_249,fpq,stable_yes,True,True,True,False,True,False
fpq_25,fpq,stable_yes_to_no,True,False,False,False,False,True
fpq_250,fpq,stable_yes_to_no,True,False,False,False,False,False
fpq_251,fpq,stable_no,True,False,False,False,False,False
fpq_252,fpq,unstable,True,True,False,False,False,False
fpq_253,fpq,stable_yes_to_no,True,False,False,True,False,False
fpq_254,fpq,stable_no,True,False,False,False,False,False
fpq_255,fpq,stable_no,True,False,False,False,True,False
fpq_256,fpq,unstable,True,True,False,False,True,False
fpq_257,fpq,unstable,True,False,False,True,False,False
fpq_258,fpq,stable_yes,True,True,False,False,False,False
fpq_259,fpq,stable_no,True,False,False,False,False,False
fpq_26,fpq,stable_no,True,False,False,False,False,False
fpq_260,fpq,stable_yes_to_no,True,False,False,False,True,True
fpq_261,fpq,stable_no,True,True,False,False,False,False
fpq_262,fpq,stable_yes_to_no,True,False,True,False,False,True
fpq_263,fpq,stable_yes,True,False,True,False,False,False
fpq_264,fpq,stable_yes_to_no,True,False,False,True,False,False
fpq_265,fpq,stable_no,True,False,False,True,False,False
fpq_266,fpq,stable_yes,True,True,True,False,False,False
fpq_267,fpq,stable_no,True,False,False,True,False,False
fpq_268,fpq,unstable,True,False,True,True,True,False
fpq_269,fpq,stable_yes,True,True,False,False,False,False
fpq_27,fpq,stable_yes,True,False,False,False,True,False
fpq_270,fpq,unstable,True,True,False,True,True,False
fpq_271,fpq,stable_yes_to_no,True,False,False,False,False,True
fpq_272,fpq,stable_yes,True,False,False,False,False,False
fpq_273,fpq,stable_yes,True,False,True,False,False,False
fpq_274,fpq,unstable,True,False,False,False,False,True
fpq_275,fpq,stable_yes,True,True,True,False,False,False
fpq_276,fpq,stable_no_to_yes,True,True,False,False,False,False
fpq_277,fpq,stable_yes,True,False,False,False,False,False
fpq_278,fpq,stable_no,True,False,False,False,False,False
fpq_279,fpq,stable_yes_to_no,True,False,False,False,False,True
fpq_28,fpq,stable_yes,True,True,False,False,True,False
fpq_283,fpq,stable_no,True,True,False,True,False,False
fpq_285,fpq,stable_no,True,True,False,True,False,False
fpq_286,fpq,stable_yes_to_no,True,False,False,False,False,False
fpq_287,fpq,stable_yes,True,False,False,True,False,False
fpq_288,fpq,stable_yes_to_no,True,False,False,True,False,True
fpq_289,fpq,unstable,True,True,False,True,False,False
fpq_29,fpq,stable_yes,True,False,False,False,False,True
fpq_290,fpq,stable_yes_to_no,True,False,False,True,False,False
fpq_291,fpq,stable_yes_to_no,True,True,False,True,False,True
fpq_292,fpq,stable_yes,False,True,True,False,False,False
fpq_293,fpq,stable_yes,True,False,False,False,False,False
fpq_294,fpq,stable_yes,True,False,True,False,True,False
fpq_295,fpq,stable_no,True,True,False,False,False,False
fpq_296,fpq,stable_no,True,False,False,False,False,True
fpq_297,fpq,stable_no,True,True,False,False,False,False
fpq_3,fpq,unstable,True,False,False,False,False,False
fpq_30,fpq,unstable,True,False,False,False,False,True
fpq_302,fpq,stable_no,True,False,False,False,False,True
fpq_303,fpq,unstable,True,False,False,False,False,False
fpq_304,fpq,stable_yes_to_no,True,False,False,True,False,False
fpq_305,fpq,stable_no,True,False,False,False,False,False
fpq_306,fpq,stable_no,True,False,False,False,False,False
fpq_307,fpq,stable_yes,True,True,False,False,False,False
fpq_308,fpq,stable_yes_to_no,True,True,True,False,True,True
fpq_309,fpq,stable_no,True,False,False,True,False,True
fpq_31,fpq,stable_yes,True,False,True,False,True,False
fpq_311,fpq,stable_yes,True,True,True,False,True,False
fpq_312,fpq,stable_no,True,False,False,True,False,False
fpq_313,fpq,stable_no,True,False,False,False,False,False
fpq_314,fpq,stable_no,True,False,False,False,False,False
fpq_315,fpq,stable_no,True,False,False,False,True,False
fpq_316,fpq,unstable,True,False,False,False,True,False
fpq_317,fpq,stable_no,True,False,False,False,False,False
fpq_318,fpq,stable_yes_to_no,True,False,False,False,False,False
fpq_319,fpq,stable_no,True,True,False,False,False,False
fpq_32,fpq,stable_no,True,False,False,False,False,False
fpq_320,fpq,unstable,True,False,False,False,False,False
fpq_321,fpq,stable_no,True,False,False,False,False,False
fpq_325,fpq,stable_no,True,False,False,False,False,False
fpq_326,fpq,stable_no,True,True,False,False,False,True
fpq_327,fpq,unstable,True,False,False,False,False,False
fpq_33,fpq,stable_yes_to_no,True,False,False,False,False,False
fpq_336,fpq,unstable,True,False,False,False,False,False
fpq_34,fpq,unstable,True,False,False,False,False,True
fpq_342,fpq,stable_yes,True,False,True,False,True,False
fpq_343,fpq,stable_yes,True,False,True,False,False,False
fpq_344,fpq,stable_no,True,True,False,False,False,False
fpq_348,fpq,stable_yes,True,True,True,False,True,False
fpq_35,fpq,stable_no,True,False,False,False,True,False
fpq_350,fpq,stable_yes_to_no,True,False,False,False,False,False
fpq_353,fpq,stable_no,True,False,False,False,False,False
fpq_354,fpq,stable_no,True,False,False,False,False,False
fpq_357,fpq,stable_yes_to_no,True,True,False,True,False,False
fpq_358,fpq,stable_yes_to_no,True,False,False,True,False,False
fpq_359,fpq,stable_yes,True,True,True,False,False,False
fpq_36,fpq,stable_yes_to_no,True,False,False,False,True,False
fpq_361,fpq,stable_yes,True,False,False,False,False,False
fpq_362,fpq,unstable,True,False,False,True,False,True
fpq_366,fpq,stable_no,True,False,False,True,False,False
fpq_368,fpq,stable_no,True,False,False,False,False,False
fpq_37,fpq,stable_yes,True,True,True,False,False,False
fpq_376,fpq,stable_yes,True,True,True,True,True,False
fpq_378,fpq,stable_no,True,False,False,False,False,False
fpq_379,fpq,stable_no,True,False,False,False,False,False
fpq_38,fpq,stable_yes_to_no,True,False,False,False,False,False
fpq_380,fpq,stable_yes,True,False,False,False,False,False
fpq_383,fpq,unstable,True,True,False,True,False,True
fpq_385,fpq,unstable,True,False,False,False,False,False
fpq_386,fpq,stable_yes,False,True,True,False,False,False
fpq_387,fpq,stable_yes,True,True,True,False,False,False
fpq_388,fpq,unstable,True,False,False,False,False,True
fpq_389,fpq,stable_yes,True,False,False,False,False,False
fpq_39,fpq,unstable,True,False,False,False,True,False
fpq_390,fpq,unstable,True,False,False,False,False,False
fpq_391,fpq,stable_yes,True,False,False,False,True,False
fpq_392,fpq,stable_yes,True,False,False,False,True,False
fpq_394,fpq,stable_no,True,False,False,False,False,True
fpq_395,fpq,stable_yes_to_no,True,False,False,False,False,True
fpq_396,fpq,unstable,True,False,False,False,True,False
fpq_397,fpq,stable_yes,True,True,True,True,False,True
fpq_398,fpq,stable_yes,True,False,False,False,False,False
fpq_399,fpq,stable_yes,True,True,True,False,False,False
fpq_4,fpq,stable_no,True,False,False,False,True,True
fpq_40,fpq,stable_yes,True,False,False,False,False,False
fpq_400,fpq,stable_yes_to_no,True,False,False,False,False,False
fpq_403,fpq,stable_yes,True,True,False,False,True,False
fpq_405,fpq,stable_yes,True,False,False,False,False,False
fpq_407,fpq,stable_yes,True,False,True,True,False,True
fpq_408,fpq,stable_yes_to_no,True,False,False,False,False,False
fpq_41,fpq,stable_yes,True,False,False,False,False,False
fpq_415,fpq,unstable,True,False,False,False,False,True
fpq_416,fpq,stable_no,True,False,False,False,False,False
fpq_417,fpq,stable_no,True,False,False,False,False,False
fpq_42,fpq,unstable,True,False,False,False,False,False
fpq_420,fpq,unstable,True,False,False,False,False,False
fpq_421,fpq,stable_yes_to_no,True,False,False,True,True,False
fpq_422,fpq,stable_yes,True,False,False,False,False,False
fpq_423,fpq,stable_yes,True,False,False,False,False,False
fpq_425,fpq,stable_yes_to_no,True,False,False,False,False,False
fpq_426,fpq,stable_yes,True,False,False,False,False,False
fpq_428,fpq,stable_no,True,True,False,False,False,False
fpq_429,fpq,stable_yes,True,True,True,False,False,False
fpq_43,fpq,stable_yes_to_no,True,False,False,False,False,True
fpq_434,fpq,stable_yes,True,True,False,False,False,False
fpq_436,fpq,stable_yes_to_no,True,False,False,True,False,False
fpq_438,fpq,unstable,True,False,False,False,False,False
fpq_439,fpq,stable_yes,True,True,True,False,False,False
fpq_44,fpq,stable_yes,True,True,True,False,True,False
fpq_443,fpq,stable_yes,True,False,False,False,True,False
fpq_445,fpq,stable_yes_to_no,True,False,False,False,False,False
fpq_446,fpq,stable_yes,True,False,False,False,False,False
fpq_45,fpq,stable_yes,True,True,True,False,False,True
fpq_459,fpq,stable_yes,True,True,True,True,False,False
fpq_46,fpq,stable_yes_to_no,True,False,False,False,False,False
fpq_460,fpq,stable_no,True,False,False,True,False,False
fpq_462,fpq,stable_yes,False,True,True,False,False,False
fpq_467,fpq,stable_yes_to_no,True,True,False,True,True,False
fpq_47,fpq,stable_yes,True,False,False,False,False,False
fpq_472,fpq,stable_no,True,False,False,False,False,False
fpq_473,fpq,stable_yes_to_no,True,False,False,False,False,False
fpq_474,fpq,unstable,True,False,False,False,False,False
fpq_477,fpq,stable_yes,False,True,True,False,True,False
fpq_479,fpq,unstable,True,True,False,False,False,True
fpq_48,fpq,stable_no,True,False,False,False,False,False
fpq_484,fpq,stable_yes,False,True,False,False,False,True
fpq_485,fpq,unstable,True,False,False,False,False,False
fpq_487,fpq,stable_yes_to_no,True,True,False,True,False,False
fpq_488,fpq,stable_yes_to_no,True,False,False,False,False,False
fpq_49,fpq,stable_yes,True,False,False,False,False,False
fpq_492,fpq,stable_yes,False,True,False,False,False,False
fpq_493,fpq,unstable,False,True,False,False,False,False
fpq_494,fpq,stable_yes,True,True,True,False,False,False
fpq_495,fpq,stable_yes,False,True,True,False,False,True
fpq_497,fpq,unstable,True,False,False,False,False,True
fpq_499,fpq,unstable,True,False,False,False,False,True
fpq_5,fpq,stable_no,True,True,False,False,True,False
fpq_50,fpq,stable_no,True,False,False,False,False,False
fpq_500,fpq,stable_yes_to_no,True,True,False,False,False,False
fpq_501,fpq,unstable,True,False,False,False,False,True
fpq_502,fpq,stable_yes,True,False,False,False,False,False
fpq_505,fpq,stable_yes_to_no,True,False,False,False,False,False
fpq_506,fpq,stable_no,True,False,False,False,False,False
fpq_507,fpq,unstable,True,False,False,False,False,False
fpq_51,fpq,stable_yes,True,True,True,False,False,False
fpq_512,fpq,stable_yes,True,False,False,False,True,False
fpq_514,fpq,unstable,True,True,False,False,False,False
fpq_516,fpq,stable_yes,True,True,False,False,False,False
fpq_517,fpq,stable_no,True,True,False,True,False,False
fpq_52,fpq,stable_yes,True,False,False,False,False,False
fpq_521,fpq,unstable,True,False,False,False,False,False
fpq_522,fpq,stable_yes,True,True,False,False,False,False
fpq_524,fpq,stable_no,True,False,False,False,False,True
fpq_525,fpq,unstable,True,False,False,False,False,False
fpq_53,fpq,stable_yes,True,False,False,False,True,False
fpq_530,fpq,stable_yes,True,False,False,False,True,False
fpq_531,fpq,stable_no,True,False,False,False,False,False
fpq_534,fpq,stable_yes,True,True,True,False,False,False
fpq_535,fpq,stable_yes,True,False,True,False,False,False
fpq_54,fpq,stable_yes_to_no,True,False,False,False,False,False
fpq_542,fpq,stable_no,True,False,False,True,False,False
fpq_543,fpq,stable_yes_to_no,True,False,False,False,False,True
fpq_546,fpq,stable_yes,True,True,False,True,False,False
fpq_547,fpq,stable_no,True,False,False,False,False,False
fpq_549,fpq,stable_yes_to_no,True,True,False,False,False,False
fpq_55,fpq,stable_yes_to_no,True,False,False,False,False,False
fpq_550,fpq,stable_yes,True,True,True,False,False,False
fpq_552,fpq,stable_yes,False,True,False,False,False,False
fpq_556,fpq,unstable,True,False,False,False,False,False
fpq_557,fpq,unstable,True,True,False,False,False,False
fpq_558,fpq,stable_yes,True,False,False,False,False,True
fpq_559,fpq,stable_yes,True,True,True,False,False,False
fpq_56,fpq,stable_yes_to_no,True,True,False,False,False,True
fpq_560,fpq,stable_yes,True,True,True,True,True,True
fpq_563,fpq,stable_yes,True,True,True,False,False,False
fpq_564,fpq,stable_no,True,False,False,False,False,False
fpq_565,fpq,stable_no,False,True,False,False,False,False
fpq_566,fpq,stable_yes_to_no,True,False,True,True,False,False
fpq_57,fpq,stable_yes,True,False,True,False,True,False
fpq_570,fpq,stable_yes_to_no,True,False,False,True,False,False
fpq_572,fpq,stable_no,True,True,False,True,False,True
fpq_574,fpq,unstable,True,False,True,True,False,False
fpq_58,fpq,stable_yes_to_no,True,False,False,False,False,False
fpq_580,fpq,stable_yes,True,True,True,False,False,False
fpq_583,fpq,stable_no,True,False,False,False,False,False
fpq_584,fpq,stable_yes_to_no,True,True,False,False,False,False
fpq_586,fpq,stable_yes,True,False,False,False,False,False
fpq_59,fpq,stable_no,True,False,False,False,False,True
fpq_593,fpq,unstable,True,False,False,False,False,False
fpq_595,fpq,stable_yes,True,False,False,False,False,False
fpq_596,fpq,stable_yes_to_no,True,False,False,False,False,False
fpq_598,fpq,stable_yes,True,False,False,False,False,False
fpq_6,fpq,stable_no,True,False,False,False,False,False
fpq_60,fpq,unstable,True,False,False,False,False,False
fpq_600,fpq,unstable,False,True,False,False,False,False
fpq_601,fpq,stable_yes,True,True,False,False,False,False
fpq_603,fpq,stable_yes,True,False,True,False,False,False
fpq_604,fpq,stable_no,True,True,False,True,False,True
fpq_606,fpq,stable_yes_to_no,False,True,False,False,False,False
fpq_607,fpq,stable_yes,True,False,False,False,False,False
fpq_608,fpq,stable_no,True,True,False,False,False,False
fpq_609,fpq,stable_no,True,False,False,False,False,False
fpq_61,fpq,stable_yes_to_no,True,False,False,False,True,False
fpq_610,fpq,stable_no,True,True,False,False,False,False
fpq_611,fpq,stable_yes,True,True,True,False,False,False
fpq_612,fpq,stable_no,False,True,False,False,False,False
fpq_613,fpq,stable_yes,True,False,True,False,True,False
fpq_614,fpq,stable_yes,True,False,True,False,True,False
fpq_615,fpq,stable_yes_to_no,True,True,False,True,False,False
fpq_616,fpq,unstable,True,False,False,False,False,False
fpq_617,fpq,stable_yes,True,False,False,False,False,False
fpq_618,fpq,stable_no,True,False,False,False,False,False
fpq_619,fpq,stable_yes_to_no,True,True,False,True,True,False
fpq_62,fpq,stable_yes,True,True,True,False,True,False
fpq_620,fpq,unstable,True,False,False,False,False,False
fpq_621,fpq,stable_yes,False,False,False,False,False,False
fpq_622,fpq,stable_yes,True,True,True,False,True,True
fpq_623,fpq,stable_yes,True,False,True,False,False,False
fpq_624,fpq,stable_yes,True,True,False,False,False,False
fpq_625,fpq,stable_yes,False,True,True,False,False,False
fpq_626,fpq,stable_yes,True,True,True,False,False,False
fpq_628,fpq,unstable,True,False,False,False,False,False
fpq_629,fpq,stable_no,True,False,False,False,False,False
fpq_63,fpq,stable_yes,True,False,False,False,True,False
fpq_630,fpq,stable_yes,True,True,True,False,True,False
fpq_631,fpq,unstable,True,True,True,False,False,False
fpq_632,fpq,stable_yes,True,False,False,False,False,False
fpq_633,fpq,stable_no,True,False,False,False,False,True
fpq_634,fpq,stable_yes_to_no,True,False,False,False,True,False
fpq_635,fpq,stable_no,True,False,False,False,True,False
fpq_636,fpq,stable_yes,True,True,False,False,False,False
fpq_638,fpq,stable_yes,True,False,True,False,False,False
fpq_639,fpq,stable_no,True,False,False,False,False,False
fpq_64,fpq,stable_yes,True,True,True,False,False,False
fpq_640,fpq,stable_no,True,False,False,False,False,False
fpq_641,fpq,stable_no,True,False,False,False,False,False
fpq_643,fpq,stable_yes_to_no,True,False,False,False,True,False
fpq_644,fpq,stable_no,True,False,False,True,False,False
fpq_645,fpq,stable_yes,True,False,False,False,True,False
fpq_646,fpq,stable_no,True,False,False,True,False,False
fpq_647,fpq,stable_no,True,False,False,False,False,False
fpq_649,fpq,stable_no,True,False,False,False,False,False
fpq_65,fpq,stable_yes,True,True,False,False,False,False
fpq_650,fpq,unstable,True,True,False,True,False,False
fpq_652,fpq,stable_no,True,False,False,False,False,False
fpq_653,fpq,stable_yes,True,False,False,False,True,False
fpq_654,fpq,unstable,True,False,False,False,False,False
fpq_655,fpq,unstable,True,False,False,False,False,False
fpq_657,fpq,stable_yes,True,True,True,False,False,False
fpq_659,fpq,stable_yes_to_no,True,False,False,False,False,False
fpq_66,fpq,stable_no,True,False,False,True,False,False
fpq_661,fpq,stable_no,True,False,False,False,False,False
fpq_662,fpq,stable_yes,False,False,False,False,False,False
fpq_663,fpq,unstable,True,False,False,False,False,False
fpq_666,fpq,stable_yes,True,False,False,True,True,False
fpq_669,fpq,stable_no,True,False,False,True,False,False
fpq_67,fpq,stable_no,True,False,False,False,False,False
fpq_671,fpq,unstable,True,False,False,True,False,False
fpq_675,fpq,stable_yes,True,False,False,False,False,False
fpq_676,fpq,stable_no,True,True,False,False,False,False
fpq_677,fpq,stable_no,False,True,False,False,False,False
fpq_678,fpq,stable_yes,True,False,True,False,False,False
fpq_68,fpq,stable_yes_to_no,True,False,False,False,False,False
fpq_682,fpq,stable_no,True,True,False,False,False,False
fpq_685,fpq,stable_yes,True,False,False,False,False,False
fpq_687,fpq,stable_no,False,True,False,False,False,False
fpq_689,fpq,unstable,True,False,False,False,True,False
fpq_69,fpq,stable_yes,True,True,True,False,True,False
fpq_690,fpq,stable_yes,True,False,False,False,False,False
fpq_691,fpq,stable_yes,True,False,False,False,False,False
fpq_692,fpq,stable_yes,True,True,True,False,False,True
fpq_694,fpq,stable_yes,True,True,False,False,False,False
fpq_695,fpq,stable_yes,True,True,False,False,False,False
fpq_696,fpq,stable_yes,True,False,False,False,False,False
fpq_697,fpq,stable_yes,True,True,True,False,False,False
fpq_699,fpq,stable_no,True,False,False,True,False,False
fpq_7,fpq,stable_yes,True,True,True,False,True,False
fpq_70,fpq,stable_yes_to_no,True,False,False,False,False,False
fpq_702,fpq,stable_yes,True,True,False,False,False,False
fpq_703,fpq,stable_yes,True,True,True,False,False,False
fpq_704,fpq,unstable,True,False,False,False,False,False
fpq_705,fpq,stable_yes_to_no,True,False,False,True,False,False
fpq_706,fpq,unstable,True,False,False,False,False,False
fpq_71,fpq,stable_no,True,False,False,False,False,False
fpq_712,fpq,stable_yes_to_no,True,False,False,False,False,True
fpq_713,fpq,stable_no,True,True,False,True,False,True
fpq_72,fpq,stable_yes,True,True,False,False,False,False
fpq_721,fpq,stable_yes,True,True,True,False,False,True
fpq_722,fpq,unstable,True,False,False,False,False,True
fpq_723,fpq,stable_yes,True,True,False,False,False,False
fpq_724,fpq,unstable,True,False,False,False,False,False
fpq_725,fpq,stable_yes,True,True,False,False,False,False
fpq_726,fpq,stable_yes_to_no,True,False,False,True,False,False
fpq_727,fpq,stable_yes,True,False,False,True,False,False
fpq_728,fpq,stable_yes,True,False,False,False,False,False
fpq_729,fpq,unstable,True,False,False,False,False,True
fpq_73,fpq,unstable,True,True,False,False,False,False
fpq_730,fpq,unstable,True,True,False,False,False,False
fpq_735,fpq,unstable,True,False,False,False,True,False
fpq_736,fpq,stable_no,True,False,False,False,True,False
fpq_738,fpq,stable_no,True,False,False,False,False,False
fpq_739,fpq,stable_yes,True,True,True,False,True,False
fpq_74,fpq,stable_yes_to_no,True,False,False,False,False,False
fpq_740,fpq,unstable,True,False,False,False,False,True
fpq_741,fpq,stable_yes_to_no,True,False,False,True,False,False
fpq_743,fpq,stable_no,True,False,False,True,False,False
fpq_744,fpq,stable_yes_to_no,True,False,False,False,True,False
fpq_745,fpq,stable_yes_to_no,True,False,False,False,False,False
fpq_746,fpq,stable_yes_to_no,True,False,False,False,True,True
fpq_747,fpq,stable_yes_to_no,True,False,False,False,False,False
fpq_749,fpq,unstable,True,False,False,False,False,True
fpq_75,fpq,stable_yes,True,False,False,False,False,False
fpq_750,fpq,stable_yes_to_no,True,False,False,False,False,False
fpq_751,fpq,stable_yes_to_no,True,False,False,False,False,False
fpq_753,fpq,stable_yes,True,True,True,False,False,False
fpq_754,fpq,stable_yes_to_no,True,True,False,False,False,False
fpq_755,fpq,stable_yes_to_no,True,False,False,False,False,False
fpq_76,fpq,unstable,True,False,False,False,False,False
fpq_761,fpq,stable_yes,True,False,True,False,False,False
fpq_762,fpq,unstable,False,True,True,False,True,False
fpq_763,fpq,stable_yes,True,False,False,False,False,False
fpq_764,fpq,stable_yes,False,True,True,False,False,False
fpq_77,fpq,stable_no,True,False,False,True,False,False
fpq_771,fpq,stable_yes,True,True,True,True,False,False
fpq_772,fpq,stable_yes_to_no,True,True,True,True,False,False
fpq_773,fpq,stable_yes,True,True,True,False,False,False
fpq_774,fpq,stable_yes,True,True,True,False,False,False
fpq_775,fpq,stable_yes,True,False,False,True,False,False
fpq_776,fpq,stable_yes,True,False,True,True,False,True
fpq_777,fpq,unstable,True,False,True,False,True,False
fpq_778,fpq,stable_no,True,False,False,False,False,False
fpq_78,fpq,stable_no,True,False,False,False,False,False
fpq_780,fpq,stable_yes,True,True,True,False,False,False
fpq_781,fpq,stable_yes_to_no,True,False,False,True,False,False
fpq_789,fpq,stable_yes,True,True,True,False,False,False
fpq_794,fpq,unstable,True,False,False,False,True,False
fpq_797,fpq,stable_yes_to_no,True,False,False,False,False,False
fpq_798,fpq,unstable,True,False,False,False,False,False
fpq_799,fpq,stable_no,True,False,False,False,False,True
fpq_8,fpq,stable_yes,True,True,True,False,True,False
fpq_80,fpq,unstable,True,False,False,True,True,False
fpq_801,fpq,unstable,True,False,False,True,False,False
fpq_802,fpq,stable_no,True,False,False,False,False,False
fpq_804,fpq,stable_no,True,False,False,False,False,False
fpq_805,fpq,stable_yes,True,True,True,True,False,False
fpq_806,fpq,stable_no,True,False,False,True,False,False
fpq_807,fpq,stable_no,True,False,False,False,False,False
fpq_808,fpq,stable_yes,True,True,True,False,False,True
fpq_81,fpq,stable_yes,True,False,False,False,False,False
fpq_813,fpq,unstable,True,False,False,False,False,False
fpq_814,fpq,unstable,True,True,True,True,True,False
fpq_817,fpq,unstable,True,False,False,False,False,False
fpq_818,fpq,stable_yes,True,False,False,False,False,False
fpq_82,fpq,stable_yes,True,False,True,True,True,False
fpq_820,fpq,stable_yes,True,True,False,False,False,False
fpq_823,fpq,unstable,True,False,False,False,False,False
fpq_824,fpq,stable_yes,True,True,True,False,True,False
fpq_827,fpq,stable_yes,True,False,False,False,False,False
fpq_828,fpq,unstable,True,False,False,True,False,False
fpq_829,fpq,unstable,True,True,False,False,False,False
fpq_830,fpq,stable_yes,True,False,False,False,False,False
fpq_831,fpq,stable_yes,True,False,False,False,False,False
fpq_832,fpq,stable_no,True,False,False,False,False,False
fpq_833,fpq,stable_yes,True,False,True,False,False,True
fpq_834,fpq,stable_yes,True,True,True,False,False,False
fpq_835,fpq,stable_yes_to_no,True,False,False,False,False,False
fpq_836,fpq,unstable,True,False,False,False,False,True
fpq_837,fpq,stable_no,True,False,False,False,False,False
fpq_838,fpq,stable_yes,False,True,True,False,True,False
fpq_839,fpq,stable_yes,True,False,False,False,False,False
fpq_84,fpq,stable_no,True,False,False,False,False,False
fpq_840,fpq,unstable,True,False,False,False,False,False
fpq_844,fpq,stable_yes,True,False,True,False,False,False
fpq_846,fpq,unstable,True,False,False,False,False,False
fpq_847,fpq,stable_no,True,False,False,False,False,False
fpq_848,fpq,stable_yes,True,False,False,True,False,False
fpq_849,fpq,stable_yes,True,False,False,False,False,False
fpq_85,fpq,stable_no,True,False,False,False,False,False
fpq_850,fpq,stable_yes,True,False,False,False,False,False
fpq_851,fpq,stable_yes,True,False,False,False,True,False
fpq_852,fpq,stable_yes,False,False,False,False,False,False
fpq_854,fpq,stable_yes_to_no,True,False,False,False,False,False
fpq_855,fpq,stable_no,True,False,False,False,False,False
fpq_858,fpq,stable_no,True,True,False,False,False,False
fpq_859,fpq,stable_yes_to_no,True,False,False,True,False,False
fpq_860,fpq,stable_no,True,False,False,False,False,False
fpq_861,fpq,stable_no,True,True,False,True,False,False
fpq_862,fpq,stable_yes,True,True,True,False,False,False
fpq_863,fpq,stable_yes,True,True,True,False,False,False
fpq_864,fpq,stable_no,True,True,False,False,False,False
fpq_865,fpq,stable_yes,True,False,False,False,False,False
fpq_866,fpq,unstable,True,True,False,True,False,False
fpq_869,fpq,stable_yes,True,False,False,False,False,False
fpq_87,fpq,stable_no,True,False,False,False,False,False
fpq_870,fpq,stable_no,True,False,False,False,False,False
fpq_871,fpq,stable_no,True,False,False,False,False,False
fpq_872,fpq,stable_no,True,False,False,False,False,False
fpq_88,fpq,stable_yes,True,False,False,False,False,False
fpq_89,fpq,stable_no,True,False,False,False,False,False
fpq_9,fpq,stable_yes,True,False,True,False,True,True
fpq_90,fpq,stable_no,True,False,False,False,False,False
fpq_91,fpq,stable_yes_to_no,True,False,False,False,False,False
fpq_92,fpq,stable_no,True,False,False,False,False,False
fpq_94,fpq,stable_no,True,False,False,False,False,True
fpq_95,fpq,stable_no,True,False,False,False,False,False
fpq_96,fpq,unstable,True,False,False,False,False,False
fpq_97,fpq,stable_no,True,False,False,False,False,False
fpq_98,fpq,stable_yes_to_no,True,False,False,False,False,False
fpq_99,fpq,stable_yes,True,False,False,False,False,False
nfp_1000,nfp,unstable,True,True,False,False,False,True
nfp_1001,nfp,stable_yes,True,True,True,True,False,True
nfp_1002,nfp,stable_yes,False,True,True,False,False,False
nfp_1003,nfp,stable_no,True,False,False,False,False,False
nfp_1004,nfp,stable_no,True,False,False,False,False,False
nfp_1005,nfp,stable_yes_to_no,True,False,False,False,True,False
nfp_1006,nfp,stable_no,True,False,False,False,False,False
nfp_1008,nfp,stable_no,True,False,False,False,False,False
nfp_1009,nfp,stable_yes,True,False,False,False,False,False
nfp_1010,nfp,stable_yes,True,False,False,False,False,False
nfp_1011,nfp,stable_no,True,False,False,False,False,False
nfp_1012,nfp,stable_no,True,False,False,False,False,True
nfp_1013,nfp,stable_no,True,False,False,False,False,False
nfp_1014,nfp,stable_no,True,True,False,False,False,True
nfp_1015,nfp,stable_no,True,False,False,False,False,False
nfp_1016,nfp,unstable,True,False,False,False,False,False
nfp_1017,nfp,stable_no,True,False,False,False,False,False
nfp_1018,nfp,stable_no,True,False,False,False,False,False
nfp_1019,nfp,stable_no,True,False,False,False,False,False
nfp_1020,nfp,unstable,True,True,True,False,False,False
nfp_1021,nfp,stable_yes,True,True,True,False,False,False
nfp_1022,nfp,stable_no,True,False,False,False,True,False
nfp_1023,nfp,unstable,True,False,False,False,False,False
nfp_1024,nfp,unstable,True,True,False,False,False,False
nfp_1025,nfp,stable_no,True,False,False,False,True,False
nfp_1026,nfp,unstable,True,False,False,False,False,False
nfp_1027,nfp,stable_no,True,False,False,False,False,False
nfp_1028,nfp,stable_no,True,False,False,False,False,False
nfp_1029,nfp,stable_yes,True,False,False,False,True,False
nfp_1030,nfp,unstable,True,False,False,False,False,False
nfp_1031,nfp,stable_yes_to_no,True,False,False,False,False,True
nfp_1032,nfp,stable_yes_to_no,True,False,False,True,False,True
nfp_1033,nfp,stable_no,True,True,False,True,False,True
nfp_1034,nfp,unstable,True,False,False,False,False,False
nfp_1035,nfp,stable_no,True,True,False,True,False,False
nfp_1036,nfp,stable_no,True,False,False,True,False,False
nfp_1037,nfp,stable_yes_to_no,True,False,False,False,True,True
nfp_1038,nfp,stable_no,True,False,False,True,False,False
nfp_1039,nfp,unstable,True,False,False,False,False,False
nfp_1040,nfp,stable_no,True,False,False,True,True,False
nfp_1041,nfp,stable_no,True,False,False,False,False,False
nfp_1042,nfp,unstable,True,False,False,True,False,False
nfp_1043,nfp,stable_no,True,False,False,True,False,False
nfp_1044,nfp,stable_no,True,False,False,False,False,False
nfp_1045,nfp,stable_yes_to_no,True,False,False,False,False,False
nfp_1046,nfp,stable_no,True,False,False,False,False,False
nfp_1047,nfp,unstable,True,False,False,True,False,True
nfp_1048,nfp,stable_no,True,False,False,False,False,False
nfp_1049,nfp,stable_no,True,False,False,False,False,False
nfp_1050,nfp,stable_no,True,False,False,False,False,False
nfp_1051,nfp,stable_no,True,False,False,False,False,False
nfp_1052,nfp,unstable,True,False,False,False,False,False
nfp_1053,nfp,stable_no,False,False,False,False,False,False
nfp_1054,nfp,stable_yes_to_no,True,False,False,True,True,False
nfp_1055,nfp,stable_yes_to_no,True,False,False,True,False,False
nfp_1056,nfp,stable_no,True,False,False,False,False,False
nfp_1057,nfp,stable_yes_to_no,True,False,False,False,False,False
nfp_1058,nfp,unstable,True,False,False,True,False,False
nfp_1059,nfp,stable_no,True,False,False,True,False,False
nfp_1060,nfp,stable_yes,True,False,False,False,False,False
nfp_1061,nfp,stable_no,False,True,False,False,False,False
nfp_1062,nfp,unstable,True,False,False,True,False,False
nfp_1063,nfp,stable_yes,True,True,True,True,False,False
nfp_1064,nfp,stable_no,True,True,False,False,False,False
nfp_1065,nfp,stable_no,False,True,False,False,False,False
nfp_1066,nfp,stable_no,True,False,False,False,False,False
nfp_1067,nfp,stable_no,True,False,False,False,False,False
nfp_1068,nfp,stable_no,True,False,False,False,False,False
nfp_1069,nfp,unstable,True,False,False,False,True,False
nfp_1070,nfp,stable_no,True,False,False,True,False,False
nfp_1071,nfp,stable_no,True,False,False,True,False,False
nfp_1072,nfp,unstable,True,True,False,False,False,False
nfp_1073,nfp,stable_no,True,False,False,False,False,False
nfp_1074,nfp,unstable,True,False,False,True,False,True
nfp_1075,nfp,unstable,True,False,False,False,False,False
nfp_1076,nfp,stable_yes,True,False,False,False,False,False
nfp_1077,nfp,stable_no,True,True,False,False,False,False
nfp_1078,nfp,unstable,True,False,False,True,False,True
nfp_1079,nfp,unstable,True,True,False,True,False,False
nfp_1080,nfp,stable_yes_to_no,True,False,False,True,False,False
nfp_1081,nfp,stable_no,True,False,False,False,False,False
nfp_1082,nfp,stable_yes_to_no,True,False,False,False,False,False
nfp_1083,nfp,stable_yes_to_no,True,True,True,False,False,False
nfp_1084,nfp,stable_no,True,False,False,True,False,False
nfp_1085,nfp,stable_no,True,False,False,True,False,True
nfp_1086,nfp,stable_no,True,False,False,True,False,False
nfp_1087,nfp,stable_no,True,True,False,True,False,False
nfp_1088,nfp,unstable,True,False,False,False,False,False
nfp_1089,nfp,stable_yes,True,False,False,False,False,False
nfp_1090,nfp,stable_no,True,False,False,False,False,False
nfp_1091,nfp,stable_no,True,False,False,True,False,False
nfp_1092,nfp,unstable,True,True,False,False,True,False
nfp_1093,nfp,stable_yes_to_no,True,False,False,True,True,False
nfp_1094,nfp,stable_yes_to_no,True,False,False,True,True,False
nfp_1095,nfp,stable_no,True,False,False,False,False,False
nfp_1096,nfp,unstable,True,False,False,True,False,False
nfp_1097,nfp,stable_yes,True,True,True,True,False,True
nfp_1098,nfp,unstable,True,False,False,True,False,False
nfp_1099,nfp,stable_no,True,False,False,True,False,False
nfp_1100,nfp,stable_no,True,False,False,True,False,False
nfp_1101,nfp,unstable,True,False,False,True,True,False
nfp_1102,nfp,stable_no,True,True,False,True,False,False
nfp_1103,nfp,stable_no,True,False,False,False,False,False
nfp_1104,nfp,stable_no,True,True,False,False,False,False
nfp_1105,nfp,unstable,True,True,False,True,False,False
nfp_1106,nfp,stable_no,True,False,False,False,False,False
nfp_1107,nfp,stable_yes,True,True,False,True,False,True
nfp_1108,nfp,stable_yes_to_no,True,True,False,True,False,False
nfp_1109,nfp,stable_no,True,False,False,False,True,False
nfp_1110,nfp,stable_no,True,False,False,False,False,False
nfp_1111,nfp,stable_no,True,False,False,False,False,False
nfp_1112,nfp,stable_no,True,False,False,True,False,False
nfp_1113,nfp,unstable,True,False,False,True,False,False
nfp_1114,nfp,stable_no,True,False,False,True,False,False
nfp_1115,nfp,stable_no,True,False,False,False,False,False
nfp_1116,nfp,stable_yes,True,False,True,True,False,True
nfp_1117,nfp,unstable,True,False,True,True,False,True
nfp_1118,nfp,stable_no,True,False,False,False,False,False
nfp_1119,nfp,stable_yes_to_no,True,False,False,False,False,False
nfp_1120,nfp,unstable,True,True,False,True,False,False
nfp_1121,nfp,stable_yes_to_no,True,False,False,True,False,True
nfp_1122,nfp,unstable,True,False,False,True,False,False
nfp_1123,nfp,stable_no,True,False,False,True,False,False
nfp_1124,nfp,stable_no,True,False,False,True,False,False
nfp_1125,nfp,stable_no,True,False,False,True,False,False
nfp_1126,nfp,stable_no,True,False,False,True,False,False
nfp_1127,nfp,unstable,True,False,False,True,False,True
nfp_1128,nfp,stable_yes_to_no,True,False,False,True,False,False
nfp_1129,nfp,stable_yes_to_no,True,False,False,True,False,True
nfp_1130,nfp,stable_yes,True,False,False,True,False,False
nfp_1131,nfp,stable_yes_to_no,True,True,False,True,False,True
nfp_1132,nfp,stable_yes_to_no,True,False,False,True,True,True
nfp_1133,nfp,stable_yes_to_no,True,False,False,True,False,False
nfp_1134,nfp,unstable,True,False,False,False,False,False
nfp_1135,nfp,stable_no,True,True,False,False,False,False
nfp_1136,nfp,unstable,True,False,False,False,False,True
nfp_1137,nfp,stable_no,True,False,False,True,False,True
nfp_1138,nfp,stable_no,True,False,False,False,False,False
nfp_1139,nfp,stable_yes_to_no,True,False,False,True,False,True
nfp_1140,nfp,stable_no,True,False,False,True,False,False
nfp_1141,nfp,stable_no,True,False,False,True,False,False
nfp_1142,nfp,unstable,True,False,False,True,True,False
nfp_1143,nfp,stable_yes_to_no,True,False,False,True,False,True
nfp_1144,nfp,stable_no,True,True,False,True,False,False
nfp_1145,nfp,stable_no,True,False,False,True,True,False
nfp_1146,nfp,stable_no,True,False,False,True,False,False
nfp_1147,nfp,stable_yes_to_no,True,True,False,True,False,True
nfp_1148,nfp,stable_yes_to_no,True,False,False,True,True,False
nfp_1149,nfp,stable_no,True,False,False,False,False,False
