model,condition,dataset,answers,broad_AI_tagged,broad_AI_tag_percent
qwen25,plain,fpq,582,10,1.7182130584192439
qwen25,premise_review,fpq,582,26,4.4673539518900345
qwen25,plain,nfp,149,3,2.0134228187919465
qwen25,premise_review,nfp,149,1,0.6711409395973155
gemma,plain,fpq,583,14,2.4013722126929675
gemma,premise_review_answer,fpq,583,17,2.9159519725557463
gemma,plain,nfp,149,6,4.026845637583893
gemma,premise_review_answer,nfp,149,3,2.0134228187919465
luna,plain,fpq,583,17,2.9159519725557463
luna,balanced,fpq,583,10,1.7152658662092624
luna,plain,nfp,149,11,7.382550335570469
luna,balanced,nfp,149,10,6.7114093959731544
qwen38_off,plain,fpq,583,22,3.7735849056603774
qwen38_off,zero_shot_cot_one_step,fpq,583,21,3.6020583190394513
qwen38_off,plain,nfp,149,10,6.7114093959731544
qwen38_off,zero_shot_cot_one_step,nfp,149,8,5.369127516778524
qwen38_on,plain,fpq,583,21,3.6020583190394513
qwen38_on,zero_shot_cot_one_step,fpq,583,15,2.5728987993138936
qwen38_on,plain,nfp,149,13,8.724832214765101
qwen38_on,zero_shot_cot_one_step,nfp,149,9,6.040268456375839
