dataset,feature,present,n,before_yes,after_yes,yes_to_no,no_to_yes,yes_to_no_among_before_yes
fpq,has_individual_claim,False,37,23,21,3,1,0.13043478260869565
fpq,has_individual_claim,True,546,342,204,144,6,0.42105263157894735
fpq,has_general_claim,False,423,259,145,118,4,0.4555984555984556
fpq,has_general_claim,True,160,106,80,29,3,0.27358490566037735
fpq,has_ambiguous_claim,False,468,281,164,121,4,0.4306049822064057
fpq,has_ambiguous_claim,True,115,84,61,26,3,0.30952380952380953
fpq,has_clinician_reported_individual_claim,False,511,328,210,125,7,0.38109756097560976
fpq,has_clinician_reported_individual_claim,True,72,37,15,22,0,0.5945945945945946
fpq,has_explicit_diagnosis_to_outcome_inference,False,391,216,127,93,4,0.4305555555555556
fpq,has_explicit_diagnosis_to_outcome_inference,True,192,149,98,54,3,0.3624161073825503
fpq,has_queried_claim,False,327,216,139,81,4,0.375
fpq,has_queried_claim,True,256,149,86,66,3,0.4429530201342282
fpq,clinician_individual_sensitivity,False,520,332,212,127,7,0.3825301204819277
fpq,clinician_individual_sensitivity,True,63,33,13,20,0,0.6060606060606061
nfp,has_individual_claim,False,7,1,1,0,0,0.0
nfp,has_individual_claim,True,142,58,22,36,0,0.6206896551724138
nfp,has_general_claim,False,120,46,17,29,0,0.6304347826086957
nfp,has_general_claim,True,29,13,6,7,0,0.5384615384615384
nfp,has_ambiguous_claim,False,121,46,15,31,0,0.6739130434782609
nfp,has_ambiguous_claim,True,28,13,8,5,0,0.38461538461538464
nfp,has_clinician_reported_individual_claim,False,85,29,17,12,0,0.41379310344827586
nfp,has_clinician_reported_individual_claim,True,64,30,6,24,0,0.8
nfp,has_explicit_diagnosis_to_outcome_inference,False,101,32,13,19,0,0.59375
nfp,has_explicit_diagnosis_to_outcome_inference,True,48,27,10,17,0,0.6296296296296297
nfp,has_queried_claim,False,77,36,16,20,0,0.5555555555555556
nfp,has_queried_claim,True,72,23,7,16,0,0.6956521739130435
nfp,clinician_individual_sensitivity,False,85,29,17,12,0,0.41379310344827586
nfp,clinician_individual_sensitivity,True,64,30,6,24,0,0.8
