dataset,model,condition,well_group,type,n,denominator,percent
fpq,qwen25,plain,below4,misses_target,193,568,33.978873239436616
fpq,qwen25,plain,below4,endorses_target_error,231,568,40.66901408450704
fpq,qwen25,plain,below4,related_without_correction,98,568,17.253521126760564
fpq,qwen25,plain,below4,corrects_target,46,568,8.098591549295774
fpq,qwen25,plain,below4,unclear,0,568,0.0
fpq,qwen25,alternative,below4,misses_target,132,521,25.335892514395393
fpq,qwen25,alternative,below4,endorses_target_error,211,521,40.49904030710173
fpq,qwen25,alternative,below4,related_without_correction,113,521,21.689059500959694
fpq,qwen25,alternative,below4,corrects_target,65,521,12.476007677543187
fpq,qwen25,alternative,below4,unclear,0,521,0.0
fpq,gemma,plain,below4,misses_target,197,558,35.30465949820788
fpq,gemma,plain,below4,endorses_target_error,175,558,31.36200716845878
fpq,gemma,plain,below4,related_without_correction,129,558,23.118279569892472
fpq,gemma,plain,below4,corrects_target,57,558,10.21505376344086
fpq,gemma,plain,below4,unclear,0,558,0.0
fpq,gemma,alternative,below4,misses_target,114,343,33.23615160349854
fpq,gemma,alternative,below4,endorses_target_error,107,343,31.19533527696793
fpq,gemma,alternative,below4,related_without_correction,73,343,21.282798833819243
fpq,gemma,alternative,below4,corrects_target,49,343,14.285714285714286
fpq,gemma,alternative,below4,unclear,0,343,0.0
fpq,luna,plain,below4,misses_target,109,322,33.850931677018636
fpq,luna,plain,below4,endorses_target_error,20,322,6.211180124223603
fpq,luna,plain,below4,related_without_correction,99,322,30.74534161490683
fpq,luna,plain,below4,corrects_target,94,322,29.19254658385093
fpq,luna,plain,below4,unclear,0,322,0.0
fpq,luna,alternative,below4,misses_target,37,148,25.0
fpq,luna,alternative,below4,endorses_target_error,9,148,6.081081081081081
fpq,luna,alternative,below4,related_without_correction,45,148,30.405405405405407
fpq,luna,alternative,below4,corrects_target,57,148,38.513513513513516
fpq,luna,alternative,below4,unclear,0,148,0.0
fpq,qwen38_off,plain,below4,misses_target,102,293,34.81228668941979
fpq,qwen38_off,plain,below4,endorses_target_error,65,293,22.18430034129693
fpq,qwen38_off,plain,below4,related_without_correction,82,293,27.986348122866893
fpq,qwen38_off,plain,below4,corrects_target,44,293,15.017064846416382
fpq,qwen38_off,plain,below4,unclear,0,293,0.0
fpq,qwen38_off,alternative,below4,misses_target,97,264,36.74242424242424
fpq,qwen38_off,alternative,below4,endorses_target_error,55,264,20.833333333333332
fpq,qwen38_off,alternative,below4,related_without_correction,68,264,25.757575757575758
fpq,qwen38_off,alternative,below4,corrects_target,43,264,16.28787878787879
fpq,qwen38_off,alternative,below4,unclear,1,264,0.3787878787878788
fpq,qwen38_on,plain,below4,misses_target,101,346,29.190751445086704
fpq,qwen38_on,plain,below4,endorses_target_error,76,346,21.965317919075144
fpq,qwen38_on,plain,below4,related_without_correction,105,346,30.346820809248555
fpq,qwen38_on,plain,below4,corrects_target,64,346,18.497109826589597
fpq,qwen38_on,plain,below4,unclear,0,346,0.0
fpq,qwen38_on,alternative,below4,misses_target,95,332,28.6144578313253
fpq,qwen38_on,alternative,below4,endorses_target_error,84,332,25.301204819277107
fpq,qwen38_on,alternative,below4,related_without_correction,82,332,24.698795180722893
fpq,qwen38_on,alternative,below4,corrects_target,70,332,21.08433734939759
fpq,qwen38_on,alternative,below4,unclear,1,332,0.30120481927710846
fpq,qwen25,plain,atleast4,misses_target,0,14,0.0
fpq,qwen25,plain,atleast4,endorses_target_error,0,14,0.0
fpq,qwen25,plain,atleast4,related_without_correction,0,14,0.0
fpq,qwen25,plain,atleast4,corrects_target,14,14,100.0
fpq,qwen25,plain,atleast4,unclear,0,14,0.0
fpq,qwen25,alternative,atleast4,misses_target,0,61,0.0
fpq,qwen25,alternative,atleast4,endorses_target_error,0,61,0.0
fpq,qwen25,alternative,atleast4,related_without_correction,0,61,0.0
fpq,qwen25,alternative,atleast4,corrects_target,61,61,100.0
fpq,qwen25,alternative,atleast4,unclear,0,61,0.0
fpq,gemma,plain,atleast4,misses_target,0,25,0.0
fpq,gemma,plain,atleast4,endorses_target_error,0,25,0.0
fpq,gemma,plain,atleast4,related_without_correction,0,25,0.0
fpq,gemma,plain,atleast4,corrects_target,25,25,100.0
fpq,gemma,plain,atleast4,unclear,0,25,0.0
fpq,gemma,alternative,atleast4,misses_target,0,240,0.0
fpq,gemma,alternative,atleast4,endorses_target_error,0,240,0.0
fpq,gemma,alternative,atleast4,related_without_correction,0,240,0.0
fpq,gemma,alternative,atleast4,corrects_target,240,240,100.0
fpq,gemma,alternative,atleast4,unclear,0,240,0.0
fpq,luna,plain,atleast4,misses_target,0,261,0.0
fpq,luna,plain,atleast4,endorses_target_error,0,261,0.0
fpq,luna,plain,atleast4,related_without_correction,1,261,0.3831417624521073
fpq,luna,plain,atleast4,corrects_target,260,261,99.61685823754789
fpq,luna,plain,atleast4,unclear,0,261,0.0
fpq,luna,alternative,atleast4,misses_target,0,435,0.0
fpq,luna,alternative,atleast4,endorses_target_error,0,435,0.0
fpq,luna,alternative,atleast4,related_without_correction,1,435,0.22988505747126436
fpq,luna,alternative,atleast4,corrects_target,433,435,99.54022988505747
fpq,luna,alternative,atleast4,unclear,1,435,0.22988505747126436
fpq,qwen38_off,plain,atleast4,misses_target,0,290,0.0
fpq,qwen38_off,plain,atleast4,endorses_target_error,0,290,0.0
fpq,qwen38_off,plain,atleast4,related_without_correction,2,290,0.6896551724137931
fpq,qwen38_off,plain,atleast4,corrects_target,288,290,99.3103448275862
fpq,qwen38_off,plain,atleast4,unclear,0,290,0.0
fpq,qwen38_off,alternative,atleast4,misses_target,0,319,0.0
fpq,qwen38_off,alternative,atleast4,endorses_target_error,0,319,0.0
fpq,qwen38_off,alternative,atleast4,related_without_correction,0,319,0.0
fpq,qwen38_off,alternative,atleast4,corrects_target,319,319,100.0
fpq,qwen38_off,alternative,atleast4,unclear,0,319,0.0
fpq,qwen38_on,plain,atleast4,misses_target,0,237,0.0
fpq,qwen38_on,plain,atleast4,endorses_target_error,0,237,0.0
fpq,qwen38_on,plain,atleast4,related_without_correction,3,237,1.2658227848101267
fpq,qwen38_on,plain,atleast4,corrects_target,234,237,98.73417721518987
fpq,qwen38_on,plain,atleast4,unclear,0,237,0.0
fpq,qwen38_on,alternative,atleast4,misses_target,0,251,0.0
fpq,qwen38_on,alternative,atleast4,endorses_target_error,0,251,0.0
fpq,qwen38_on,alternative,atleast4,related_without_correction,1,251,0.398406374501992
fpq,qwen38_on,alternative,atleast4,corrects_target,250,251,99.60159362549801
fpq,qwen38_on,alternative,atleast4,unclear,0,251,0.0
nfp,qwen25,plain,below4,challenge,0,0,
nfp,qwen25,plain,below4,qualification,0,0,
nfp,qwen25,plain,below4,none,0,0,
nfp,qwen25,plain,below4,unclear,0,0,
nfp,qwen25,alternative,below4,challenge,5,8,62.5
nfp,qwen25,alternative,below4,qualification,2,8,25.0
nfp,qwen25,alternative,below4,none,1,8,12.5
nfp,qwen25,alternative,below4,unclear,0,8,0.0
nfp,gemma,plain,below4,challenge,0,0,
nfp,gemma,plain,below4,qualification,0,0,
nfp,gemma,plain,below4,none,0,0,
nfp,gemma,plain,below4,unclear,0,0,
nfp,gemma,alternative,below4,challenge,29,32,90.625
nfp,gemma,alternative,below4,qualification,3,32,9.375
nfp,gemma,alternative,below4,none,0,32,0.0
nfp,gemma,alternative,below4,unclear,0,32,0.0
nfp,luna,plain,below4,challenge,10,16,62.5
nfp,luna,plain,below4,qualification,6,16,37.5
nfp,luna,plain,below4,none,0,16,0.0
nfp,luna,plain,below4,unclear,0,16,0.0
nfp,luna,alternative,below4,challenge,48,66,72.72727272727273
nfp,luna,alternative,below4,qualification,18,66,27.272727272727273
nfp,luna,alternative,below4,none,0,66,0.0
nfp,luna,alternative,below4,unclear,0,66,0.0
nfp,qwen38_off,plain,below4,challenge,26,30,86.66666666666667
nfp,qwen38_off,plain,below4,qualification,3,30,10.0
nfp,qwen38_off,plain,below4,none,1,30,3.3333333333333335
nfp,qwen38_off,plain,below4,unclear,0,30,0.0
nfp,qwen38_off,alternative,below4,challenge,36,43,83.72093023255815
nfp,qwen38_off,alternative,below4,qualification,6,43,13.953488372093023
nfp,qwen38_off,alternative,below4,none,1,43,2.3255813953488373
nfp,qwen38_off,alternative,below4,unclear,0,43,0.0
nfp,qwen38_on,plain,below4,challenge,16,17,94.11764705882354
nfp,qwen38_on,plain,below4,qualification,1,17,5.882352941176471
nfp,qwen38_on,plain,below4,none,0,17,0.0
nfp,qwen38_on,plain,below4,unclear,0,17,0.0
nfp,qwen38_on,alternative,below4,challenge,17,18,94.44444444444444
nfp,qwen38_on,alternative,below4,qualification,1,18,5.555555555555555
nfp,qwen38_on,alternative,below4,none,0,18,0.0
nfp,qwen38_on,alternative,below4,unclear,0,18,0.0
nfp,qwen25,plain,atleast4,challenge,0,149,0.0
nfp,qwen25,plain,atleast4,qualification,33,149,22.14765100671141
nfp,qwen25,plain,atleast4,none,116,149,77.85234899328859
nfp,qwen25,plain,atleast4,unclear,0,149,0.0
nfp,qwen25,alternative,atleast4,challenge,4,141,2.8368794326241136
nfp,qwen25,alternative,atleast4,qualification,30,141,21.27659574468085
nfp,qwen25,alternative,atleast4,none,107,141,75.88652482269504
nfp,qwen25,alternative,atleast4,unclear,0,141,0.0
nfp,gemma,plain,atleast4,challenge,2,149,1.342281879194631
nfp,gemma,plain,atleast4,qualification,54,149,36.241610738255034
nfp,gemma,plain,atleast4,none,93,149,62.41610738255034
nfp,gemma,plain,atleast4,unclear,0,149,0.0
nfp,gemma,alternative,atleast4,challenge,6,117,5.128205128205129
nfp,gemma,alternative,atleast4,qualification,41,117,35.042735042735046
nfp,gemma,alternative,atleast4,none,70,117,59.82905982905983
nfp,gemma,alternative,atleast4,unclear,0,117,0.0
nfp,luna,plain,atleast4,challenge,20,133,15.037593984962406
nfp,luna,plain,atleast4,qualification,85,133,63.909774436090224
nfp,luna,plain,atleast4,none,28,133,21.05263157894737
nfp,luna,plain,atleast4,unclear,0,133,0.0
nfp,luna,alternative,atleast4,challenge,17,83,20.481927710843372
nfp,luna,alternative,atleast4,qualification,62,83,74.6987951807229
nfp,luna,alternative,atleast4,none,4,83,4.819277108433735
nfp,luna,alternative,atleast4,unclear,0,83,0.0
nfp,qwen38_off,plain,atleast4,challenge,12,119,10.084033613445378
nfp,qwen38_off,plain,atleast4,qualification,54,119,45.378151260504204
nfp,qwen38_off,plain,atleast4,none,53,119,44.53781512605042
nfp,qwen38_off,plain,atleast4,unclear,0,119,0.0
nfp,qwen38_off,alternative,atleast4,challenge,13,106,12.264150943396226
nfp,qwen38_off,alternative,atleast4,qualification,56,106,52.83018867924528
nfp,qwen38_off,alternative,atleast4,none,37,106,34.905660377358494
nfp,qwen38_off,alternative,atleast4,unclear,0,106,0.0
nfp,qwen38_on,plain,atleast4,challenge,8,132,6.0606060606060606
nfp,qwen38_on,plain,atleast4,qualification,77,132,58.333333333333336
nfp,qwen38_on,plain,atleast4,none,47,132,35.60606060606061
nfp,qwen38_on,plain,atleast4,unclear,0,132,0.0
nfp,qwen38_on,alternative,atleast4,challenge,14,131,10.687022900763358
nfp,qwen38_on,alternative,atleast4,qualification,67,131,51.14503816793893
nfp,qwen38_on,alternative,atleast4,none,50,131,38.16793893129771
nfp,qwen38_on,alternative,atleast4,unclear,0,131,0.0
