dataset,model,plain_low,alternative_low,plain_code,alternative_code,n
fpq,qwen25,True,False,corrects_target,corrects_target,15
fpq,qwen25,True,True,endorses_target_error,corrects_target,23
fpq,qwen25,True,True,endorses_target_error,endorses_target_error,118
fpq,qwen25,True,True,misses_target,misses_target,70
fpq,qwen25,True,True,related_without_correction,corrects_target,14
fpq,qwen25,True,True,misses_target,related_without_correction,30
fpq,qwen25,True,False,endorses_target_error,corrects_target,18
fpq,qwen25,True,True,misses_target,endorses_target_error,67
fpq,qwen25,True,True,endorses_target_error,related_without_correction,34
fpq,qwen25,True,True,misses_target,corrects_target,15
fpq,qwen25,False,True,corrects_target,corrects_target,4
fpq,qwen25,True,True,endorses_target_error,misses_target,38
fpq,qwen25,True,True,related_without_correction,misses_target,19
fpq,qwen25,True,True,corrects_target,related_without_correction,9
fpq,qwen25,True,True,related_without_correction,related_without_correction,37
fpq,qwen25,True,True,corrects_target,misses_target,5
fpq,qwen25,True,True,corrects_target,corrects_target,9
fpq,qwen25,True,True,related_without_correction,endorses_target_error,16
fpq,qwen25,False,False,corrects_target,corrects_target,5
fpq,qwen25,True,False,related_without_correction,corrects_target,12
fpq,qwen25,True,False,misses_target,corrects_target,11
fpq,qwen25,True,True,corrects_target,endorses_target_error,8
fpq,qwen25,False,True,corrects_target,endorses_target_error,2
fpq,qwen25,False,True,corrects_target,related_without_correction,3
fpq,gemma,True,False,related_without_correction,corrects_target,61
fpq,gemma,True,False,endorses_target_error,corrects_target,68
fpq,gemma,True,True,endorses_target_error,endorses_target_error,45
fpq,gemma,True,True,misses_target,misses_target,71
fpq,gemma,True,True,corrects_target,endorses_target_error,4
fpq,gemma,True,True,related_without_correction,misses_target,17
fpq,gemma,True,True,related_without_correction,related_without_correction,18
fpq,gemma,True,True,endorses_target_error,misses_target,23
fpq,gemma,True,False,misses_target,corrects_target,52
fpq,gemma,True,True,misses_target,related_without_correction,24
fpq,gemma,True,True,misses_target,endorses_target_error,41
fpq,gemma,True,True,corrects_target,misses_target,3
fpq,gemma,True,True,related_without_correction,endorses_target_error,17
fpq,gemma,True,True,endorses_target_error,corrects_target,14
fpq,gemma,True,True,endorses_target_error,related_without_correction,25
fpq,gemma,True,True,related_without_correction,corrects_target,16
fpq,gemma,True,False,corrects_target,corrects_target,38
fpq,gemma,False,False,corrects_target,corrects_target,21
fpq,gemma,True,True,misses_target,corrects_target,9
fpq,gemma,True,True,corrects_target,corrects_target,7
fpq,gemma,False,True,corrects_target,corrects_target,3
fpq,gemma,True,True,corrects_target,related_without_correction,5
fpq,gemma,False,True,corrects_target,related_without_correction,1
fpq,luna,False,False,corrects_target,corrects_target,255
fpq,luna,True,True,misses_target,misses_target,29
fpq,luna,True,True,misses_target,related_without_correction,20
fpq,luna,True,True,endorses_target_error,endorses_target_error,4
fpq,luna,True,True,misses_target,corrects_target,17
fpq,luna,True,False,corrects_target,corrects_target,76
fpq,luna,True,False,related_without_correction,corrects_target,53
fpq,luna,True,False,misses_target,corrects_target,37
fpq,luna,True,True,corrects_target,corrects_target,15
fpq,luna,True,True,related_without_correction,misses_target,7
fpq,luna,True,True,related_without_correction,related_without_correction,18
fpq,luna,True,True,related_without_correction,corrects_target,21
fpq,luna,True,False,endorses_target_error,corrects_target,12
fpq,luna,True,True,endorses_target_error,misses_target,1
fpq,luna,True,True,corrects_target,related_without_correction,3
fpq,luna,True,True,endorses_target_error,related_without_correction,3
fpq,luna,True,True,misses_target,endorses_target_error,5
fpq,luna,False,True,corrects_target,related_without_correction,1
fpq,luna,False,True,corrects_target,corrects_target,4
fpq,luna,True,False,misses_target,unclear,1
fpq,luna,False,False,related_without_correction,related_without_correction,1
fpq,qwen38_off,False,False,corrects_target,corrects_target,244
fpq,qwen38_off,True,True,endorses_target_error,endorses_target_error,26
fpq,qwen38_off,True,True,misses_target,misses_target,55
fpq,qwen38_off,False,True,corrects_target,related_without_correction,14
fpq,qwen38_off,True,False,related_without_correction,corrects_target,24
fpq,qwen38_off,True,True,misses_target,endorses_target_error,13
fpq,qwen38_off,True,False,misses_target,corrects_target,13
fpq,qwen38_off,True,True,related_without_correction,misses_target,19
fpq,qwen38_off,True,True,related_without_correction,related_without_correction,22
fpq,qwen38_off,True,True,misses_target,related_without_correction,19
fpq,qwen38_off,True,True,corrects_target,misses_target,3
fpq,qwen38_off,True,False,corrects_target,corrects_target,27
fpq,qwen38_off,True,True,endorses_target_error,related_without_correction,8
fpq,qwen38_off,True,False,endorses_target_error,corrects_target,9
fpq,qwen38_off,True,True,endorses_target_error,misses_target,18
fpq,qwen38_off,True,True,endorses_target_error,corrects_target,4
fpq,qwen38_off,False,True,corrects_target,corrects_target,21
fpq,qwen38_off,True,True,related_without_correction,endorses_target_error,8
fpq,qwen38_off,True,True,corrects_target,related_without_correction,5
fpq,qwen38_off,False,True,corrects_target,endorses_target_error,7
fpq,qwen38_off,True,True,related_without_correction,corrects_target,9
fpq,qwen38_off,True,True,corrects_target,corrects_target,8
fpq,qwen38_off,False,True,corrects_target,misses_target,2
fpq,qwen38_off,True,True,corrects_target,endorses_target_error,1
fpq,qwen38_off,True,True,misses_target,corrects_target,1
fpq,qwen38_off,True,True,misses_target,unclear,1
fpq,qwen38_off,False,False,related_without_correction,corrects_target,2
fpq,qwen38_on,False,False,corrects_target,corrects_target,204
fpq,qwen38_on,True,True,misses_target,related_without_correction,20
fpq,qwen38_on,True,True,related_without_correction,misses_target,29
fpq,qwen38_on,True,True,endorses_target_error,corrects_target,10
fpq,qwen38_on,True,True,misses_target,misses_target,49
fpq,qwen38_on,True,True,corrects_target,related_without_correction,9
fpq,qwen38_on,True,False,related_without_correction,corrects_target,16
fpq,qwen38_on,True,True,endorses_target_error,related_without_correction,16
fpq,qwen38_on,True,True,misses_target,corrects_target,6
fpq,qwen38_on,False,True,corrects_target,corrects_target,14
fpq,qwen38_on,False,False,related_without_correction,corrects_target,3
fpq,qwen38_on,True,True,related_without_correction,related_without_correction,25
fpq,qwen38_on,True,True,corrects_target,corrects_target,20
fpq,qwen38_on,True,True,related_without_correction,corrects_target,20
fpq,qwen38_on,True,True,endorses_target_error,endorses_target_error,37
fpq,qwen38_on,False,True,corrects_target,related_without_correction,12
fpq,qwen38_on,True,True,misses_target,endorses_target_error,22
fpq,qwen38_on,True,False,corrects_target,corrects_target,22
fpq,qwen38_on,True,True,endorses_target_error,misses_target,11
fpq,qwen38_on,True,True,related_without_correction,endorses_target_error,15
fpq,qwen38_on,True,True,corrects_target,endorses_target_error,8
fpq,qwen38_on,True,False,misses_target,corrects_target,3
fpq,qwen38_on,False,True,corrects_target,endorses_target_error,2
fpq,qwen38_on,False,True,corrects_target,misses_target,1
fpq,qwen38_on,False,False,corrects_target,related_without_correction,1
fpq,qwen38_on,True,True,corrects_target,misses_target,5
fpq,qwen38_on,True,False,endorses_target_error,corrects_target,2
fpq,qwen38_on,True,True,misses_target,unclear,1
nfp,qwen25,False,False,none,qualification,18
nfp,qwen25,False,False,none,none,91
nfp,qwen25,False,True,none,challenge,4
nfp,qwen25,False,False,qualification,qualification,12
nfp,qwen25,False,False,qualification,challenge,2
nfp,qwen25,False,False,qualification,none,16
nfp,qwen25,False,True,qualification,qualification,2
nfp,qwen25,False,True,qualification,challenge,1
nfp,qwen25,False,False,none,challenge,2
nfp,qwen25,False,True,none,none,1
nfp,gemma,False,False,qualification,challenge,5
nfp,gemma,False,True,challenge,challenge,2
nfp,gemma,False,True,none,challenge,17
nfp,gemma,False,False,none,none,54
nfp,gemma,False,True,qualification,challenge,10
nfp,gemma,False,False,qualification,qualification,21
nfp,gemma,False,False,qualification,none,16
nfp,gemma,False,False,none,qualification,20
nfp,gemma,False,True,qualification,qualification,2
nfp,gemma,False,False,none,challenge,1
nfp,gemma,False,True,none,qualification,1
nfp,luna,False,False,challenge,challenge,5
nfp,luna,True,True,challenge,challenge,10
nfp,luna,False,True,qualification,challenge,25
nfp,luna,False,False,qualification,qualification,37
nfp,luna,False,True,none,qualification,5
nfp,luna,False,False,none,qualification,19
nfp,luna,False,False,none,none,4
nfp,luna,True,False,qualification,qualification,3
nfp,luna,False,True,qualification,qualification,12
nfp,luna,False,True,challenge,challenge,12
nfp,luna,True,True,qualification,qualification,1
nfp,luna,False,False,challenge,qualification,3
nfp,luna,False,False,qualification,challenge,11
nfp,luna,True,False,qualification,challenge,1
nfp,luna,True,True,qualification,challenge,1
nfp,qwen38_off,True,False,challenge,challenge,2
nfp,qwen38_off,False,True,none,challenge,4
nfp,qwen38_off,False,False,none,none,30
nfp,qwen38_off,True,True,challenge,challenge,19
nfp,qwen38_off,True,True,qualification,challenge,1
nfp,qwen38_off,False,False,none,qualification,14
nfp,qwen38_off,False,False,qualification,qualification,29
nfp,qwen38_off,False,False,challenge,qualification,6
nfp,qwen38_off,False,True,qualification,challenge,10
nfp,qwen38_off,False,True,challenge,challenge,2
nfp,qwen38_off,False,True,none,qualification,3
nfp,qwen38_off,False,False,qualification,none,6
nfp,qwen38_off,False,False,qualification,challenge,6
nfp,qwen38_off,False,False,challenge,challenge,4
nfp,qwen38_off,False,False,none,challenge,1
nfp,qwen38_off,False,True,qualification,qualification,3
nfp,qwen38_off,True,False,qualification,qualification,2
nfp,qwen38_off,True,False,challenge,none,1
nfp,qwen38_off,True,False,challenge,qualification,4
nfp,qwen38_off,True,False,none,qualification,1
nfp,qwen38_off,False,True,none,none,1
nfp,qwen38_on,False,False,challenge,challenge,6
nfp,qwen38_on,True,True,challenge,challenge,13
nfp,qwen38_on,False,False,none,none,30
nfp,qwen38_on,False,False,qualification,qualification,47
nfp,qwen38_on,False,False,none,qualification,16
nfp,qwen38_on,False,False,qualification,none,20
nfp,qwen38_on,False,True,qualification,challenge,3
nfp,qwen38_on,True,False,challenge,qualification,3
nfp,qwen38_on,False,False,qualification,challenge,7
nfp,qwen38_on,False,True,challenge,challenge,1
nfp,qwen38_on,True,True,qualification,qualification,1
nfp,qwen38_on,False,False,challenge,qualification,1
nfp,qwen38_on,False,False,none,challenge,1
