model,dataset,pattern,plain_pattern,alternative_pattern,plain_high,alternative_high,n
qwen25,fpq,target_omitted,0,0,0,1,45
qwen25,fpq,target_omitted,0,0,0,0,268
qwen25,fpq,target_omitted,1,1,0,0,70
qwen25,fpq,target_omitted,1,0,0,0,112
qwen25,fpq,target_omitted,0,0,1,0,9
qwen25,fpq,target_omitted,0,1,0,0,62
qwen25,fpq,target_omitted,0,0,1,1,5
qwen25,fpq,target_omitted,1,0,0,1,11
qwen25,fpq,error_endorsed,0,0,0,1,38
qwen25,fpq,error_endorsed,1,0,0,0,95
qwen25,fpq,error_endorsed,1,1,0,0,118
qwen25,fpq,error_endorsed,0,0,0,0,208
qwen25,fpq,error_endorsed,1,0,0,1,18
qwen25,fpq,error_endorsed,0,1,0,0,91
qwen25,fpq,error_endorsed,0,0,1,0,7
qwen25,fpq,error_endorsed,0,0,1,1,5
qwen25,fpq,error_endorsed,0,1,1,0,2
qwen25,fpq,related_only,0,0,0,1,44
qwen25,fpq,related_only,0,0,0,0,353
qwen25,fpq,related_only,1,0,0,0,49
qwen25,fpq,related_only,0,1,0,0,73
qwen25,fpq,related_only,0,0,1,0,6
qwen25,fpq,related_only,1,1,0,0,37
qwen25,fpq,related_only,0,0,1,1,5
qwen25,fpq,related_only,1,0,0,1,12
qwen25,fpq,related_only,0,1,1,0,3
qwen25,fpq,coded_correction,1,1,0,1,15
qwen25,fpq,coded_correction,0,1,0,0,52
qwen25,fpq,coded_correction,0,0,0,0,429
qwen25,fpq,coded_correction,0,1,0,1,41
qwen25,fpq,coded_correction,1,1,1,0,4
qwen25,fpq,coded_correction,1,0,0,0,22
qwen25,fpq,coded_correction,1,1,0,0,9
qwen25,fpq,coded_correction,1,1,1,1,5
qwen25,fpq,coded_correction,1,0,1,0,5
qwen25,fpq,request_without_target_correction,0,0,0,1,15
qwen25,fpq,request_without_target_correction,1,0,0,0,54
qwen25,fpq,request_without_target_correction,1,1,0,0,422
qwen25,fpq,request_without_target_correction,1,0,0,1,41
qwen25,fpq,request_without_target_correction,0,0,1,0,5
qwen25,fpq,request_without_target_correction,0,1,0,0,26
qwen25,fpq,request_without_target_correction,0,0,0,0,10
qwen25,fpq,request_without_target_correction,0,0,1,1,5
qwen25,fpq,request_without_target_correction,0,1,1,0,4
qwen25,fpq,scope_signal,0,0,0,1,42
qwen25,fpq,scope_signal,1,1,0,0,17
qwen25,fpq,scope_signal,0,0,0,0,370
qwen25,fpq,scope_signal,1,0,0,0,61
qwen25,fpq,scope_signal,0,1,0,0,64
qwen25,fpq,scope_signal,0,0,1,0,8
qwen25,fpq,scope_signal,1,0,0,1,8
qwen25,fpq,scope_signal,0,0,1,1,5
qwen25,fpq,scope_signal,1,1,0,1,1
qwen25,fpq,scope_signal,0,1,0,1,5
qwen25,fpq,scope_signal,0,1,1,0,1
qwen25,fpq,personal_reopened,0,0,0,1,53
qwen25,fpq,personal_reopened,0,0,0,0,495
qwen25,fpq,personal_reopened,0,1,0,0,12
qwen25,fpq,personal_reopened,0,0,1,0,9
qwen25,fpq,personal_reopened,1,0,0,0,4
qwen25,fpq,personal_reopened,0,0,1,1,4
qwen25,fpq,personal_reopened,0,1,0,1,3
qwen25,fpq,personal_reopened,1,0,1,1,1
qwen25,fpq,personal_reopened,1,1,0,0,1
qwen25,fpq,unverifiable_as_false,0,0,0,1,56
qwen25,fpq,unverifiable_as_false,0,0,0,0,512
qwen25,fpq,unverifiable_as_false,0,0,1,0,9
qwen25,fpq,unverifiable_as_false,0,0,1,1,5
qwen25,fpq,challenge,1,1,0,1,5
qwen25,fpq,challenge,0,0,0,0,468
qwen25,fpq,challenge,0,1,0,0,31
qwen25,fpq,challenge,0,1,0,1,48
qwen25,fpq,challenge,0,1,1,0,2
qwen25,fpq,challenge,1,0,0,0,13
qwen25,fpq,challenge,0,1,1,1,1
qwen25,fpq,challenge,1,1,1,1,3
qwen25,fpq,challenge,0,0,1,0,1
qwen25,fpq,challenge,1,0,1,1,1
qwen25,fpq,challenge,1,0,1,0,4
qwen25,fpq,challenge,0,0,0,1,3
qwen25,fpq,challenge,1,1,1,0,2
qwen25,fpq,qualification,0,0,0,1,32
qwen25,fpq,qualification,0,1,0,0,87
qwen25,fpq,qualification,0,0,0,0,328
qwen25,fpq,qualification,1,0,0,0,45
qwen25,fpq,qualification,1,0,1,0,2
qwen25,fpq,qualification,1,1,0,0,52
qwen25,fpq,qualification,1,0,0,1,21
qwen25,fpq,qualification,1,0,1,1,1
qwen25,fpq,qualification,0,0,1,1,3
qwen25,fpq,qualification,1,1,1,0,1
qwen25,fpq,qualification,0,1,1,1,1
qwen25,fpq,qualification,0,0,1,0,4
qwen25,fpq,qualification,0,1,1,0,2
qwen25,fpq,qualification,0,1,0,1,2
qwen25,fpq,qualification,1,1,0,1,1
qwen25,nfp,target_omitted,0,0,1,1,141
qwen25,nfp,target_omitted,0,0,1,0,8
qwen25,nfp,error_endorsed,0,0,1,1,141
qwen25,nfp,error_endorsed,0,0,1,0,8
qwen25,nfp,related_only,0,0,1,1,141
qwen25,nfp,related_only,0,0,1,0,8
qwen25,nfp,coded_correction,0,0,1,1,141
qwen25,nfp,coded_correction,0,0,1,0,8
qwen25,nfp,request_without_target_correction,0,0,1,1,141
qwen25,nfp,request_without_target_correction,0,0,1,0,8
qwen25,nfp,scope_signal,0,0,1,1,128
qwen25,nfp,scope_signal,0,0,1,0,7
qwen25,nfp,scope_signal,0,1,1,1,9
qwen25,nfp,scope_signal,1,0,1,1,3
qwen25,nfp,scope_signal,1,1,1,1,1
qwen25,nfp,scope_signal,1,0,1,0,1
qwen25,nfp,personal_reopened,0,0,1,1,138
qwen25,nfp,personal_reopened,0,0,1,0,6
qwen25,nfp,personal_reopened,0,1,1,0,2
qwen25,nfp,personal_reopened,0,1,1,1,2
qwen25,nfp,personal_reopened,1,1,1,1,1
qwen25,nfp,unverifiable_as_false,0,0,1,1,141
qwen25,nfp,unverifiable_as_false,0,0,1,0,8
qwen25,nfp,challenge,0,0,1,1,137
qwen25,nfp,challenge,0,1,1,0,5
qwen25,nfp,challenge,0,1,1,1,4
qwen25,nfp,challenge,0,0,1,0,3
qwen25,nfp,qualification,0,1,1,1,18
qwen25,nfp,qualification,0,0,1,1,93
qwen25,nfp,qualification,0,0,1,0,5
qwen25,nfp,qualification,1,1,1,1,12
qwen25,nfp,qualification,1,0,1,1,18
qwen25,nfp,qualification,1,1,1,0,2
qwen25,nfp,qualification,1,0,1,0,1
gemma,fpq,target_omitted,0,0,0,1,167
gemma,fpq,target_omitted,0,0,0,0,151
gemma,fpq,target_omitted,1,1,0,0,71
gemma,fpq,target_omitted,0,1,0,0,43
gemma,fpq,target_omitted,1,0,0,1,52
gemma,fpq,target_omitted,1,0,0,0,74
gemma,fpq,target_omitted,0,0,1,1,21
gemma,fpq,target_omitted,0,0,1,0,4
gemma,fpq,error_endorsed,0,0,0,1,151
gemma,fpq,error_endorsed,1,0,0,1,68
gemma,fpq,error_endorsed,1,1,0,0,45
gemma,fpq,error_endorsed,0,0,0,0,170
gemma,fpq,error_endorsed,0,1,0,0,62
gemma,fpq,error_endorsed,1,0,0,0,62
gemma,fpq,error_endorsed,0,0,1,1,21
gemma,fpq,error_endorsed,0,0,1,0,4
gemma,fpq,related_only,1,0,0,1,61
gemma,fpq,related_only,0,0,0,1,158
gemma,fpq,related_only,0,0,0,0,217
gemma,fpq,related_only,1,0,0,0,50
gemma,fpq,related_only,1,1,0,0,18
gemma,fpq,related_only,0,1,0,0,54
gemma,fpq,related_only,0,0,1,1,21
gemma,fpq,related_only,0,0,1,0,3
gemma,fpq,related_only,0,1,1,0,1
gemma,fpq,coded_correction,0,1,0,1,181
gemma,fpq,coded_correction,0,0,0,0,281
gemma,fpq,coded_correction,1,0,0,0,12
gemma,fpq,coded_correction,0,1,0,0,39
gemma,fpq,coded_correction,1,1,0,1,38
gemma,fpq,coded_correction,1,1,1,1,21
gemma,fpq,coded_correction,1,1,0,0,7
gemma,fpq,coded_correction,1,1,1,0,3
gemma,fpq,coded_correction,1,0,1,0,1
gemma,fpq,request_without_target_correction,1,0,0,1,180
gemma,fpq,request_without_target_correction,1,1,0,0,269
gemma,fpq,request_without_target_correction,0,1,0,0,13
gemma,fpq,request_without_target_correction,0,0,0,0,10
gemma,fpq,request_without_target_correction,1,0,0,0,47
gemma,fpq,request_without_target_correction,0,0,0,1,39
gemma,fpq,request_without_target_correction,0,0,1,1,21
gemma,fpq,request_without_target_correction,0,0,1,0,3
gemma,fpq,request_without_target_correction,0,1,1,0,1
gemma,fpq,scope_signal,0,0,0,1,175
gemma,fpq,scope_signal,0,1,0,0,40
gemma,fpq,scope_signal,0,0,0,0,252
gemma,fpq,scope_signal,1,1,0,1,1
gemma,fpq,scope_signal,1,1,0,0,13
gemma,fpq,scope_signal,1,0,0,0,34
gemma,fpq,scope_signal,1,0,0,1,39
gemma,fpq,scope_signal,0,0,1,1,20
gemma,fpq,scope_signal,0,0,1,0,4
gemma,fpq,scope_signal,0,1,0,1,4
gemma,fpq,scope_signal,1,1,1,1,1
gemma,fpq,personal_reopened,0,0,0,1,197
gemma,fpq,personal_reopened,0,0,0,0,328
gemma,fpq,personal_reopened,0,1,0,1,10
gemma,fpq,personal_reopened,1,0,0,0,5
gemma,fpq,personal_reopened,0,0,1,1,21
gemma,fpq,personal_reopened,0,1,0,0,4
gemma,fpq,personal_reopened,1,0,0,1,10
gemma,fpq,personal_reopened,1,1,0,1,2
gemma,fpq,personal_reopened,0,0,1,0,4
gemma,fpq,personal_reopened,1,1,0,0,2
gemma,fpq,unverifiable_as_false,0,0,0,1,219
gemma,fpq,unverifiable_as_false,0,0,0,0,339
gemma,fpq,unverifiable_as_false,0,0,1,1,21
gemma,fpq,unverifiable_as_false,0,0,1,0,4
gemma,fpq,challenge,0,1,0,1,190
gemma,fpq,challenge,0,0,0,0,280
gemma,fpq,challenge,0,0,0,1,3
gemma,fpq,challenge,0,1,0,0,53
gemma,fpq,challenge,1,1,0,1,25
gemma,fpq,challenge,1,1,1,1,20
gemma,fpq,challenge,1,0,0,1,1
gemma,fpq,challenge,1,1,0,0,5
gemma,fpq,challenge,1,1,1,0,3
gemma,fpq,challenge,0,0,1,0,1
gemma,fpq,challenge,0,1,1,1,1
gemma,fpq,challenge,1,0,0,0,1
gemma,fpq,qualification,1,0,0,1,66
gemma,fpq,qualification,0,0,0,1,149
gemma,fpq,qualification,0,0,0,0,204
gemma,fpq,qualification,1,0,0,0,58
gemma,fpq,qualification,0,1,0,0,46
gemma,fpq,qualification,0,1,0,1,3
gemma,fpq,qualification,1,1,0,0,31
gemma,fpq,qualification,0,0,1,1,20
gemma,fpq,qualification,0,0,1,0,3
gemma,fpq,qualification,1,1,1,0,1
gemma,fpq,qualification,1,1,0,1,1
gemma,fpq,qualification,1,0,1,1,1
gemma,nfp,target_omitted,0,0,1,1,117
gemma,nfp,target_omitted,0,0,1,0,32
gemma,nfp,error_endorsed,0,0,1,1,117
gemma,nfp,error_endorsed,0,0,1,0,32
gemma,nfp,related_only,0,0,1,1,117
gemma,nfp,related_only,0,0,1,0,32
gemma,nfp,coded_correction,0,0,1,1,117
gemma,nfp,coded_correction,0,0,1,0,32
gemma,nfp,request_without_target_correction,0,0,1,1,117
gemma,nfp,request_without_target_correction,0,0,1,0,32
gemma,nfp,scope_signal,0,0,1,1,108
gemma,nfp,scope_signal,0,0,1,0,27
gemma,nfp,scope_signal,1,0,1,0,3
gemma,nfp,scope_signal,1,1,1,1,1
gemma,nfp,scope_signal,1,0,1,1,5
gemma,nfp,scope_signal,0,1,1,1,3
gemma,nfp,scope_signal,0,1,1,0,1
gemma,nfp,scope_signal,1,1,1,0,1
gemma,nfp,personal_reopened,0,0,1,1,114
gemma,nfp,personal_reopened,0,0,1,0,26
gemma,nfp,personal_reopened,0,1,1,0,6
gemma,nfp,personal_reopened,1,0,1,1,2
gemma,nfp,personal_reopened,0,1,1,1,1
gemma,nfp,unverifiable_as_false,0,0,1,1,117
gemma,nfp,unverifiable_as_false,0,0,1,0,32
gemma,nfp,challenge,0,1,1,1,6
gemma,nfp,challenge,1,1,1,0,2
gemma,nfp,challenge,0,1,1,0,27
gemma,nfp,challenge,0,0,1,1,111
gemma,nfp,challenge,0,0,1,0,3
gemma,nfp,qualification,1,0,1,1,21
gemma,nfp,qualification,0,0,1,0,19
gemma,nfp,qualification,0,0,1,1,55
gemma,nfp,qualification,1,0,1,0,10
gemma,nfp,qualification,1,1,1,1,21
gemma,nfp,qualification,0,1,1,1,20
gemma,nfp,qualification,1,1,1,0,2
gemma,nfp,qualification,0,1,1,0,1
luna,fpq,target_omitted,0,0,1,1,256
luna,fpq,target_omitted,1,1,0,0,29
luna,fpq,target_omitted,1,0,0,0,42
luna,fpq,target_omitted,0,0,0,0,64
luna,fpq,target_omitted,0,0,0,1,141
luna,fpq,target_omitted,1,0,0,1,38
luna,fpq,target_omitted,0,1,0,0,8
luna,fpq,target_omitted,0,0,1,0,5
luna,fpq,error_endorsed,0,0,1,1,256
luna,fpq,error_endorsed,0,0,0,0,130
luna,fpq,error_endorsed,1,1,0,0,4
luna,fpq,error_endorsed,0,0,0,1,167
luna,fpq,error_endorsed,1,0,0,1,12
luna,fpq,error_endorsed,1,0,0,0,4
luna,fpq,error_endorsed,0,1,0,0,5
luna,fpq,error_endorsed,0,0,1,0,5
luna,fpq,related_only,0,0,1,1,255
luna,fpq,related_only,0,0,0,0,71
luna,fpq,related_only,0,1,0,0,26
luna,fpq,related_only,0,0,0,1,126
luna,fpq,related_only,1,0,0,1,53
luna,fpq,related_only,1,0,0,0,28
luna,fpq,related_only,1,1,0,0,18
luna,fpq,related_only,0,1,1,0,1
luna,fpq,related_only,0,0,1,0,4
luna,fpq,related_only,1,1,1,1,1
luna,fpq,coded_correction,1,1,1,1,255
luna,fpq,coded_correction,0,0,0,0,87
luna,fpq,coded_correction,0,1,0,0,38
luna,fpq,coded_correction,1,1,0,1,76
luna,fpq,coded_correction,0,1,0,1,102
luna,fpq,coded_correction,1,1,0,0,15
luna,fpq,coded_correction,1,0,0,0,3
luna,fpq,coded_correction,1,0,1,0,1
luna,fpq,coded_correction,1,1,1,0,4
luna,fpq,coded_correction,0,0,0,1,1
luna,fpq,coded_correction,0,0,1,1,1
luna,fpq,request_without_target_correction,0,0,1,1,255
luna,fpq,request_without_target_correction,1,1,0,0,85
luna,fpq,request_without_target_correction,1,0,0,0,38
luna,fpq,request_without_target_correction,0,0,0,1,77
luna,fpq,request_without_target_correction,1,0,0,1,102
luna,fpq,request_without_target_correction,0,0,0,0,17
luna,fpq,request_without_target_correction,0,1,0,0,3
luna,fpq,request_without_target_correction,0,1,1,0,1
luna,fpq,request_without_target_correction,0,0,1,0,4
luna,fpq,request_without_target_correction,1,1,1,1,1
luna,fpq,scope_signal,0,0,1,1,249
luna,fpq,scope_signal,0,0,0,0,117
luna,fpq,scope_signal,0,1,1,1,1
luna,fpq,scope_signal,1,1,0,0,3
luna,fpq,scope_signal,0,0,0,1,156
luna,fpq,scope_signal,1,0,0,1,19
luna,fpq,scope_signal,1,0,1,1,6
luna,fpq,scope_signal,0,1,0,0,11
luna,fpq,scope_signal,1,0,0,0,12
luna,fpq,scope_signal,0,1,1,0,1
luna,fpq,scope_signal,0,0,1,0,4
luna,fpq,scope_signal,0,1,0,1,4
luna,fpq,personal_reopened,0,0,1,1,218
luna,fpq,personal_reopened,0,0,0,0,132
luna,fpq,personal_reopened,1,0,1,1,17
luna,fpq,personal_reopened,0,0,0,1,146
luna,fpq,personal_reopened,1,1,0,1,3
luna,fpq,personal_reopened,0,1,0,1,18
luna,fpq,personal_reopened,0,1,0,0,5
luna,fpq,personal_reopened,1,0,0,1,12
luna,fpq,personal_reopened,0,1,1,1,16
luna,fpq,personal_reopened,1,1,1,1,5
luna,fpq,personal_reopened,0,0,1,0,5
luna,fpq,personal_reopened,1,0,0,0,5
luna,fpq,personal_reopened,1,1,0,0,1
luna,fpq,unverifiable_as_false,0,0,1,1,256
luna,fpq,unverifiable_as_false,0,0,0,0,143
luna,fpq,unverifiable_as_false,0,0,0,1,179
luna,fpq,unverifiable_as_false,0,0,1,0,5
luna,fpq,challenge,1,1,1,1,229
luna,fpq,challenge,0,0,0,0,85
luna,fpq,challenge,0,1,1,1,19
luna,fpq,challenge,0,1,0,1,118
luna,fpq,challenge,0,1,0,0,43
luna,fpq,challenge,1,1,0,0,14
luna,fpq,challenge,0,0,0,1,28
luna,fpq,challenge,1,0,1,1,4
luna,fpq,challenge,1,1,0,1,31
luna,fpq,challenge,1,0,1,0,2
luna,fpq,challenge,1,0,0,1,2
luna,fpq,challenge,0,0,1,1,4
luna,fpq,challenge,1,1,1,0,2
luna,fpq,challenge,1,0,0,0,1
luna,fpq,challenge,0,1,1,0,1
luna,fpq,qualification,0,0,1,1,229
luna,fpq,qualification,0,0,0,0,44
luna,fpq,qualification,0,1,0,0,27
luna,fpq,qualification,1,0,1,1,19
luna,fpq,qualification,1,0,0,1,84
luna,fpq,qualification,1,0,0,0,38
luna,fpq,qualification,0,0,0,1,65
luna,fpq,qualification,1,1,0,0,34
luna,fpq,qualification,0,1,0,1,13
luna,fpq,qualification,1,1,0,1,17
luna,fpq,qualification,0,1,1,1,4
luna,fpq,qualification,0,1,1,0,2
luna,fpq,qualification,1,1,1,1,4
luna,fpq,qualification,0,0,1,0,2
luna,fpq,qualification,1,0,1,0,1
luna,nfp,target_omitted,0,0,1,1,79
luna,nfp,target_omitted,0,0,0,0,12
luna,nfp,target_omitted,0,0,1,0,54
luna,nfp,target_omitted,0,0,0,1,4
luna,nfp,error_endorsed,0,0,1,1,79
luna,nfp,error_endorsed,0,0,0,0,12
luna,nfp,error_endorsed,0,0,1,0,54
luna,nfp,error_endorsed,0,0,0,1,4
luna,nfp,related_only,0,0,1,1,79
luna,nfp,related_only,0,0,0,0,12
luna,nfp,related_only,0,0,1,0,54
luna,nfp,related_only,0,0,0,1,4
luna,nfp,coded_correction,0,0,1,1,79
luna,nfp,coded_correction,0,0,0,0,12
luna,nfp,coded_correction,0,0,1,0,54
luna,nfp,coded_correction,0,0,0,1,4
luna,nfp,request_without_target_correction,0,0,1,1,79
luna,nfp,request_without_target_correction,0,0,0,0,12
luna,nfp,request_without_target_correction,0,0,1,0,54
luna,nfp,request_without_target_correction,0,0,0,1,4
luna,nfp,scope_signal,0,0,1,1,61
luna,nfp,scope_signal,0,0,0,0,11
luna,nfp,scope_signal,0,0,1,0,47
luna,nfp,scope_signal,0,1,1,1,9
luna,nfp,scope_signal,0,0,0,1,4
luna,nfp,scope_signal,1,0,1,1,8
luna,nfp,scope_signal,1,0,1,0,4
luna,nfp,scope_signal,0,1,1,0,3
luna,nfp,scope_signal,1,1,1,1,1
luna,nfp,scope_signal,1,0,0,0,1
luna,nfp,personal_reopened,0,0,1,1,66
luna,nfp,personal_reopened,0,0,0,0,8
luna,nfp,personal_reopened,0,0,1,0,38
luna,nfp,personal_reopened,0,1,1,0,6
luna,nfp,personal_reopened,1,1,1,0,1
luna,nfp,personal_reopened,0,0,0,1,1
luna,nfp,personal_reopened,0,1,0,0,1
luna,nfp,personal_reopened,1,0,1,0,9
luna,nfp,personal_reopened,1,0,1,1,4
luna,nfp,personal_reopened,1,0,0,0,3
luna,nfp,personal_reopened,0,1,1,1,9
luna,nfp,personal_reopened,1,0,0,1,1
luna,nfp,personal_reopened,0,1,0,1,1
luna,nfp,personal_reopened,1,1,0,1,1
luna,nfp,unverifiable_as_false,0,0,1,1,79
luna,nfp,unverifiable_as_false,0,0,0,0,12
luna,nfp,unverifiable_as_false,0,0,1,0,54
luna,nfp,unverifiable_as_false,0,0,0,1,4
luna,nfp,challenge,1,1,1,1,5
luna,nfp,challenge,1,1,0,0,10
luna,nfp,challenge,0,1,1,0,25
luna,nfp,challenge,0,0,1,1,60
luna,nfp,challenge,0,0,1,0,17
luna,nfp,challenge,0,0,0,1,3
luna,nfp,challenge,1,1,1,0,12
luna,nfp,challenge,0,0,0,0,1
luna,nfp,challenge,1,0,1,1,3
luna,nfp,challenge,0,1,1,1,11
luna,nfp,challenge,0,1,0,1,1
luna,nfp,challenge,0,1,0,0,1
luna,nfp,qualification,0,0,1,1,9
luna,nfp,qualification,0,0,0,0,10
luna,nfp,qualification,1,0,1,0,25
luna,nfp,qualification,1,1,1,1,37
luna,nfp,qualification,0,1,1,0,5
luna,nfp,qualification,0,1,1,1,22
luna,nfp,qualification,1,1,0,1,3
luna,nfp,qualification,1,1,1,0,12
luna,nfp,qualification,0,0,1,0,12
luna,nfp,qualification,1,1,0,0,1
luna,nfp,qualification,1,0,1,1,11
luna,nfp,qualification,1,0,0,1,1
luna,nfp,qualification,1,0,0,0,1
qwen38_off,fpq,target_omitted,0,0,1,1,246
qwen38_off,fpq,target_omitted,0,0,0,0,91
qwen38_off,fpq,target_omitted,1,1,0,0,55
qwen38_off,fpq,target_omitted,0,0,1,0,42
qwen38_off,fpq,target_omitted,0,0,0,1,60
qwen38_off,fpq,target_omitted,1,0,0,0,34
qwen38_off,fpq,target_omitted,1,0,0,1,13
qwen38_off,fpq,target_omitted,0,1,0,0,40
qwen38_off,fpq,target_omitted,0,1,1,0,2
qwen38_off,fpq,error_endorsed,0,0,1,1,246
qwen38_off,fpq,error_endorsed,1,1,0,0,26
qwen38_off,fpq,error_endorsed,0,0,0,0,142
qwen38_off,fpq,error_endorsed,0,0,1,0,37
qwen38_off,fpq,error_endorsed,0,0,0,1,64
qwen38_off,fpq,error_endorsed,0,1,0,0,22
qwen38_off,fpq,error_endorsed,1,0,0,0,30
qwen38_off,fpq,error_endorsed,1,0,0,1,9
qwen38_off,fpq,error_endorsed,0,1,1,0,7
qwen38_off,fpq,related_only,0,0,1,1,244
qwen38_off,fpq,related_only,0,0,0,0,130
qwen38_off,fpq,related_only,0,1,1,0,14
qwen38_off,fpq,related_only,1,0,0,1,24
qwen38_off,fpq,related_only,0,0,0,1,49
qwen38_off,fpq,related_only,1,0,0,0,36
qwen38_off,fpq,related_only,1,1,0,0,22
qwen38_off,fpq,related_only,0,1,0,0,32
qwen38_off,fpq,related_only,0,0,1,0,30
qwen38_off,fpq,related_only,1,0,1,1,2
qwen38_off,fpq,coded_correction,1,1,1,1,244
qwen38_off,fpq,coded_correction,0,0,0,0,189
qwen38_off,fpq,coded_correction,1,0,1,0,23
qwen38_off,fpq,coded_correction,0,1,0,1,46
qwen38_off,fpq,coded_correction,1,0,0,0,9
qwen38_off,fpq,coded_correction,1,1,0,1,27
qwen38_off,fpq,coded_correction,0,1,0,0,14
qwen38_off,fpq,coded_correction,1,1,1,0,21
qwen38_off,fpq,coded_correction,1,1,0,0,8
qwen38_off,fpq,coded_correction,0,1,1,1,2
qwen38_off,fpq,request_without_target_correction,0,0,1,1,245
qwen38_off,fpq,request_without_target_correction,1,1,0,0,171
qwen38_off,fpq,request_without_target_correction,0,1,1,0,20
qwen38_off,fpq,request_without_target_correction,1,0,0,1,41
qwen38_off,fpq,request_without_target_correction,0,1,0,0,17
qwen38_off,fpq,request_without_target_correction,0,0,0,1,32
qwen38_off,fpq,request_without_target_correction,1,0,0,0,21
qwen38_off,fpq,request_without_target_correction,0,0,1,0,24
qwen38_off,fpq,request_without_target_correction,0,0,0,0,11
qwen38_off,fpq,request_without_target_correction,1,0,1,1,1
qwen38_off,fpq,scope_signal,0,0,1,1,220
qwen38_off,fpq,scope_signal,0,1,0,0,28
qwen38_off,fpq,scope_signal,0,0,0,0,157
qwen38_off,fpq,scope_signal,0,0,1,0,30
qwen38_off,fpq,scope_signal,0,0,0,1,65
qwen38_off,fpq,scope_signal,1,0,0,0,27
qwen38_off,fpq,scope_signal,0,1,1,1,10
qwen38_off,fpq,scope_signal,1,1,0,0,8
qwen38_off,fpq,scope_signal,0,1,1,0,7
qwen38_off,fpq,scope_signal,1,0,0,1,6
qwen38_off,fpq,scope_signal,1,0,1,1,16
qwen38_off,fpq,scope_signal,1,0,1,0,5
qwen38_off,fpq,scope_signal,0,1,0,1,1
qwen38_off,fpq,scope_signal,1,1,1,0,2
qwen38_off,fpq,scope_signal,1,1,0,1,1
qwen38_off,fpq,personal_reopened,0,1,1,1,23
qwen38_off,fpq,personal_reopened,1,1,1,1,9
qwen38_off,fpq,personal_reopened,0,0,0,0,213
qwen38_off,fpq,personal_reopened,0,0,1,0,37
qwen38_off,fpq,personal_reopened,0,0,0,1,59
qwen38_off,fpq,personal_reopened,0,0,1,1,200
qwen38_off,fpq,personal_reopened,0,1,0,1,12
qwen38_off,fpq,personal_reopened,1,0,1,1,14
qwen38_off,fpq,personal_reopened,1,0,1,0,3
qwen38_off,fpq,personal_reopened,0,1,1,0,4
qwen38_off,fpq,personal_reopened,0,1,0,0,4
qwen38_off,fpq,personal_reopened,1,0,0,0,3
qwen38_off,fpq,personal_reopened,1,0,0,1,1
qwen38_off,fpq,personal_reopened,1,1,0,1,1
qwen38_off,fpq,unverifiable_as_false,0,0,1,1,246
qwen38_off,fpq,unverifiable_as_false,0,0,0,0,219
qwen38_off,fpq,unverifiable_as_false,0,0,1,0,44
qwen38_off,fpq,unverifiable_as_false,0,0,0,1,73
qwen38_off,fpq,unverifiable_as_false,1,0,0,0,1
qwen38_off,fpq,challenge,1,1,1,1,228
qwen38_off,fpq,challenge,0,1,0,0,24
qwen38_off,fpq,challenge,0,0,0,0,168
qwen38_off,fpq,challenge,1,1,1,0,10
qwen38_off,fpq,challenge,0,1,0,1,46
qwen38_off,fpq,challenge,1,0,1,1,9
qwen38_off,fpq,challenge,0,1,1,1,6
qwen38_off,fpq,challenge,1,1,0,1,18
qwen38_off,fpq,challenge,1,1,0,0,21
qwen38_off,fpq,challenge,1,0,1,0,31
qwen38_off,fpq,challenge,0,0,0,1,9
qwen38_off,fpq,challenge,0,0,1,0,3
qwen38_off,fpq,challenge,0,0,1,1,3
qwen38_off,fpq,challenge,1,0,0,0,7
qwen38_off,fpq,qualification,0,0,1,1,228
qwen38_off,fpq,qualification,0,0,0,0,130
qwen38_off,fpq,qualification,0,0,1,0,18
qwen38_off,fpq,qualification,0,0,0,1,36
qwen38_off,fpq,qualification,0,1,1,1,9
qwen38_off,fpq,qualification,0,1,0,0,34
qwen38_off,fpq,qualification,1,0,1,1,6
qwen38_off,fpq,qualification,1,0,0,0,29
qwen38_off,fpq,qualification,1,0,0,1,28
qwen38_off,fpq,qualification,0,1,1,0,23
qwen38_off,fpq,qualification,1,1,0,0,27
qwen38_off,fpq,qualification,1,1,0,1,6
qwen38_off,fpq,qualification,1,0,1,0,1
qwen38_off,fpq,qualification,1,1,1,1,3
qwen38_off,fpq,qualification,0,1,0,1,3
qwen38_off,fpq,qualification,1,1,1,0,2
qwen38_off,nfp,target_omitted,0,0,0,1,10
qwen38_off,nfp,target_omitted,0,0,1,0,23
qwen38_off,nfp,target_omitted,0,0,1,1,96
qwen38_off,nfp,target_omitted,0,0,0,0,20
qwen38_off,nfp,error_endorsed,0,0,0,1,10
qwen38_off,nfp,error_endorsed,0,0,1,0,23
qwen38_off,nfp,error_endorsed,0,0,1,1,96
qwen38_off,nfp,error_endorsed,0,0,0,0,20
qwen38_off,nfp,related_only,0,0,0,1,10
qwen38_off,nfp,related_only,0,0,1,0,23
qwen38_off,nfp,related_only,0,0,1,1,96
qwen38_off,nfp,related_only,0,0,0,0,20
qwen38_off,nfp,coded_correction,0,0,0,1,10
qwen38_off,nfp,coded_correction,0,0,1,0,23
qwen38_off,nfp,coded_correction,0,0,1,1,96
qwen38_off,nfp,coded_correction,0,0,0,0,20
qwen38_off,nfp,request_without_target_correction,0,0,0,1,10
qwen38_off,nfp,request_without_target_correction,0,0,1,0,23
qwen38_off,nfp,request_without_target_correction,0,0,1,1,96
qwen38_off,nfp,request_without_target_correction,0,0,0,0,20
qwen38_off,nfp,scope_signal,0,0,0,1,8
qwen38_off,nfp,scope_signal,0,0,1,0,17
qwen38_off,nfp,scope_signal,0,0,1,1,85
qwen38_off,nfp,scope_signal,0,0,0,0,14
qwen38_off,nfp,scope_signal,1,0,1,1,6
qwen38_off,nfp,scope_signal,1,0,0,0,2
qwen38_off,nfp,scope_signal,1,0,1,0,3
qwen38_off,nfp,scope_signal,0,1,1,0,2
qwen38_off,nfp,scope_signal,0,1,1,1,5
qwen38_off,nfp,scope_signal,1,0,0,1,1
qwen38_off,nfp,scope_signal,0,1,0,0,4
qwen38_off,nfp,scope_signal,1,1,1,0,1
qwen38_off,nfp,scope_signal,0,1,0,1,1
qwen38_off,nfp,personal_reopened,0,0,0,1,8
qwen38_off,nfp,personal_reopened,0,0,1,0,20
qwen38_off,nfp,personal_reopened,0,0,1,1,77
qwen38_off,nfp,personal_reopened,0,0,0,0,9
qwen38_off,nfp,personal_reopened,1,0,0,0,5
qwen38_off,nfp,personal_reopened,1,0,1,1,7
qwen38_off,nfp,personal_reopened,0,1,1,1,11
qwen38_off,nfp,personal_reopened,1,1,0,0,3
qwen38_off,nfp,personal_reopened,0,1,1,0,3
qwen38_off,nfp,personal_reopened,0,1,0,1,1
qwen38_off,nfp,personal_reopened,0,1,0,0,3
qwen38_off,nfp,personal_reopened,1,1,1,1,1
qwen38_off,nfp,personal_reopened,1,0,0,1,1
qwen38_off,nfp,unverifiable_as_false,0,0,0,1,10
qwen38_off,nfp,unverifiable_as_false,0,0,1,0,23
qwen38_off,nfp,unverifiable_as_false,0,0,1,1,96
qwen38_off,nfp,unverifiable_as_false,0,0,0,0,20
qwen38_off,nfp,challenge,1,1,0,1,2
qwen38_off,nfp,challenge,0,1,1,0,14
qwen38_off,nfp,challenge,0,0,1,1,79
qwen38_off,nfp,challenge,1,1,0,0,19
qwen38_off,nfp,challenge,0,1,0,0,1
qwen38_off,nfp,challenge,1,0,1,1,6
qwen38_off,nfp,challenge,1,1,1,0,2
qwen38_off,nfp,challenge,0,0,1,0,7
qwen38_off,nfp,challenge,0,1,1,1,7
qwen38_off,nfp,challenge,1,1,1,1,4
qwen38_off,nfp,challenge,0,0,0,1,3
qwen38_off,nfp,challenge,1,0,0,1,5
qwen38_off,nfp,qualification,0,0,0,1,3
qwen38_off,nfp,qualification,0,0,1,0,7
qwen38_off,nfp,qualification,0,0,1,1,35
qwen38_off,nfp,qualification,0,0,0,0,19
qwen38_off,nfp,qualification,1,0,0,0,1
qwen38_off,nfp,qualification,0,1,1,1,20
qwen38_off,nfp,qualification,1,1,1,1,29
qwen38_off,nfp,qualification,1,0,1,0,10
qwen38_off,nfp,qualification,0,1,1,0,3
qwen38_off,nfp,qualification,1,0,1,1,12
qwen38_off,nfp,qualification,1,1,1,0,3
qwen38_off,nfp,qualification,1,1,0,1,2
qwen38_off,nfp,qualification,0,1,0,1,5
qwen38_on,fpq,target_omitted,0,0,1,1,208
qwen38_on,fpq,target_omitted,1,0,0,0,49
qwen38_on,fpq,target_omitted,0,1,0,0,45
qwen38_on,fpq,target_omitted,0,0,0,0,160
qwen38_on,fpq,target_omitted,1,1,0,0,49
qwen38_on,fpq,target_omitted,0,0,0,1,40
qwen38_on,fpq,target_omitted,0,0,1,0,28
qwen38_on,fpq,target_omitted,1,0,0,1,3
qwen38_on,fpq,target_omitted,0,1,1,0,1
qwen38_on,fpq,error_endorsed,0,0,1,1,208
qwen38_on,fpq,error_endorsed,0,0,0,0,184
qwen38_on,fpq,error_endorsed,1,0,0,0,37
qwen38_on,fpq,error_endorsed,0,0,0,1,41
qwen38_on,fpq,error_endorsed,0,0,1,0,27
qwen38_on,fpq,error_endorsed,1,1,0,0,37
qwen38_on,fpq,error_endorsed,0,1,0,0,45
qwen38_on,fpq,error_endorsed,0,1,1,0,2
qwen38_on,fpq,error_endorsed,1,0,0,1,2
qwen38_on,fpq,related_only,0,0,1,1,204
qwen38_on,fpq,related_only,0,1,0,0,45
qwen38_on,fpq,related_only,1,0,0,0,64
qwen38_on,fpq,related_only,0,0,0,0,169
qwen38_on,fpq,related_only,1,0,0,1,16
qwen38_on,fpq,related_only,0,0,1,0,17
qwen38_on,fpq,related_only,1,0,1,1,3
qwen38_on,fpq,related_only,1,1,0,0,25
qwen38_on,fpq,related_only,0,1,1,0,12
qwen38_on,fpq,related_only,0,0,0,1,27
qwen38_on,fpq,related_only,0,1,1,1,1
qwen38_on,fpq,coded_correction,1,1,1,1,204
qwen38_on,fpq,coded_correction,0,0,0,0,225
qwen38_on,fpq,coded_correction,0,1,0,0,36
qwen38_on,fpq,coded_correction,1,0,0,0,22
qwen38_on,fpq,coded_correction,0,1,0,1,21
qwen38_on,fpq,coded_correction,1,1,1,0,14
qwen38_on,fpq,coded_correction,0,1,1,1,3
qwen38_on,fpq,coded_correction,1,1,0,0,20
qwen38_on,fpq,coded_correction,1,0,1,0,15
qwen38_on,fpq,coded_correction,1,1,0,1,22
qwen38_on,fpq,coded_correction,1,0,1,1,1
qwen38_on,fpq,request_without_target_correction,0,0,1,1,204
qwen38_on,fpq,request_without_target_correction,1,1,0,0,222
qwen38_on,fpq,request_without_target_correction,1,0,0,0,37
qwen38_on,fpq,request_without_target_correction,0,1,0,0,23
qwen38_on,fpq,request_without_target_correction,1,0,0,1,20
qwen38_on,fpq,request_without_target_correction,0,0,1,0,14
qwen38_on,fpq,request_without_target_correction,1,0,1,1,3
qwen38_on,fpq,request_without_target_correction,0,0,0,0,21
qwen38_on,fpq,request_without_target_correction,0,1,1,0,15
qwen38_on,fpq,request_without_target_correction,0,0,0,1,23
qwen38_on,fpq,request_without_target_correction,0,1,1,1,1
qwen38_on,fpq,scope_signal,0,0,1,1,196
qwen38_on,fpq,scope_signal,0,0,0,0,237
qwen38_on,fpq,scope_signal,0,1,0,0,23
qwen38_on,fpq,scope_signal,0,0,0,1,41
qwen38_on,fpq,scope_signal,0,1,1,0,6
qwen38_on,fpq,scope_signal,0,0,1,0,22
qwen38_on,fpq,scope_signal,1,0,0,0,31
qwen38_on,fpq,scope_signal,1,1,0,0,12
qwen38_on,fpq,scope_signal,0,1,1,1,6
qwen38_on,fpq,scope_signal,1,0,1,1,6
qwen38_on,fpq,scope_signal,1,0,0,1,2
qwen38_on,fpq,scope_signal,1,1,1,0,1
qwen38_on,fpq,personal_reopened,1,1,1,1,12
qwen38_on,fpq,personal_reopened,1,0,1,1,24
qwen38_on,fpq,personal_reopened,0,0,0,0,262
qwen38_on,fpq,personal_reopened,0,0,1,1,145
qwen38_on,fpq,personal_reopened,0,1,1,1,27
qwen38_on,fpq,personal_reopened,1,0,0,1,7
qwen38_on,fpq,personal_reopened,0,0,1,0,20
qwen38_on,fpq,personal_reopened,0,1,1,0,5
qwen38_on,fpq,personal_reopened,1,0,0,0,23
qwen38_on,fpq,personal_reopened,1,0,1,0,4
qwen38_on,fpq,personal_reopened,0,0,0,1,28
qwen38_on,fpq,personal_reopened,0,1,0,0,11
qwen38_on,fpq,personal_reopened,0,1,0,1,6
qwen38_on,fpq,personal_reopened,1,1,0,1,2
qwen38_on,fpq,personal_reopened,1,1,0,0,7
qwen38_on,fpq,unverifiable_as_false,0,0,1,1,208
qwen38_on,fpq,unverifiable_as_false,0,0,0,0,302
qwen38_on,fpq,unverifiable_as_false,0,0,0,1,43
qwen38_on,fpq,unverifiable_as_false,0,0,1,0,29
qwen38_on,fpq,unverifiable_as_false,1,0,0,0,1
qwen38_on,fpq,challenge,1,1,1,1,165
qwen38_on,fpq,challenge,0,0,0,0,267
qwen38_on,fpq,challenge,0,1,0,0,13
qwen38_on,fpq,challenge,0,1,0,1,25
qwen38_on,fpq,challenge,1,0,1,0,17
qwen38_on,fpq,challenge,0,1,1,1,14
qwen38_on,fpq,challenge,1,1,0,0,11
qwen38_on,fpq,challenge,1,0,0,0,12
qwen38_on,fpq,challenge,1,0,1,1,15
qwen38_on,fpq,challenge,1,1,1,0,5
qwen38_on,fpq,challenge,0,0,1,1,14
qwen38_on,fpq,challenge,0,0,1,0,7
qwen38_on,fpq,challenge,1,1,0,1,10
qwen38_on,fpq,challenge,0,0,0,1,7
qwen38_on,fpq,challenge,1,0,0,1,1
qwen38_on,fpq,qualification,0,0,1,1,165
qwen38_on,fpq,qualification,0,1,0,0,44
qwen38_on,fpq,qualification,0,0,0,0,130
qwen38_on,fpq,qualification,1,0,0,0,50
qwen38_on,fpq,qualification,1,0,0,1,20
qwen38_on,fpq,qualification,0,1,1,0,12
qwen38_on,fpq,qualification,1,0,1,1,14
qwen38_on,fpq,qualification,1,1,0,0,79
qwen38_on,fpq,qualification,0,0,1,0,10
qwen38_on,fpq,qualification,0,1,1,1,15
qwen38_on,fpq,qualification,1,1,1,1,14
qwen38_on,fpq,qualification,1,1,1,0,7
qwen38_on,fpq,qualification,0,0,0,1,15
qwen38_on,fpq,qualification,1,1,0,1,7
qwen38_on,fpq,qualification,0,1,0,1,1
qwen38_on,nfp,target_omitted,0,0,1,1,128
qwen38_on,nfp,target_omitted,0,0,0,0,14
qwen38_on,nfp,target_omitted,0,0,1,0,4
qwen38_on,nfp,target_omitted,0,0,0,1,3
qwen38_on,nfp,error_endorsed,0,0,1,1,128
qwen38_on,nfp,error_endorsed,0,0,0,0,14
qwen38_on,nfp,error_endorsed,0,0,1,0,4
qwen38_on,nfp,error_endorsed,0,0,0,1,3
qwen38_on,nfp,related_only,0,0,1,1,128
qwen38_on,nfp,related_only,0,0,0,0,14
qwen38_on,nfp,related_only,0,0,1,0,4
qwen38_on,nfp,related_only,0,0,0,1,3
qwen38_on,nfp,coded_correction,0,0,1,1,128
qwen38_on,nfp,coded_correction,0,0,0,0,14
qwen38_on,nfp,coded_correction,0,0,1,0,4
qwen38_on,nfp,coded_correction,0,0,0,1,3
qwen38_on,nfp,request_without_target_correction,0,0,1,1,128
qwen38_on,nfp,request_without_target_correction,0,0,0,0,14
qwen38_on,nfp,request_without_target_correction,0,0,1,0,4
qwen38_on,nfp,request_without_target_correction,0,0,0,1,3
qwen38_on,nfp,scope_signal,0,0,1,1,108
qwen38_on,nfp,scope_signal,0,0,0,0,11
qwen38_on,nfp,scope_signal,0,0,1,0,1
qwen38_on,nfp,scope_signal,0,1,1,1,6
qwen38_on,nfp,scope_signal,1,0,1,1,11
qwen38_on,nfp,scope_signal,0,0,0,1,3
qwen38_on,nfp,scope_signal,0,1,0,0,2
qwen38_on,nfp,scope_signal,1,1,1,1,3
qwen38_on,nfp,scope_signal,0,1,1,0,1
qwen38_on,nfp,scope_signal,1,0,0,0,1
qwen38_on,nfp,scope_signal,1,0,1,0,2
qwen38_on,nfp,personal_reopened,0,0,1,1,107
qwen38_on,nfp,personal_reopened,0,0,0,0,9
qwen38_on,nfp,personal_reopened,1,0,1,1,7
qwen38_on,nfp,personal_reopened,0,0,1,0,3
qwen38_on,nfp,personal_reopened,0,1,1,1,8
qwen38_on,nfp,personal_reopened,1,1,0,0,3
qwen38_on,nfp,personal_reopened,0,0,0,1,2
qwen38_on,nfp,personal_reopened,1,1,1,1,6
qwen38_on,nfp,personal_reopened,1,0,0,0,1
qwen38_on,nfp,personal_reopened,0,1,0,0,1
qwen38_on,nfp,personal_reopened,1,0,0,1,1
qwen38_on,nfp,personal_reopened,0,1,1,0,1
qwen38_on,nfp,unverifiable_as_false,0,0,1,1,128
qwen38_on,nfp,unverifiable_as_false,0,0,0,0,14
qwen38_on,nfp,unverifiable_as_false,0,0,1,0,4
qwen38_on,nfp,unverifiable_as_false,0,0,0,1,3
qwen38_on,nfp,challenge,1,1,1,1,6
qwen38_on,nfp,challenge,1,1,0,0,13
qwen38_on,nfp,challenge,0,0,1,1,113
qwen38_on,nfp,challenge,0,1,1,0,3
qwen38_on,nfp,challenge,1,0,0,1,3
qwen38_on,nfp,challenge,0,1,1,1,8
qwen38_on,nfp,challenge,1,1,1,0,1
qwen38_on,nfp,challenge,0,0,0,0,1
qwen38_on,nfp,challenge,1,0,1,1,1
qwen38_on,nfp,qualification,0,0,1,1,37
qwen38_on,nfp,qualification,0,0,0,0,13
qwen38_on,nfp,qualification,1,1,1,1,47
qwen38_on,nfp,qualification,0,1,1,1,17
qwen38_on,nfp,qualification,1,0,1,1,27
qwen38_on,nfp,qualification,1,0,1,0,3
qwen38_on,nfp,qualification,0,1,0,1,3
qwen38_on,nfp,qualification,0,0,1,0,1
qwen38_on,nfp,qualification,1,1,0,0,1
