model,side,dataset,candidate,low_denominator,population_behavior_proxy_n,proxy_interpretation,manually_confirmed_scope_n,exhaustive_cause_coding,causal_absence_count
qwen25,plain,fpq,C1_request_focus,568,517,observable_coding_signal_not_cause_prevalence,,not_complete,unknown
qwen25,plain,fpq,C2_changed_claim,568,87,observable_coding_signal_not_cause_prevalence,,not_complete,unknown
qwen25,plain,fpq,C3_truth_criterion,568,0,observable_coding_signal_not_cause_prevalence,,not_complete,unknown
qwen25,plain,fpq,C4_question_dependency,568,,not_measured_from_final_answers,,not_complete,unknown
qwen25,plain,fpq,C5_review_to_answer,568,,not_measured_from_final_answers,,not_complete,unknown
qwen25,plain,nfp,C1_request_focus,0,,observable_coding_signal_not_cause_prevalence,,not_complete,unknown
qwen25,plain,nfp,C2_changed_claim,0,0,observable_coding_signal_not_cause_prevalence,,not_complete,unknown
qwen25,plain,nfp,C3_truth_criterion,0,0,observable_coding_signal_not_cause_prevalence,,not_complete,unknown
qwen25,plain,nfp,C4_question_dependency,0,,not_measured_from_final_answers,,not_complete,unknown
qwen25,plain,nfp,C5_review_to_answer,0,,not_measured_from_final_answers,,not_complete,unknown
qwen25,alternative,fpq,C1_request_focus,521,452,observable_coding_signal_not_cause_prevalence,,not_complete,unknown
qwen25,alternative,fpq,C2_changed_claim,521,82,observable_coding_signal_not_cause_prevalence,,not_complete,unknown
qwen25,alternative,fpq,C3_truth_criterion,521,0,observable_coding_signal_not_cause_prevalence,,not_complete,unknown
qwen25,alternative,fpq,C4_question_dependency,521,,not_measured_from_final_answers,,not_complete,unknown
qwen25,alternative,fpq,C5_review_to_answer,521,,not_measured_from_final_answers,,not_complete,unknown
qwen25,alternative,nfp,C1_request_focus,8,,observable_coding_signal_not_cause_prevalence,,not_complete,unknown
qwen25,alternative,nfp,C2_changed_claim,8,0,observable_coding_signal_not_cause_prevalence,5,not_complete,unknown
qwen25,alternative,nfp,C3_truth_criterion,8,0,observable_coding_signal_not_cause_prevalence,,not_complete,unknown
qwen25,alternative,nfp,C4_question_dependency,8,,not_measured_from_final_answers,,not_complete,unknown
qwen25,alternative,nfp,C5_review_to_answer,8,,not_measured_from_final_answers,,not_complete,unknown
gemma,plain,fpq,C1_request_focus,558,496,observable_coding_signal_not_cause_prevalence,,not_complete,unknown
gemma,plain,fpq,C2_changed_claim,558,87,observable_coding_signal_not_cause_prevalence,,not_complete,unknown
gemma,plain,fpq,C3_truth_criterion,558,0,observable_coding_signal_not_cause_prevalence,,not_complete,unknown
gemma,plain,fpq,C4_question_dependency,558,,not_measured_from_final_answers,,not_complete,unknown
gemma,plain,fpq,C5_review_to_answer,558,,not_measured_from_final_answers,,not_complete,unknown
gemma,plain,nfp,C1_request_focus,0,,observable_coding_signal_not_cause_prevalence,,not_complete,unknown
gemma,plain,nfp,C2_changed_claim,0,0,observable_coding_signal_not_cause_prevalence,,not_complete,unknown
gemma,plain,nfp,C3_truth_criterion,0,0,observable_coding_signal_not_cause_prevalence,,not_complete,unknown
gemma,plain,nfp,C4_question_dependency,0,,not_measured_from_final_answers,,not_complete,unknown
gemma,plain,nfp,C5_review_to_answer,0,,not_measured_from_final_answers,,not_complete,unknown
gemma,alternative,fpq,C1_request_focus,343,283,observable_coding_signal_not_cause_prevalence,,not_complete,unknown
gemma,alternative,fpq,C2_changed_claim,343,53,observable_coding_signal_not_cause_prevalence,,not_complete,unknown
gemma,alternative,fpq,C3_truth_criterion,343,0,observable_coding_signal_not_cause_prevalence,,not_complete,unknown
gemma,alternative,fpq,C4_question_dependency,343,,not_measured_from_final_answers,,not_complete,unknown
gemma,alternative,fpq,C5_review_to_answer,343,,not_measured_from_final_answers,,not_complete,unknown
gemma,alternative,nfp,C1_request_focus,32,,observable_coding_signal_not_cause_prevalence,,not_complete,unknown
gemma,alternative,nfp,C2_changed_claim,32,2,observable_coding_signal_not_cause_prevalence,17,not_complete,unknown
gemma,alternative,nfp,C3_truth_criterion,32,0,observable_coding_signal_not_cause_prevalence,,not_complete,unknown
gemma,alternative,nfp,C4_question_dependency,32,,not_measured_from_final_answers,,not_complete,unknown
gemma,alternative,nfp,C5_review_to_answer,32,,not_measured_from_final_answers,,not_complete,unknown
luna,plain,fpq,C1_request_focus,322,225,observable_coding_signal_not_cause_prevalence,,not_complete,unknown
luna,plain,fpq,C2_changed_claim,322,34,observable_coding_signal_not_cause_prevalence,,not_complete,unknown
luna,plain,fpq,C3_truth_criterion,322,0,observable_coding_signal_not_cause_prevalence,,not_complete,unknown
luna,plain,fpq,C4_question_dependency,322,,not_measured_from_final_answers,,not_complete,unknown
luna,plain,fpq,C5_review_to_answer,322,,not_measured_from_final_answers,,not_complete,unknown
luna,plain,nfp,C1_request_focus,16,,observable_coding_signal_not_cause_prevalence,,not_complete,unknown
luna,plain,nfp,C2_changed_claim,16,1,observable_coding_signal_not_cause_prevalence,,not_complete,unknown
luna,plain,nfp,C3_truth_criterion,16,0,observable_coding_signal_not_cause_prevalence,,not_complete,unknown
luna,plain,nfp,C4_question_dependency,16,,not_measured_from_final_answers,,not_complete,unknown
luna,plain,nfp,C5_review_to_answer,16,,not_measured_from_final_answers,,not_complete,unknown
luna,alternative,fpq,C1_request_focus,148,89,observable_coding_signal_not_cause_prevalence,,not_complete,unknown
luna,alternative,fpq,C2_changed_claim,148,15,observable_coding_signal_not_cause_prevalence,,not_complete,unknown
luna,alternative,fpq,C3_truth_criterion,148,0,observable_coding_signal_not_cause_prevalence,,not_complete,unknown
luna,alternative,fpq,C4_question_dependency,148,,not_measured_from_final_answers,,not_complete,unknown
luna,alternative,fpq,C5_review_to_answer,148,,not_measured_from_final_answers,,not_complete,unknown
luna,alternative,nfp,C1_request_focus,66,,observable_coding_signal_not_cause_prevalence,,not_complete,unknown
luna,alternative,nfp,C2_changed_claim,66,3,observable_coding_signal_not_cause_prevalence,24,not_complete,unknown
luna,alternative,nfp,C3_truth_criterion,66,0,observable_coding_signal_not_cause_prevalence,,not_complete,unknown
luna,alternative,nfp,C4_question_dependency,66,,not_measured_from_final_answers,,not_complete,unknown
luna,alternative,nfp,C5_review_to_answer,66,,not_measured_from_final_answers,,not_complete,unknown
qwen38_off,plain,fpq,C1_request_focus,293,233,observable_coding_signal_not_cause_prevalence,,not_complete,unknown
qwen38_off,plain,fpq,C2_changed_claim,293,42,observable_coding_signal_not_cause_prevalence,,not_complete,unknown
qwen38_off,plain,fpq,C3_truth_criterion,293,1,observable_coding_signal_not_cause_prevalence,,not_complete,unknown
qwen38_off,plain,fpq,C4_question_dependency,293,,not_measured_from_final_answers,,not_complete,unknown
qwen38_off,plain,fpq,C5_review_to_answer,293,,not_measured_from_final_answers,,not_complete,unknown
qwen38_off,plain,nfp,C1_request_focus,30,,observable_coding_signal_not_cause_prevalence,,not_complete,unknown
qwen38_off,plain,nfp,C2_changed_claim,30,3,observable_coding_signal_not_cause_prevalence,,not_complete,unknown
qwen38_off,plain,nfp,C3_truth_criterion,30,0,observable_coding_signal_not_cause_prevalence,,not_complete,unknown
qwen38_off,plain,nfp,C4_question_dependency,30,,not_measured_from_final_answers,,not_complete,unknown
qwen38_off,plain,nfp,C5_review_to_answer,30,,not_measured_from_final_answers,,not_complete,unknown
qwen38_off,alternative,fpq,C1_request_focus,264,208,observable_coding_signal_not_cause_prevalence,,not_complete,unknown
qwen38_off,alternative,fpq,C2_changed_claim,264,45,observable_coding_signal_not_cause_prevalence,,not_complete,unknown
qwen38_off,alternative,fpq,C3_truth_criterion,264,0,observable_coding_signal_not_cause_prevalence,,not_complete,unknown
qwen38_off,alternative,fpq,C4_question_dependency,264,,not_measured_from_final_answers,,not_complete,unknown
qwen38_off,alternative,fpq,C5_review_to_answer,264,,not_measured_from_final_answers,,not_complete,unknown
qwen38_off,alternative,nfp,C1_request_focus,43,,observable_coding_signal_not_cause_prevalence,,not_complete,unknown
qwen38_off,alternative,nfp,C2_changed_claim,43,7,observable_coding_signal_not_cause_prevalence,10,not_complete,unknown
qwen38_off,alternative,nfp,C3_truth_criterion,43,0,observable_coding_signal_not_cause_prevalence,,not_complete,unknown
qwen38_off,alternative,nfp,C4_question_dependency,43,,not_measured_from_final_answers,,not_complete,unknown
qwen38_off,alternative,nfp,C5_review_to_answer,43,,not_measured_from_final_answers,,not_complete,unknown
qwen38_on,plain,fpq,C1_request_focus,346,279,observable_coding_signal_not_cause_prevalence,,not_complete,unknown
qwen38_on,plain,fpq,C2_changed_claim,346,45,observable_coding_signal_not_cause_prevalence,,not_complete,unknown
qwen38_on,plain,fpq,C3_truth_criterion,346,1,observable_coding_signal_not_cause_prevalence,,not_complete,unknown
qwen38_on,plain,fpq,C4_question_dependency,346,,not_measured_from_final_answers,,not_complete,unknown
qwen38_on,plain,fpq,C5_review_to_answer,346,,not_measured_from_final_answers,,not_complete,unknown
qwen38_on,plain,nfp,C1_request_focus,17,,observable_coding_signal_not_cause_prevalence,,not_complete,unknown
qwen38_on,plain,nfp,C2_changed_claim,17,1,observable_coding_signal_not_cause_prevalence,,not_complete,unknown
qwen38_on,plain,nfp,C3_truth_criterion,17,0,observable_coding_signal_not_cause_prevalence,,not_complete,unknown
qwen38_on,plain,nfp,C4_question_dependency,17,,not_measured_from_final_answers,,not_complete,unknown
qwen38_on,plain,nfp,C5_review_to_answer,17,,not_measured_from_final_answers,,not_complete,unknown
qwen38_on,alternative,fpq,C1_request_focus,332,260,observable_coding_signal_not_cause_prevalence,,not_complete,unknown
qwen38_on,alternative,fpq,C2_changed_claim,332,42,observable_coding_signal_not_cause_prevalence,,not_complete,unknown
qwen38_on,alternative,fpq,C3_truth_criterion,332,0,observable_coding_signal_not_cause_prevalence,,not_complete,unknown
qwen38_on,alternative,fpq,C4_question_dependency,332,,not_measured_from_final_answers,,not_complete,unknown
qwen38_on,alternative,fpq,C5_review_to_answer,332,,not_measured_from_final_answers,,not_complete,unknown
qwen38_on,alternative,nfp,C1_request_focus,18,,observable_coding_signal_not_cause_prevalence,,not_complete,unknown
qwen38_on,alternative,nfp,C2_changed_claim,18,3,observable_coding_signal_not_cause_prevalence,1,not_complete,unknown
qwen38_on,alternative,nfp,C3_truth_criterion,18,0,observable_coding_signal_not_cause_prevalence,,not_complete,unknown
qwen38_on,alternative,nfp,C4_question_dependency,18,,not_measured_from_final_answers,,not_complete,unknown
qwen38_on,alternative,nfp,C5_review_to_answer,18,,not_measured_from_final_answers,,not_complete,unknown
