model,dataset,category,n,selected_denominator
qwen25,fpq,F1,5,15
qwen25,fpq,F2,6,15
qwen25,fpq,F3,0,15
qwen25,fpq,F4,2,15
qwen25,fpq,F5,2,15
qwen25,nfp,N1,5,8
qwen25,nfp,N2,2,8
qwen25,nfp,N3,0,8
qwen25,nfp,N4,0,8
qwen25,nfp,N5,0,8
qwen25,nfp,N6,1,8
gemma,fpq,F1,17,38
gemma,fpq,F2,10,38
gemma,fpq,F3,5,38
gemma,fpq,F4,6,38
gemma,fpq,F5,0,38
gemma,nfp,N1,17,32
gemma,nfp,N2,11,32
gemma,nfp,N3,2,32
gemma,nfp,N4,0,32
gemma,nfp,N5,1,32
gemma,nfp,N6,1,32
luna,fpq,F1,38,76
luna,fpq,F2,24,76
luna,fpq,F3,12,76
luna,fpq,F4,2,76
luna,fpq,F5,0,76
luna,nfp,N1,24,54
luna,nfp,N2,4,54
luna,nfp,N3,25,54
luna,nfp,N4,1,54
luna,nfp,N5,0,54
luna,nfp,N6,0,54
qwen38_off,fpq,F1,8,27
qwen38_off,fpq,F2,11,27
qwen38_off,fpq,F3,5,27
qwen38_off,fpq,F4,3,27
qwen38_off,fpq,F5,0,27
qwen38_off,nfp,N1,10,23
qwen38_off,nfp,N2,3,23
qwen38_off,nfp,N3,4,23
qwen38_off,nfp,N4,4,23
qwen38_off,nfp,N5,2,23
qwen38_off,nfp,N6,0,23
qwen38_on,fpq,F1,5,22
qwen38_on,fpq,F2,12,22
qwen38_on,fpq,F3,3,22
qwen38_on,fpq,F4,2,22
qwen38_on,fpq,F5,0,22
qwen38_on,nfp,N1,1,4
qwen38_on,nfp,N2,0,4
qwen38_on,nfp,N3,2,4
qwen38_on,nfp,N4,1,4
qwen38_on,nfp,N5,0,4
qwen38_on,nfp,N6,0,4
