model,side,dataset,well_group,pattern_a,pattern_b,n,denominator
qwen25,plain,fpq,low,request_without_target_correction,scope_signal,84,568
qwen25,plain,fpq,low,request_without_target_correction,unverifiable_as_false,0,568
qwen25,plain,fpq,low,scope_signal,unverifiable_as_false,0,568
qwen25,plain,fpq,low,personal_reopened,request_without_target_correction,3,568
qwen25,plain,fpq,low,personal_reopened,scope_signal,0,568
qwen25,plain,fpq,low,personal_reopened,unverifiable_as_false,0,568
qwen25,plain,fpq,high,request_without_target_correction,scope_signal,0,14
qwen25,plain,fpq,high,request_without_target_correction,unverifiable_as_false,0,14
qwen25,plain,fpq,high,scope_signal,unverifiable_as_false,0,14
qwen25,plain,fpq,high,personal_reopened,request_without_target_correction,0,14
qwen25,plain,fpq,high,personal_reopened,scope_signal,0,14
qwen25,plain,fpq,high,personal_reopened,unverifiable_as_false,0,14
qwen25,plain,nfp,low,request_without_target_correction,scope_signal,0,0
qwen25,plain,nfp,low,request_without_target_correction,unverifiable_as_false,0,0
qwen25,plain,nfp,low,scope_signal,unverifiable_as_false,0,0
qwen25,plain,nfp,low,personal_reopened,request_without_target_correction,0,0
qwen25,plain,nfp,low,personal_reopened,scope_signal,0,0
qwen25,plain,nfp,low,personal_reopened,unverifiable_as_false,0,0
qwen25,plain,nfp,high,request_without_target_correction,scope_signal,0,149
qwen25,plain,nfp,high,request_without_target_correction,unverifiable_as_false,0,149
qwen25,plain,nfp,high,scope_signal,unverifiable_as_false,0,149
qwen25,plain,nfp,high,personal_reopened,request_without_target_correction,0,149
qwen25,plain,nfp,high,personal_reopened,scope_signal,0,149
qwen25,plain,nfp,high,personal_reopened,unverifiable_as_false,0,149
qwen25,alternative,fpq,low,request_without_target_correction,scope_signal,73,521
qwen25,alternative,fpq,low,request_without_target_correction,unverifiable_as_false,0,521
qwen25,alternative,fpq,low,scope_signal,unverifiable_as_false,0,521
qwen25,alternative,fpq,low,personal_reopened,request_without_target_correction,9,521
qwen25,alternative,fpq,low,personal_reopened,scope_signal,0,521
qwen25,alternative,fpq,low,personal_reopened,unverifiable_as_false,0,521
qwen25,alternative,fpq,high,request_without_target_correction,scope_signal,0,61
qwen25,alternative,fpq,high,request_without_target_correction,unverifiable_as_false,0,61
qwen25,alternative,fpq,high,scope_signal,unverifiable_as_false,0,61
qwen25,alternative,fpq,high,personal_reopened,request_without_target_correction,0,61
qwen25,alternative,fpq,high,personal_reopened,scope_signal,0,61
qwen25,alternative,fpq,high,personal_reopened,unverifiable_as_false,0,61
qwen25,alternative,nfp,low,request_without_target_correction,scope_signal,0,8
qwen25,alternative,nfp,low,request_without_target_correction,unverifiable_as_false,0,8
qwen25,alternative,nfp,low,scope_signal,unverifiable_as_false,0,8
qwen25,alternative,nfp,low,personal_reopened,request_without_target_correction,0,8
qwen25,alternative,nfp,low,personal_reopened,scope_signal,0,8
qwen25,alternative,nfp,low,personal_reopened,unverifiable_as_false,0,8
qwen25,alternative,nfp,high,request_without_target_correction,scope_signal,0,141
qwen25,alternative,nfp,high,request_without_target_correction,unverifiable_as_false,0,141
qwen25,alternative,nfp,high,scope_signal,unverifiable_as_false,0,141
qwen25,alternative,nfp,high,personal_reopened,request_without_target_correction,0,141
qwen25,alternative,nfp,high,personal_reopened,scope_signal,0,141
qwen25,alternative,nfp,high,personal_reopened,unverifiable_as_false,0,141
gemma,plain,fpq,low,request_without_target_correction,scope_signal,81,558
gemma,plain,fpq,low,request_without_target_correction,unverifiable_as_false,0,558
gemma,plain,fpq,low,scope_signal,unverifiable_as_false,0,558
gemma,plain,fpq,low,personal_reopened,request_without_target_correction,12,558
gemma,plain,fpq,low,personal_reopened,scope_signal,1,558
gemma,plain,fpq,low,personal_reopened,unverifiable_as_false,0,558
gemma,plain,fpq,high,request_without_target_correction,scope_signal,0,25
gemma,plain,fpq,high,request_without_target_correction,unverifiable_as_false,0,25
gemma,plain,fpq,high,scope_signal,unverifiable_as_false,0,25
gemma,plain,fpq,high,personal_reopened,request_without_target_correction,0,25
gemma,plain,fpq,high,personal_reopened,scope_signal,0,25
gemma,plain,fpq,high,personal_reopened,unverifiable_as_false,0,25
gemma,plain,nfp,low,request_without_target_correction,scope_signal,0,0
gemma,plain,nfp,low,request_without_target_correction,unverifiable_as_false,0,0
gemma,plain,nfp,low,scope_signal,unverifiable_as_false,0,0
gemma,plain,nfp,low,personal_reopened,request_without_target_correction,0,0
gemma,plain,nfp,low,personal_reopened,scope_signal,0,0
gemma,plain,nfp,low,personal_reopened,unverifiable_as_false,0,0
gemma,plain,nfp,high,request_without_target_correction,scope_signal,0,149
gemma,plain,nfp,high,request_without_target_correction,unverifiable_as_false,0,149
gemma,plain,nfp,high,scope_signal,unverifiable_as_false,0,149
gemma,plain,nfp,high,personal_reopened,request_without_target_correction,0,149
gemma,plain,nfp,high,personal_reopened,scope_signal,0,149
gemma,plain,nfp,high,personal_reopened,unverifiable_as_false,0,149
gemma,alternative,fpq,low,request_without_target_correction,scope_signal,47,343
gemma,alternative,fpq,low,request_without_target_correction,unverifiable_as_false,0,343
gemma,alternative,fpq,low,scope_signal,unverifiable_as_false,0,343
gemma,alternative,fpq,low,personal_reopened,request_without_target_correction,1,343
gemma,alternative,fpq,low,personal_reopened,scope_signal,0,343
gemma,alternative,fpq,low,personal_reopened,unverifiable_as_false,0,343
gemma,alternative,fpq,high,request_without_target_correction,scope_signal,0,240
gemma,alternative,fpq,high,request_without_target_correction,unverifiable_as_false,0,240
gemma,alternative,fpq,high,scope_signal,unverifiable_as_false,0,240
gemma,alternative,fpq,high,personal_reopened,request_without_target_correction,0,240
gemma,alternative,fpq,high,personal_reopened,scope_signal,0,240
gemma,alternative,fpq,high,personal_reopened,unverifiable_as_false,0,240
gemma,alternative,nfp,low,request_without_target_correction,scope_signal,0,32
gemma,alternative,nfp,low,request_without_target_correction,unverifiable_as_false,0,32
gemma,alternative,nfp,low,scope_signal,unverifiable_as_false,0,32
gemma,alternative,nfp,low,personal_reopened,request_without_target_correction,0,32
gemma,alternative,nfp,low,personal_reopened,scope_signal,0,32
gemma,alternative,nfp,low,personal_reopened,unverifiable_as_false,0,32
gemma,alternative,nfp,high,request_without_target_correction,scope_signal,0,117
gemma,alternative,nfp,high,request_without_target_correction,unverifiable_as_false,0,117
gemma,alternative,nfp,high,scope_signal,unverifiable_as_false,0,117
gemma,alternative,nfp,high,personal_reopened,request_without_target_correction,0,117
gemma,alternative,nfp,high,personal_reopened,scope_signal,1,117
gemma,alternative,nfp,high,personal_reopened,unverifiable_as_false,0,117
luna,plain,fpq,low,request_without_target_correction,scope_signal,26,322
luna,plain,fpq,low,request_without_target_correction,unverifiable_as_false,0,322
luna,plain,fpq,low,scope_signal,unverifiable_as_false,0,322
luna,plain,fpq,low,personal_reopened,request_without_target_correction,9,322
luna,plain,fpq,low,personal_reopened,scope_signal,1,322
luna,plain,fpq,low,personal_reopened,unverifiable_as_false,0,322
luna,plain,fpq,high,request_without_target_correction,scope_signal,0,261
luna,plain,fpq,high,request_without_target_correction,unverifiable_as_false,0,261
luna,plain,fpq,high,scope_signal,unverifiable_as_false,0,261
luna,plain,fpq,high,personal_reopened,request_without_target_correction,1,261
luna,plain,fpq,high,personal_reopened,scope_signal,0,261
luna,plain,fpq,high,personal_reopened,unverifiable_as_false,0,261
luna,plain,nfp,low,request_without_target_correction,scope_signal,0,16
luna,plain,nfp,low,request_without_target_correction,unverifiable_as_false,0,16
luna,plain,nfp,low,scope_signal,unverifiable_as_false,0,16
luna,plain,nfp,low,personal_reopened,request_without_target_correction,0,16
luna,plain,nfp,low,personal_reopened,scope_signal,0,16
luna,plain,nfp,low,personal_reopened,unverifiable_as_false,0,16
luna,plain,nfp,high,request_without_target_correction,scope_signal,0,133
luna,plain,nfp,high,request_without_target_correction,unverifiable_as_false,0,133
luna,plain,nfp,high,scope_signal,unverifiable_as_false,0,133
luna,plain,nfp,high,personal_reopened,request_without_target_correction,0,133
luna,plain,nfp,high,personal_reopened,scope_signal,0,133
luna,plain,nfp,high,personal_reopened,unverifiable_as_false,0,133
luna,alternative,fpq,low,request_without_target_correction,scope_signal,12,148
luna,alternative,fpq,low,request_without_target_correction,unverifiable_as_false,0,148
luna,alternative,fpq,low,scope_signal,unverifiable_as_false,0,148
luna,alternative,fpq,low,personal_reopened,request_without_target_correction,2,148
luna,alternative,fpq,low,personal_reopened,scope_signal,0,148
luna,alternative,fpq,low,personal_reopened,unverifiable_as_false,0,148
luna,alternative,fpq,high,request_without_target_correction,scope_signal,0,435
luna,alternative,fpq,high,request_without_target_correction,unverifiable_as_false,0,435
luna,alternative,fpq,high,scope_signal,unverifiable_as_false,0,435
luna,alternative,fpq,high,personal_reopened,request_without_target_correction,1,435
luna,alternative,fpq,high,personal_reopened,scope_signal,0,435
luna,alternative,fpq,high,personal_reopened,unverifiable_as_false,0,435
luna,alternative,nfp,low,request_without_target_correction,scope_signal,0,66
luna,alternative,nfp,low,request_without_target_correction,unverifiable_as_false,0,66
luna,alternative,nfp,low,scope_signal,unverifiable_as_false,0,66
luna,alternative,nfp,low,personal_reopened,request_without_target_correction,0,66
luna,alternative,nfp,low,personal_reopened,scope_signal,0,66
luna,alternative,nfp,low,personal_reopened,unverifiable_as_false,0,66
luna,alternative,nfp,high,request_without_target_correction,scope_signal,0,83
luna,alternative,nfp,high,request_without_target_correction,unverifiable_as_false,0,83
luna,alternative,nfp,high,scope_signal,unverifiable_as_false,0,83
luna,alternative,nfp,high,personal_reopened,request_without_target_correction,0,83
luna,alternative,nfp,high,personal_reopened,scope_signal,1,83
luna,alternative,nfp,high,personal_reopened,unverifiable_as_false,0,83
qwen38_off,plain,fpq,low,request_without_target_correction,scope_signal,38,293
qwen38_off,plain,fpq,low,request_without_target_correction,unverifiable_as_false,0,293
qwen38_off,plain,fpq,low,scope_signal,unverifiable_as_false,0,293
qwen38_off,plain,fpq,low,personal_reopened,request_without_target_correction,3,293
qwen38_off,plain,fpq,low,personal_reopened,scope_signal,0,293
qwen38_off,plain,fpq,low,personal_reopened,unverifiable_as_false,0,293
qwen38_off,plain,fpq,high,request_without_target_correction,scope_signal,0,290
qwen38_off,plain,fpq,high,request_without_target_correction,unverifiable_as_false,0,290
qwen38_off,plain,fpq,high,scope_signal,unverifiable_as_false,0,290
qwen38_off,plain,fpq,high,personal_reopened,request_without_target_correction,0,290
qwen38_off,plain,fpq,high,personal_reopened,scope_signal,1,290
qwen38_off,plain,fpq,high,personal_reopened,unverifiable_as_false,0,290
qwen38_off,plain,nfp,low,request_without_target_correction,scope_signal,0,30
qwen38_off,plain,nfp,low,request_without_target_correction,unverifiable_as_false,0,30
qwen38_off,plain,nfp,low,scope_signal,unverifiable_as_false,0,30
qwen38_off,plain,nfp,low,personal_reopened,request_without_target_correction,0,30
qwen38_off,plain,nfp,low,personal_reopened,scope_signal,1,30
qwen38_off,plain,nfp,low,personal_reopened,unverifiable_as_false,0,30
qwen38_off,plain,nfp,high,request_without_target_correction,scope_signal,0,119
qwen38_off,plain,nfp,high,request_without_target_correction,unverifiable_as_false,0,119
qwen38_off,plain,nfp,high,scope_signal,unverifiable_as_false,0,119
qwen38_off,plain,nfp,high,personal_reopened,request_without_target_correction,0,119
qwen38_off,plain,nfp,high,personal_reopened,scope_signal,0,119
qwen38_off,plain,nfp,high,personal_reopened,unverifiable_as_false,0,119
qwen38_off,alternative,fpq,low,request_without_target_correction,scope_signal,40,264
qwen38_off,alternative,fpq,low,request_without_target_correction,unverifiable_as_false,0,264
qwen38_off,alternative,fpq,low,scope_signal,unverifiable_as_false,0,264
qwen38_off,alternative,fpq,low,personal_reopened,request_without_target_correction,4,264
qwen38_off,alternative,fpq,low,personal_reopened,scope_signal,0,264
qwen38_off,alternative,fpq,low,personal_reopened,unverifiable_as_false,0,264
qwen38_off,alternative,fpq,high,request_without_target_correction,scope_signal,0,319
qwen38_off,alternative,fpq,high,request_without_target_correction,unverifiable_as_false,0,319
qwen38_off,alternative,fpq,high,scope_signal,unverifiable_as_false,0,319
qwen38_off,alternative,fpq,high,personal_reopened,request_without_target_correction,0,319
qwen38_off,alternative,fpq,high,personal_reopened,scope_signal,1,319
qwen38_off,alternative,fpq,high,personal_reopened,unverifiable_as_false,0,319
qwen38_off,alternative,nfp,low,request_without_target_correction,scope_signal,0,43
qwen38_off,alternative,nfp,low,request_without_target_correction,unverifiable_as_false,0,43
qwen38_off,alternative,nfp,low,scope_signal,unverifiable_as_false,0,43
qwen38_off,alternative,nfp,low,personal_reopened,request_without_target_correction,0,43
qwen38_off,alternative,nfp,low,personal_reopened,scope_signal,1,43
qwen38_off,alternative,nfp,low,personal_reopened,unverifiable_as_false,0,43
qwen38_off,alternative,nfp,high,request_without_target_correction,scope_signal,0,106
qwen38_off,alternative,nfp,high,request_without_target_correction,unverifiable_as_false,0,106
qwen38_off,alternative,nfp,high,scope_signal,unverifiable_as_false,0,106
qwen38_off,alternative,nfp,high,personal_reopened,request_without_target_correction,0,106
qwen38_off,alternative,nfp,high,personal_reopened,scope_signal,1,106
qwen38_off,alternative,nfp,high,personal_reopened,unverifiable_as_false,0,106
qwen38_on,plain,fpq,low,request_without_target_correction,scope_signal,38,346
qwen38_on,plain,fpq,low,request_without_target_correction,unverifiable_as_false,1,346
qwen38_on,plain,fpq,low,scope_signal,unverifiable_as_false,0,346
qwen38_on,plain,fpq,low,personal_reopened,request_without_target_correction,18,346
qwen38_on,plain,fpq,low,personal_reopened,scope_signal,3,346
qwen38_on,plain,fpq,low,personal_reopened,unverifiable_as_false,0,346
qwen38_on,plain,fpq,high,request_without_target_correction,scope_signal,0,237
qwen38_on,plain,fpq,high,request_without_target_correction,unverifiable_as_false,0,237
qwen38_on,plain,fpq,high,scope_signal,unverifiable_as_false,0,237
qwen38_on,plain,fpq,high,personal_reopened,request_without_target_correction,1,237
qwen38_on,plain,fpq,high,personal_reopened,scope_signal,1,237
qwen38_on,plain,fpq,high,personal_reopened,unverifiable_as_false,0,237
qwen38_on,plain,nfp,low,request_without_target_correction,scope_signal,0,17
qwen38_on,plain,nfp,low,request_without_target_correction,unverifiable_as_false,0,17
qwen38_on,plain,nfp,low,scope_signal,unverifiable_as_false,0,17
qwen38_on,plain,nfp,low,personal_reopened,request_without_target_correction,0,17
qwen38_on,plain,nfp,low,personal_reopened,scope_signal,0,17
qwen38_on,plain,nfp,low,personal_reopened,unverifiable_as_false,0,17
qwen38_on,plain,nfp,high,request_without_target_correction,scope_signal,0,132
qwen38_on,plain,nfp,high,request_without_target_correction,unverifiable_as_false,0,132
qwen38_on,plain,nfp,high,scope_signal,unverifiable_as_false,0,132
qwen38_on,plain,nfp,high,personal_reopened,request_without_target_correction,0,132
qwen38_on,plain,nfp,high,personal_reopened,scope_signal,0,132
qwen38_on,plain,nfp,high,personal_reopened,unverifiable_as_false,0,132
qwen38_on,alternative,fpq,low,request_without_target_correction,scope_signal,36,332
qwen38_on,alternative,fpq,low,request_without_target_correction,unverifiable_as_false,0,332
qwen38_on,alternative,fpq,low,scope_signal,unverifiable_as_false,0,332
qwen38_on,alternative,fpq,low,personal_reopened,request_without_target_correction,9,332
qwen38_on,alternative,fpq,low,personal_reopened,scope_signal,1,332
qwen38_on,alternative,fpq,low,personal_reopened,unverifiable_as_false,0,332
qwen38_on,alternative,fpq,high,request_without_target_correction,scope_signal,0,251
qwen38_on,alternative,fpq,high,request_without_target_correction,unverifiable_as_false,0,251
qwen38_on,alternative,fpq,high,scope_signal,unverifiable_as_false,0,251
qwen38_on,alternative,fpq,high,personal_reopened,request_without_target_correction,0,251
qwen38_on,alternative,fpq,high,personal_reopened,scope_signal,0,251
qwen38_on,alternative,fpq,high,personal_reopened,unverifiable_as_false,0,251
qwen38_on,alternative,nfp,low,request_without_target_correction,scope_signal,0,18
qwen38_on,alternative,nfp,low,request_without_target_correction,unverifiable_as_false,0,18
qwen38_on,alternative,nfp,low,scope_signal,unverifiable_as_false,0,18
qwen38_on,alternative,nfp,low,personal_reopened,request_without_target_correction,0,18
qwen38_on,alternative,nfp,low,personal_reopened,scope_signal,0,18
qwen38_on,alternative,nfp,low,personal_reopened,unverifiable_as_false,0,18
qwen38_on,alternative,nfp,high,request_without_target_correction,scope_signal,0,131
qwen38_on,alternative,nfp,high,request_without_target_correction,unverifiable_as_false,0,131
qwen38_on,alternative,nfp,high,scope_signal,unverifiable_as_false,0,131
qwen38_on,alternative,nfp,high,personal_reopened,request_without_target_correction,0,131
qwen38_on,alternative,nfp,high,personal_reopened,scope_signal,1,131
qwen38_on,alternative,nfp,high,personal_reopened,unverifiable_as_false,0,131
