model,side,dataset,well_group,pattern,n,denominator,percent,evidence_kind,absence_interpretation
qwen25,plain,fpq,low,target_omitted,193,568,33.978873239436616,existing_AI_code_or_optional_tag,existing_behavior_code
qwen25,plain,fpq,low,error_endorsed,231,568,40.66901408450704,existing_AI_code_or_optional_tag,existing_behavior_code
qwen25,plain,fpq,low,related_only,98,568,17.253521126760564,existing_AI_code_or_optional_tag,existing_behavior_code
qwen25,plain,fpq,low,coded_correction,46,568,8.098591549295774,existing_AI_code_or_optional_tag,existing_behavior_code
qwen25,plain,fpq,low,request_without_target_correction,517,568,91.02112676056338,existing_AI_code_or_optional_tag,existing_behavior_code
qwen25,plain,fpq,low,scope_signal,87,568,15.316901408450704,existing_AI_code_or_optional_tag,optional_tag_absence_not_confirmed_negative
qwen25,plain,fpq,low,personal_reopened,5,568,0.8802816901408451,existing_AI_code_or_optional_tag,optional_tag_absence_not_confirmed_negative
qwen25,plain,fpq,low,unverifiable_as_false,0,568,0.0,existing_AI_code_or_optional_tag,optional_tag_absence_not_confirmed_negative
qwen25,plain,fpq,low,challenge,18,568,3.1690140845070425,existing_AI_code_or_optional_tag,existing_behavior_code
qwen25,plain,fpq,low,qualification,119,568,20.950704225352112,existing_AI_code_or_optional_tag,existing_behavior_code
qwen25,plain,fpq,high,target_omitted,0,14,0.0,existing_AI_code_or_optional_tag,existing_behavior_code
qwen25,plain,fpq,high,error_endorsed,0,14,0.0,existing_AI_code_or_optional_tag,existing_behavior_code
qwen25,plain,fpq,high,related_only,0,14,0.0,existing_AI_code_or_optional_tag,existing_behavior_code
qwen25,plain,fpq,high,coded_correction,14,14,100.0,existing_AI_code_or_optional_tag,existing_behavior_code
qwen25,plain,fpq,high,request_without_target_correction,0,14,0.0,existing_AI_code_or_optional_tag,existing_behavior_code
qwen25,plain,fpq,high,scope_signal,0,14,0.0,existing_AI_code_or_optional_tag,optional_tag_absence_not_confirmed_negative
qwen25,plain,fpq,high,personal_reopened,1,14,7.142857142857143,existing_AI_code_or_optional_tag,optional_tag_absence_not_confirmed_negative
qwen25,plain,fpq,high,unverifiable_as_false,0,14,0.0,existing_AI_code_or_optional_tag,optional_tag_absence_not_confirmed_negative
qwen25,plain,fpq,high,challenge,10,14,71.42857142857143,existing_AI_code_or_optional_tag,existing_behavior_code
qwen25,plain,fpq,high,qualification,4,14,28.571428571428573,existing_AI_code_or_optional_tag,existing_behavior_code
qwen25,plain,nfp,low,target_omitted,,0,,existing_AI_code_or_optional_tag,existing_behavior_code
qwen25,plain,nfp,low,error_endorsed,,0,,existing_AI_code_or_optional_tag,existing_behavior_code
qwen25,plain,nfp,low,related_only,,0,,existing_AI_code_or_optional_tag,existing_behavior_code
qwen25,plain,nfp,low,coded_correction,,0,,existing_AI_code_or_optional_tag,existing_behavior_code
qwen25,plain,nfp,low,request_without_target_correction,,0,,existing_AI_code_or_optional_tag,existing_behavior_code
qwen25,plain,nfp,low,scope_signal,0,0,,existing_AI_code_or_optional_tag,optional_tag_absence_not_confirmed_negative
qwen25,plain,nfp,low,personal_reopened,0,0,,existing_AI_code_or_optional_tag,optional_tag_absence_not_confirmed_negative
qwen25,plain,nfp,low,unverifiable_as_false,0,0,,existing_AI_code_or_optional_tag,optional_tag_absence_not_confirmed_negative
qwen25,plain,nfp,low,challenge,0,0,,existing_AI_code_or_optional_tag,existing_behavior_code
qwen25,plain,nfp,low,qualification,0,0,,existing_AI_code_or_optional_tag,existing_behavior_code
qwen25,plain,nfp,high,target_omitted,,149,,existing_AI_code_or_optional_tag,existing_behavior_code
qwen25,plain,nfp,high,error_endorsed,,149,,existing_AI_code_or_optional_tag,existing_behavior_code
qwen25,plain,nfp,high,related_only,,149,,existing_AI_code_or_optional_tag,existing_behavior_code
qwen25,plain,nfp,high,coded_correction,,149,,existing_AI_code_or_optional_tag,existing_behavior_code
qwen25,plain,nfp,high,request_without_target_correction,,149,,existing_AI_code_or_optional_tag,existing_behavior_code
qwen25,plain,nfp,high,scope_signal,5,149,3.3557046979865772,existing_AI_code_or_optional_tag,optional_tag_absence_not_confirmed_negative
qwen25,plain,nfp,high,personal_reopened,1,149,0.6711409395973155,existing_AI_code_or_optional_tag,optional_tag_absence_not_confirmed_negative
qwen25,plain,nfp,high,unverifiable_as_false,0,149,0.0,existing_AI_code_or_optional_tag,optional_tag_absence_not_confirmed_negative
qwen25,plain,nfp,high,challenge,0,149,0.0,existing_AI_code_or_optional_tag,existing_behavior_code
qwen25,plain,nfp,high,qualification,33,149,22.14765100671141,existing_AI_code_or_optional_tag,existing_behavior_code
qwen25,alternative,fpq,low,target_omitted,132,521,25.335892514395393,existing_AI_code_or_optional_tag,existing_behavior_code
qwen25,alternative,fpq,low,error_endorsed,211,521,40.49904030710173,existing_AI_code_or_optional_tag,existing_behavior_code
qwen25,alternative,fpq,low,related_only,113,521,21.689059500959694,existing_AI_code_or_optional_tag,existing_behavior_code
qwen25,alternative,fpq,low,coded_correction,65,521,12.476007677543187,existing_AI_code_or_optional_tag,existing_behavior_code
qwen25,alternative,fpq,low,request_without_target_correction,452,521,86.75623800383877,existing_AI_code_or_optional_tag,existing_behavior_code
qwen25,alternative,fpq,low,scope_signal,82,521,15.738963531669866,existing_AI_code_or_optional_tag,optional_tag_absence_not_confirmed_negative
qwen25,alternative,fpq,low,personal_reopened,13,521,2.495201535508637,existing_AI_code_or_optional_tag,optional_tag_absence_not_confirmed_negative
qwen25,alternative,fpq,low,unverifiable_as_false,0,521,0.0,existing_AI_code_or_optional_tag,optional_tag_absence_not_confirmed_negative
qwen25,alternative,fpq,low,challenge,35,521,6.717850287907869,existing_AI_code_or_optional_tag,existing_behavior_code
qwen25,alternative,fpq,low,qualification,142,521,27.2552783109405,existing_AI_code_or_optional_tag,existing_behavior_code
qwen25,alternative,fpq,high,target_omitted,0,61,0.0,existing_AI_code_or_optional_tag,existing_behavior_code
qwen25,alternative,fpq,high,error_endorsed,0,61,0.0,existing_AI_code_or_optional_tag,existing_behavior_code
qwen25,alternative,fpq,high,related_only,0,61,0.0,existing_AI_code_or_optional_tag,existing_behavior_code
qwen25,alternative,fpq,high,coded_correction,61,61,100.0,existing_AI_code_or_optional_tag,existing_behavior_code
qwen25,alternative,fpq,high,request_without_target_correction,0,61,0.0,existing_AI_code_or_optional_tag,existing_behavior_code
qwen25,alternative,fpq,high,scope_signal,6,61,9.836065573770492,existing_AI_code_or_optional_tag,optional_tag_absence_not_confirmed_negative
qwen25,alternative,fpq,high,personal_reopened,3,61,4.918032786885246,existing_AI_code_or_optional_tag,optional_tag_absence_not_confirmed_negative
qwen25,alternative,fpq,high,unverifiable_as_false,0,61,0.0,existing_AI_code_or_optional_tag,optional_tag_absence_not_confirmed_negative
qwen25,alternative,fpq,high,challenge,57,61,93.44262295081967,existing_AI_code_or_optional_tag,existing_behavior_code
qwen25,alternative,fpq,high,qualification,4,61,6.557377049180328,existing_AI_code_or_optional_tag,existing_behavior_code
qwen25,alternative,nfp,low,target_omitted,,8,,existing_AI_code_or_optional_tag,existing_behavior_code
qwen25,alternative,nfp,low,error_endorsed,,8,,existing_AI_code_or_optional_tag,existing_behavior_code
qwen25,alternative,nfp,low,related_only,,8,,existing_AI_code_or_optional_tag,existing_behavior_code
qwen25,alternative,nfp,low,coded_correction,,8,,existing_AI_code_or_optional_tag,existing_behavior_code
qwen25,alternative,nfp,low,request_without_target_correction,,8,,existing_AI_code_or_optional_tag,existing_behavior_code
qwen25,alternative,nfp,low,scope_signal,0,8,0.0,existing_AI_code_or_optional_tag,optional_tag_absence_not_confirmed_negative
qwen25,alternative,nfp,low,personal_reopened,2,8,25.0,existing_AI_code_or_optional_tag,optional_tag_absence_not_confirmed_negative
qwen25,alternative,nfp,low,unverifiable_as_false,0,8,0.0,existing_AI_code_or_optional_tag,optional_tag_absence_not_confirmed_negative
qwen25,alternative,nfp,low,challenge,5,8,62.5,existing_AI_code_or_optional_tag,existing_behavior_code
qwen25,alternative,nfp,low,qualification,2,8,25.0,existing_AI_code_or_optional_tag,existing_behavior_code
qwen25,alternative,nfp,high,target_omitted,,141,,existing_AI_code_or_optional_tag,existing_behavior_code
qwen25,alternative,nfp,high,error_endorsed,,141,,existing_AI_code_or_optional_tag,existing_behavior_code
qwen25,alternative,nfp,high,related_only,,141,,existing_AI_code_or_optional_tag,existing_behavior_code
qwen25,alternative,nfp,high,coded_correction,,141,,existing_AI_code_or_optional_tag,existing_behavior_code
qwen25,alternative,nfp,high,request_without_target_correction,,141,,existing_AI_code_or_optional_tag,existing_behavior_code
qwen25,alternative,nfp,high,scope_signal,10,141,7.092198581560283,existing_AI_code_or_optional_tag,optional_tag_absence_not_confirmed_negative
qwen25,alternative,nfp,high,personal_reopened,3,141,2.127659574468085,existing_AI_code_or_optional_tag,optional_tag_absence_not_confirmed_negative
qwen25,alternative,nfp,high,unverifiable_as_false,0,141,0.0,existing_AI_code_or_optional_tag,optional_tag_absence_not_confirmed_negative
qwen25,alternative,nfp,high,challenge,4,141,2.8368794326241136,existing_AI_code_or_optional_tag,existing_behavior_code
qwen25,alternative,nfp,high,qualification,30,141,21.27659574468085,existing_AI_code_or_optional_tag,existing_behavior_code
gemma,plain,fpq,low,target_omitted,197,558,35.30465949820788,existing_AI_code_or_optional_tag,existing_behavior_code
gemma,plain,fpq,low,error_endorsed,175,558,31.36200716845878,existing_AI_code_or_optional_tag,existing_behavior_code
gemma,plain,fpq,low,related_only,129,558,23.118279569892472,existing_AI_code_or_optional_tag,existing_behavior_code
gemma,plain,fpq,low,coded_correction,57,558,10.21505376344086,existing_AI_code_or_optional_tag,existing_behavior_code
gemma,plain,fpq,low,request_without_target_correction,496,558,88.88888888888889,existing_AI_code_or_optional_tag,existing_behavior_code
gemma,plain,fpq,low,scope_signal,87,558,15.591397849462366,existing_AI_code_or_optional_tag,optional_tag_absence_not_confirmed_negative
gemma,plain,fpq,low,personal_reopened,19,558,3.4050179211469533,existing_AI_code_or_optional_tag,optional_tag_absence_not_confirmed_negative
gemma,plain,fpq,low,unverifiable_as_false,0,558,0.0,existing_AI_code_or_optional_tag,optional_tag_absence_not_confirmed_negative
gemma,plain,fpq,low,challenge,32,558,5.734767025089606,existing_AI_code_or_optional_tag,existing_behavior_code
gemma,plain,fpq,low,qualification,156,558,27.956989247311828,existing_AI_code_or_optional_tag,existing_behavior_code
gemma,plain,fpq,high,target_omitted,0,25,0.0,existing_AI_code_or_optional_tag,existing_behavior_code
gemma,plain,fpq,high,error_endorsed,0,25,0.0,existing_AI_code_or_optional_tag,existing_behavior_code
gemma,plain,fpq,high,related_only,0,25,0.0,existing_AI_code_or_optional_tag,existing_behavior_code
gemma,plain,fpq,high,coded_correction,25,25,100.0,existing_AI_code_or_optional_tag,existing_behavior_code
gemma,plain,fpq,high,request_without_target_correction,0,25,0.0,existing_AI_code_or_optional_tag,existing_behavior_code
gemma,plain,fpq,high,scope_signal,1,25,4.0,existing_AI_code_or_optional_tag,optional_tag_absence_not_confirmed_negative
gemma,plain,fpq,high,personal_reopened,0,25,0.0,existing_AI_code_or_optional_tag,optional_tag_absence_not_confirmed_negative
gemma,plain,fpq,high,unverifiable_as_false,0,25,0.0,existing_AI_code_or_optional_tag,optional_tag_absence_not_confirmed_negative
gemma,plain,fpq,high,challenge,23,25,92.0,existing_AI_code_or_optional_tag,existing_behavior_code
gemma,plain,fpq,high,qualification,2,25,8.0,existing_AI_code_or_optional_tag,existing_behavior_code
gemma,plain,nfp,low,target_omitted,,0,,existing_AI_code_or_optional_tag,existing_behavior_code
gemma,plain,nfp,low,error_endorsed,,0,,existing_AI_code_or_optional_tag,existing_behavior_code
gemma,plain,nfp,low,related_only,,0,,existing_AI_code_or_optional_tag,existing_behavior_code
gemma,plain,nfp,low,coded_correction,,0,,existing_AI_code_or_optional_tag,existing_behavior_code
gemma,plain,nfp,low,request_without_target_correction,,0,,existing_AI_code_or_optional_tag,existing_behavior_code
gemma,plain,nfp,low,scope_signal,0,0,,existing_AI_code_or_optional_tag,optional_tag_absence_not_confirmed_negative
gemma,plain,nfp,low,personal_reopened,0,0,,existing_AI_code_or_optional_tag,optional_tag_absence_not_confirmed_negative
gemma,plain,nfp,low,unverifiable_as_false,0,0,,existing_AI_code_or_optional_tag,optional_tag_absence_not_confirmed_negative
gemma,plain,nfp,low,challenge,0,0,,existing_AI_code_or_optional_tag,existing_behavior_code
gemma,plain,nfp,low,qualification,0,0,,existing_AI_code_or_optional_tag,existing_behavior_code
gemma,plain,nfp,high,target_omitted,,149,,existing_AI_code_or_optional_tag,existing_behavior_code
gemma,plain,nfp,high,error_endorsed,,149,,existing_AI_code_or_optional_tag,existing_behavior_code
gemma,plain,nfp,high,related_only,,149,,existing_AI_code_or_optional_tag,existing_behavior_code
gemma,plain,nfp,high,coded_correction,,149,,existing_AI_code_or_optional_tag,existing_behavior_code
gemma,plain,nfp,high,request_without_target_correction,,149,,existing_AI_code_or_optional_tag,existing_behavior_code
gemma,plain,nfp,high,scope_signal,10,149,6.7114093959731544,existing_AI_code_or_optional_tag,optional_tag_absence_not_confirmed_negative
gemma,plain,nfp,high,personal_reopened,2,149,1.342281879194631,existing_AI_code_or_optional_tag,optional_tag_absence_not_confirmed_negative
gemma,plain,nfp,high,unverifiable_as_false,0,149,0.0,existing_AI_code_or_optional_tag,optional_tag_absence_not_confirmed_negative
gemma,plain,nfp,high,challenge,2,149,1.342281879194631,existing_AI_code_or_optional_tag,existing_behavior_code
gemma,plain,nfp,high,qualification,54,149,36.241610738255034,existing_AI_code_or_optional_tag,existing_behavior_code
gemma,alternative,fpq,low,target_omitted,114,343,33.23615160349854,existing_AI_code_or_optional_tag,existing_behavior_code
gemma,alternative,fpq,low,error_endorsed,107,343,31.19533527696793,existing_AI_code_or_optional_tag,existing_behavior_code
gemma,alternative,fpq,low,related_only,73,343,21.282798833819243,existing_AI_code_or_optional_tag,existing_behavior_code
gemma,alternative,fpq,low,coded_correction,49,343,14.285714285714286,existing_AI_code_or_optional_tag,existing_behavior_code
gemma,alternative,fpq,low,request_without_target_correction,283,343,82.50728862973762,existing_AI_code_or_optional_tag,existing_behavior_code
gemma,alternative,fpq,low,scope_signal,53,343,15.451895043731778,existing_AI_code_or_optional_tag,optional_tag_absence_not_confirmed_negative
gemma,alternative,fpq,low,personal_reopened,6,343,1.749271137026239,existing_AI_code_or_optional_tag,optional_tag_absence_not_confirmed_negative
gemma,alternative,fpq,low,unverifiable_as_false,0,343,0.0,existing_AI_code_or_optional_tag,optional_tag_absence_not_confirmed_negative
gemma,alternative,fpq,low,challenge,61,343,17.784256559766764,existing_AI_code_or_optional_tag,existing_behavior_code
gemma,alternative,fpq,low,qualification,78,343,22.740524781341108,existing_AI_code_or_optional_tag,existing_behavior_code
gemma,alternative,fpq,high,target_omitted,0,240,0.0,existing_AI_code_or_optional_tag,existing_behavior_code
gemma,alternative,fpq,high,error_endorsed,0,240,0.0,existing_AI_code_or_optional_tag,existing_behavior_code
gemma,alternative,fpq,high,related_only,0,240,0.0,existing_AI_code_or_optional_tag,existing_behavior_code
gemma,alternative,fpq,high,coded_correction,240,240,100.0,existing_AI_code_or_optional_tag,existing_behavior_code
gemma,alternative,fpq,high,request_without_target_correction,0,240,0.0,existing_AI_code_or_optional_tag,existing_behavior_code
gemma,alternative,fpq,high,scope_signal,6,240,2.5,existing_AI_code_or_optional_tag,optional_tag_absence_not_confirmed_negative
gemma,alternative,fpq,high,personal_reopened,12,240,5.0,existing_AI_code_or_optional_tag,optional_tag_absence_not_confirmed_negative
gemma,alternative,fpq,high,unverifiable_as_false,0,240,0.0,existing_AI_code_or_optional_tag,optional_tag_absence_not_confirmed_negative
gemma,alternative,fpq,high,challenge,236,240,98.33333333333333,existing_AI_code_or_optional_tag,existing_behavior_code
gemma,alternative,fpq,high,qualification,4,240,1.6666666666666667,existing_AI_code_or_optional_tag,existing_behavior_code
gemma,alternative,nfp,low,target_omitted,,32,,existing_AI_code_or_optional_tag,existing_behavior_code
gemma,alternative,nfp,low,error_endorsed,,32,,existing_AI_code_or_optional_tag,existing_behavior_code
gemma,alternative,nfp,low,related_only,,32,,existing_AI_code_or_optional_tag,existing_behavior_code
gemma,alternative,nfp,low,coded_correction,,32,,existing_AI_code_or_optional_tag,existing_behavior_code
gemma,alternative,nfp,low,request_without_target_correction,,32,,existing_AI_code_or_optional_tag,existing_behavior_code
gemma,alternative,nfp,low,scope_signal,2,32,6.25,existing_AI_code_or_optional_tag,optional_tag_absence_not_confirmed_negative
gemma,alternative,nfp,low,personal_reopened,6,32,18.75,existing_AI_code_or_optional_tag,optional_tag_absence_not_confirmed_negative
gemma,alternative,nfp,low,unverifiable_as_false,0,32,0.0,existing_AI_code_or_optional_tag,optional_tag_absence_not_confirmed_negative
gemma,alternative,nfp,low,challenge,29,32,90.625,existing_AI_code_or_optional_tag,existing_behavior_code
gemma,alternative,nfp,low,qualification,3,32,9.375,existing_AI_code_or_optional_tag,existing_behavior_code
gemma,alternative,nfp,high,target_omitted,,117,,existing_AI_code_or_optional_tag,existing_behavior_code
gemma,alternative,nfp,high,error_endorsed,,117,,existing_AI_code_or_optional_tag,existing_behavior_code
gemma,alternative,nfp,high,related_only,,117,,existing_AI_code_or_optional_tag,existing_behavior_code
gemma,alternative,nfp,high,coded_correction,,117,,existing_AI_code_or_optional_tag,existing_behavior_code
gemma,alternative,nfp,high,request_without_target_correction,,117,,existing_AI_code_or_optional_tag,existing_behavior_code
gemma,alternative,nfp,high,scope_signal,4,117,3.4188034188034186,existing_AI_code_or_optional_tag,optional_tag_absence_not_confirmed_negative
gemma,alternative,nfp,high,personal_reopened,1,117,0.8547008547008547,existing_AI_code_or_optional_tag,optional_tag_absence_not_confirmed_negative
gemma,alternative,nfp,high,unverifiable_as_false,0,117,0.0,existing_AI_code_or_optional_tag,optional_tag_absence_not_confirmed_negative
gemma,alternative,nfp,high,challenge,6,117,5.128205128205129,existing_AI_code_or_optional_tag,existing_behavior_code
gemma,alternative,nfp,high,qualification,41,117,35.042735042735046,existing_AI_code_or_optional_tag,existing_behavior_code
luna,plain,fpq,low,target_omitted,109,322,33.850931677018636,existing_AI_code_or_optional_tag,existing_behavior_code
luna,plain,fpq,low,error_endorsed,20,322,6.211180124223603,existing_AI_code_or_optional_tag,existing_behavior_code
luna,plain,fpq,low,related_only,99,322,30.74534161490683,existing_AI_code_or_optional_tag,existing_behavior_code
luna,plain,fpq,low,coded_correction,94,322,29.19254658385093,existing_AI_code_or_optional_tag,existing_behavior_code
luna,plain,fpq,low,request_without_target_correction,225,322,69.87577639751552,existing_AI_code_or_optional_tag,existing_behavior_code
luna,plain,fpq,low,scope_signal,34,322,10.559006211180124,existing_AI_code_or_optional_tag,optional_tag_absence_not_confirmed_negative
luna,plain,fpq,low,personal_reopened,21,322,6.521739130434782,existing_AI_code_or_optional_tag,optional_tag_absence_not_confirmed_negative
luna,plain,fpq,low,unverifiable_as_false,0,322,0.0,existing_AI_code_or_optional_tag,optional_tag_absence_not_confirmed_negative
luna,plain,fpq,low,challenge,48,322,14.906832298136646,existing_AI_code_or_optional_tag,existing_behavior_code
luna,plain,fpq,low,qualification,173,322,53.72670807453416,existing_AI_code_or_optional_tag,existing_behavior_code
luna,plain,fpq,high,target_omitted,0,261,0.0,existing_AI_code_or_optional_tag,existing_behavior_code
luna,plain,fpq,high,error_endorsed,0,261,0.0,existing_AI_code_or_optional_tag,existing_behavior_code
luna,plain,fpq,high,related_only,1,261,0.3831417624521073,existing_AI_code_or_optional_tag,existing_behavior_code
luna,plain,fpq,high,coded_correction,260,261,99.61685823754789,existing_AI_code_or_optional_tag,existing_behavior_code
luna,plain,fpq,high,request_without_target_correction,1,261,0.3831417624521073,existing_AI_code_or_optional_tag,existing_behavior_code
luna,plain,fpq,high,scope_signal,6,261,2.2988505747126435,existing_AI_code_or_optional_tag,optional_tag_absence_not_confirmed_negative
luna,plain,fpq,high,personal_reopened,22,261,8.42911877394636,existing_AI_code_or_optional_tag,optional_tag_absence_not_confirmed_negative
luna,plain,fpq,high,unverifiable_as_false,0,261,0.0,existing_AI_code_or_optional_tag,optional_tag_absence_not_confirmed_negative
luna,plain,fpq,high,challenge,237,261,90.80459770114942,existing_AI_code_or_optional_tag,existing_behavior_code
luna,plain,fpq,high,qualification,24,261,9.195402298850574,existing_AI_code_or_optional_tag,existing_behavior_code
luna,plain,nfp,low,target_omitted,,16,,existing_AI_code_or_optional_tag,existing_behavior_code
luna,plain,nfp,low,error_endorsed,,16,,existing_AI_code_or_optional_tag,existing_behavior_code
luna,plain,nfp,low,related_only,,16,,existing_AI_code_or_optional_tag,existing_behavior_code
luna,plain,nfp,low,coded_correction,,16,,existing_AI_code_or_optional_tag,existing_behavior_code
luna,plain,nfp,low,request_without_target_correction,,16,,existing_AI_code_or_optional_tag,existing_behavior_code
luna,plain,nfp,low,scope_signal,1,16,6.25,existing_AI_code_or_optional_tag,optional_tag_absence_not_confirmed_negative
luna,plain,nfp,low,personal_reopened,5,16,31.25,existing_AI_code_or_optional_tag,optional_tag_absence_not_confirmed_negative
luna,plain,nfp,low,unverifiable_as_false,0,16,0.0,existing_AI_code_or_optional_tag,optional_tag_absence_not_confirmed_negative
luna,plain,nfp,low,challenge,10,16,62.5,existing_AI_code_or_optional_tag,existing_behavior_code
luna,plain,nfp,low,qualification,6,16,37.5,existing_AI_code_or_optional_tag,existing_behavior_code
luna,plain,nfp,high,target_omitted,,133,,existing_AI_code_or_optional_tag,existing_behavior_code
luna,plain,nfp,high,error_endorsed,,133,,existing_AI_code_or_optional_tag,existing_behavior_code
luna,plain,nfp,high,related_only,,133,,existing_AI_code_or_optional_tag,existing_behavior_code
luna,plain,nfp,high,coded_correction,,133,,existing_AI_code_or_optional_tag,existing_behavior_code
luna,plain,nfp,high,request_without_target_correction,,133,,existing_AI_code_or_optional_tag,existing_behavior_code
luna,plain,nfp,high,scope_signal,13,133,9.774436090225564,existing_AI_code_or_optional_tag,optional_tag_absence_not_confirmed_negative
luna,plain,nfp,high,personal_reopened,14,133,10.526315789473685,existing_AI_code_or_optional_tag,optional_tag_absence_not_confirmed_negative
luna,plain,nfp,high,unverifiable_as_false,0,133,0.0,existing_AI_code_or_optional_tag,optional_tag_absence_not_confirmed_negative
luna,plain,nfp,high,challenge,20,133,15.037593984962406,existing_AI_code_or_optional_tag,existing_behavior_code
luna,plain,nfp,high,qualification,85,133,63.909774436090224,existing_AI_code_or_optional_tag,existing_behavior_code
luna,alternative,fpq,low,target_omitted,37,148,25.0,existing_AI_code_or_optional_tag,existing_behavior_code
luna,alternative,fpq,low,error_endorsed,9,148,6.081081081081081,existing_AI_code_or_optional_tag,existing_behavior_code
luna,alternative,fpq,low,related_only,45,148,30.405405405405407,existing_AI_code_or_optional_tag,existing_behavior_code
luna,alternative,fpq,low,coded_correction,57,148,38.513513513513516,existing_AI_code_or_optional_tag,existing_behavior_code
luna,alternative,fpq,low,request_without_target_correction,89,148,60.13513513513514,existing_AI_code_or_optional_tag,existing_behavior_code
luna,alternative,fpq,low,scope_signal,15,148,10.135135135135135,existing_AI_code_or_optional_tag,optional_tag_absence_not_confirmed_negative
luna,alternative,fpq,low,personal_reopened,6,148,4.054054054054054,existing_AI_code_or_optional_tag,optional_tag_absence_not_confirmed_negative
luna,alternative,fpq,low,unverifiable_as_false,0,148,0.0,existing_AI_code_or_optional_tag,optional_tag_absence_not_confirmed_negative
luna,alternative,fpq,low,challenge,60,148,40.54054054054054,existing_AI_code_or_optional_tag,existing_behavior_code
luna,alternative,fpq,low,qualification,63,148,42.567567567567565,existing_AI_code_or_optional_tag,existing_behavior_code
luna,alternative,fpq,high,target_omitted,0,435,0.0,existing_AI_code_or_optional_tag,existing_behavior_code
luna,alternative,fpq,high,error_endorsed,0,435,0.0,existing_AI_code_or_optional_tag,existing_behavior_code
luna,alternative,fpq,high,related_only,1,435,0.22988505747126436,existing_AI_code_or_optional_tag,existing_behavior_code
luna,alternative,fpq,high,coded_correction,433,435,99.54022988505747,existing_AI_code_or_optional_tag,existing_behavior_code
luna,alternative,fpq,high,request_without_target_correction,1,435,0.22988505747126436,existing_AI_code_or_optional_tag,existing_behavior_code
luna,alternative,fpq,high,scope_signal,5,435,1.1494252873563218,existing_AI_code_or_optional_tag,optional_tag_absence_not_confirmed_negative
luna,alternative,fpq,high,personal_reopened,42,435,9.655172413793103,existing_AI_code_or_optional_tag,optional_tag_absence_not_confirmed_negative
luna,alternative,fpq,high,unverifiable_as_false,0,435,0.0,existing_AI_code_or_optional_tag,optional_tag_absence_not_confirmed_negative
luna,alternative,fpq,high,challenge,397,435,91.26436781609195,existing_AI_code_or_optional_tag,existing_behavior_code
luna,alternative,fpq,high,qualification,38,435,8.735632183908047,existing_AI_code_or_optional_tag,existing_behavior_code
luna,alternative,nfp,low,target_omitted,,66,,existing_AI_code_or_optional_tag,existing_behavior_code
luna,alternative,nfp,low,error_endorsed,,66,,existing_AI_code_or_optional_tag,existing_behavior_code
luna,alternative,nfp,low,related_only,,66,,existing_AI_code_or_optional_tag,existing_behavior_code
luna,alternative,nfp,low,coded_correction,,66,,existing_AI_code_or_optional_tag,existing_behavior_code
luna,alternative,nfp,low,request_without_target_correction,,66,,existing_AI_code_or_optional_tag,existing_behavior_code
luna,alternative,nfp,low,scope_signal,3,66,4.545454545454546,existing_AI_code_or_optional_tag,optional_tag_absence_not_confirmed_negative
luna,alternative,nfp,low,personal_reopened,8,66,12.121212121212121,existing_AI_code_or_optional_tag,optional_tag_absence_not_confirmed_negative
luna,alternative,nfp,low,unverifiable_as_false,0,66,0.0,existing_AI_code_or_optional_tag,optional_tag_absence_not_confirmed_negative
luna,alternative,nfp,low,challenge,48,66,72.72727272727273,existing_AI_code_or_optional_tag,existing_behavior_code
luna,alternative,nfp,low,qualification,18,66,27.272727272727273,existing_AI_code_or_optional_tag,existing_behavior_code
luna,alternative,nfp,high,target_omitted,,83,,existing_AI_code_or_optional_tag,existing_behavior_code
luna,alternative,nfp,high,error_endorsed,,83,,existing_AI_code_or_optional_tag,existing_behavior_code
luna,alternative,nfp,high,related_only,,83,,existing_AI_code_or_optional_tag,existing_behavior_code
luna,alternative,nfp,high,coded_correction,,83,,existing_AI_code_or_optional_tag,existing_behavior_code
luna,alternative,nfp,high,request_without_target_correction,,83,,existing_AI_code_or_optional_tag,existing_behavior_code
luna,alternative,nfp,high,scope_signal,10,83,12.048192771084338,existing_AI_code_or_optional_tag,optional_tag_absence_not_confirmed_negative
luna,alternative,nfp,high,personal_reopened,11,83,13.25301204819277,existing_AI_code_or_optional_tag,optional_tag_absence_not_confirmed_negative
luna,alternative,nfp,high,unverifiable_as_false,0,83,0.0,existing_AI_code_or_optional_tag,optional_tag_absence_not_confirmed_negative
luna,alternative,nfp,high,challenge,17,83,20.481927710843372,existing_AI_code_or_optional_tag,existing_behavior_code
luna,alternative,nfp,high,qualification,62,83,74.6987951807229,existing_AI_code_or_optional_tag,existing_behavior_code
qwen38_off,plain,fpq,low,target_omitted,102,293,34.81228668941979,existing_AI_code_or_optional_tag,existing_behavior_code
qwen38_off,plain,fpq,low,error_endorsed,65,293,22.18430034129693,existing_AI_code_or_optional_tag,existing_behavior_code
qwen38_off,plain,fpq,low,related_only,82,293,27.986348122866893,existing_AI_code_or_optional_tag,existing_behavior_code
qwen38_off,plain,fpq,low,coded_correction,44,293,15.017064846416382,existing_AI_code_or_optional_tag,existing_behavior_code
qwen38_off,plain,fpq,low,request_without_target_correction,233,293,79.5221843003413,existing_AI_code_or_optional_tag,existing_behavior_code
qwen38_off,plain,fpq,low,scope_signal,42,293,14.334470989761092,existing_AI_code_or_optional_tag,optional_tag_absence_not_confirmed_negative
qwen38_off,plain,fpq,low,personal_reopened,5,293,1.7064846416382253,existing_AI_code_or_optional_tag,optional_tag_absence_not_confirmed_negative
qwen38_off,plain,fpq,low,unverifiable_as_false,1,293,0.3412969283276451,existing_AI_code_or_optional_tag,optional_tag_absence_not_confirmed_negative
qwen38_off,plain,fpq,low,challenge,46,293,15.699658703071673,existing_AI_code_or_optional_tag,existing_behavior_code
qwen38_off,plain,fpq,low,qualification,90,293,30.716723549488055,existing_AI_code_or_optional_tag,existing_behavior_code
qwen38_off,plain,fpq,high,target_omitted,0,290,0.0,existing_AI_code_or_optional_tag,existing_behavior_code
qwen38_off,plain,fpq,high,error_endorsed,0,290,0.0,existing_AI_code_or_optional_tag,existing_behavior_code
qwen38_off,plain,fpq,high,related_only,2,290,0.6896551724137931,existing_AI_code_or_optional_tag,existing_behavior_code
qwen38_off,plain,fpq,high,coded_correction,288,290,99.3103448275862,existing_AI_code_or_optional_tag,existing_behavior_code
qwen38_off,plain,fpq,high,request_without_target_correction,1,290,0.3448275862068966,existing_AI_code_or_optional_tag,existing_behavior_code
qwen38_off,plain,fpq,high,scope_signal,23,290,7.931034482758621,existing_AI_code_or_optional_tag,optional_tag_absence_not_confirmed_negative
qwen38_off,plain,fpq,high,personal_reopened,26,290,8.96551724137931,existing_AI_code_or_optional_tag,optional_tag_absence_not_confirmed_negative
qwen38_off,plain,fpq,high,unverifiable_as_false,0,290,0.0,existing_AI_code_or_optional_tag,optional_tag_absence_not_confirmed_negative
qwen38_off,plain,fpq,high,challenge,278,290,95.86206896551724,existing_AI_code_or_optional_tag,existing_behavior_code
qwen38_off,plain,fpq,high,qualification,12,290,4.137931034482759,existing_AI_code_or_optional_tag,existing_behavior_code
qwen38_off,plain,nfp,low,target_omitted,,30,,existing_AI_code_or_optional_tag,existing_behavior_code
qwen38_off,plain,nfp,low,error_endorsed,,30,,existing_AI_code_or_optional_tag,existing_behavior_code
qwen38_off,plain,nfp,low,related_only,,30,,existing_AI_code_or_optional_tag,existing_behavior_code
qwen38_off,plain,nfp,low,coded_correction,,30,,existing_AI_code_or_optional_tag,existing_behavior_code
qwen38_off,plain,nfp,low,request_without_target_correction,,30,,existing_AI_code_or_optional_tag,existing_behavior_code
qwen38_off,plain,nfp,low,scope_signal,3,30,10.0,existing_AI_code_or_optional_tag,optional_tag_absence_not_confirmed_negative
qwen38_off,plain,nfp,low,personal_reopened,9,30,30.0,existing_AI_code_or_optional_tag,optional_tag_absence_not_confirmed_negative
qwen38_off,plain,nfp,low,unverifiable_as_false,0,30,0.0,existing_AI_code_or_optional_tag,optional_tag_absence_not_confirmed_negative
qwen38_off,plain,nfp,low,challenge,26,30,86.66666666666667,existing_AI_code_or_optional_tag,existing_behavior_code
qwen38_off,plain,nfp,low,qualification,3,30,10.0,existing_AI_code_or_optional_tag,existing_behavior_code
qwen38_off,plain,nfp,high,target_omitted,,119,,existing_AI_code_or_optional_tag,existing_behavior_code
qwen38_off,plain,nfp,high,error_endorsed,,119,,existing_AI_code_or_optional_tag,existing_behavior_code
qwen38_off,plain,nfp,high,related_only,,119,,existing_AI_code_or_optional_tag,existing_behavior_code
qwen38_off,plain,nfp,high,coded_correction,,119,,existing_AI_code_or_optional_tag,existing_behavior_code
qwen38_off,plain,nfp,high,request_without_target_correction,,119,,existing_AI_code_or_optional_tag,existing_behavior_code
qwen38_off,plain,nfp,high,scope_signal,10,119,8.403361344537815,existing_AI_code_or_optional_tag,optional_tag_absence_not_confirmed_negative
qwen38_off,plain,nfp,high,personal_reopened,8,119,6.722689075630252,existing_AI_code_or_optional_tag,optional_tag_absence_not_confirmed_negative
qwen38_off,plain,nfp,high,unverifiable_as_false,0,119,0.0,existing_AI_code_or_optional_tag,optional_tag_absence_not_confirmed_negative
qwen38_off,plain,nfp,high,challenge,12,119,10.084033613445378,existing_AI_code_or_optional_tag,existing_behavior_code
qwen38_off,plain,nfp,high,qualification,54,119,45.378151260504204,existing_AI_code_or_optional_tag,existing_behavior_code
qwen38_off,alternative,fpq,low,target_omitted,97,264,36.74242424242424,existing_AI_code_or_optional_tag,existing_behavior_code
qwen38_off,alternative,fpq,low,error_endorsed,55,264,20.833333333333332,existing_AI_code_or_optional_tag,existing_behavior_code
qwen38_off,alternative,fpq,low,related_only,68,264,25.757575757575758,existing_AI_code_or_optional_tag,existing_behavior_code
qwen38_off,alternative,fpq,low,coded_correction,43,264,16.28787878787879,existing_AI_code_or_optional_tag,existing_behavior_code
qwen38_off,alternative,fpq,low,request_without_target_correction,208,264,78.78787878787878,existing_AI_code_or_optional_tag,existing_behavior_code
qwen38_off,alternative,fpq,low,scope_signal,45,264,17.045454545454547,existing_AI_code_or_optional_tag,optional_tag_absence_not_confirmed_negative
qwen38_off,alternative,fpq,low,personal_reopened,8,264,3.0303030303030303,existing_AI_code_or_optional_tag,optional_tag_absence_not_confirmed_negative
qwen38_off,alternative,fpq,low,unverifiable_as_false,0,264,0.0,existing_AI_code_or_optional_tag,optional_tag_absence_not_confirmed_negative
qwen38_off,alternative,fpq,low,challenge,55,264,20.833333333333332,existing_AI_code_or_optional_tag,existing_behavior_code
qwen38_off,alternative,fpq,low,qualification,86,264,32.57575757575758,existing_AI_code_or_optional_tag,existing_behavior_code
qwen38_off,alternative,fpq,high,target_omitted,0,319,0.0,existing_AI_code_or_optional_tag,existing_behavior_code
qwen38_off,alternative,fpq,high,error_endorsed,0,319,0.0,existing_AI_code_or_optional_tag,existing_behavior_code
qwen38_off,alternative,fpq,high,related_only,0,319,0.0,existing_AI_code_or_optional_tag,existing_behavior_code
qwen38_off,alternative,fpq,high,coded_correction,319,319,100.0,existing_AI_code_or_optional_tag,existing_behavior_code
qwen38_off,alternative,fpq,high,request_without_target_correction,0,319,0.0,existing_AI_code_or_optional_tag,existing_behavior_code
qwen38_off,alternative,fpq,high,scope_signal,12,319,3.761755485893417,existing_AI_code_or_optional_tag,optional_tag_absence_not_confirmed_negative
qwen38_off,alternative,fpq,high,personal_reopened,45,319,14.106583072100314,existing_AI_code_or_optional_tag,optional_tag_absence_not_confirmed_negative
qwen38_off,alternative,fpq,high,unverifiable_as_false,0,319,0.0,existing_AI_code_or_optional_tag,optional_tag_absence_not_confirmed_negative
qwen38_off,alternative,fpq,high,challenge,298,319,93.41692789968653,existing_AI_code_or_optional_tag,existing_behavior_code
qwen38_off,alternative,fpq,high,qualification,21,319,6.58307210031348,existing_AI_code_or_optional_tag,existing_behavior_code
qwen38_off,alternative,nfp,low,target_omitted,,43,,existing_AI_code_or_optional_tag,existing_behavior_code
qwen38_off,alternative,nfp,low,error_endorsed,,43,,existing_AI_code_or_optional_tag,existing_behavior_code
qwen38_off,alternative,nfp,low,related_only,,43,,existing_AI_code_or_optional_tag,existing_behavior_code
qwen38_off,alternative,nfp,low,coded_correction,,43,,existing_AI_code_or_optional_tag,existing_behavior_code
qwen38_off,alternative,nfp,low,request_without_target_correction,,43,,existing_AI_code_or_optional_tag,existing_behavior_code
qwen38_off,alternative,nfp,low,scope_signal,7,43,16.27906976744186,existing_AI_code_or_optional_tag,optional_tag_absence_not_confirmed_negative
qwen38_off,alternative,nfp,low,personal_reopened,9,43,20.930232558139537,existing_AI_code_or_optional_tag,optional_tag_absence_not_confirmed_negative
qwen38_off,alternative,nfp,low,unverifiable_as_false,0,43,0.0,existing_AI_code_or_optional_tag,optional_tag_absence_not_confirmed_negative
qwen38_off,alternative,nfp,low,challenge,36,43,83.72093023255815,existing_AI_code_or_optional_tag,existing_behavior_code
qwen38_off,alternative,nfp,low,qualification,6,43,13.953488372093023,existing_AI_code_or_optional_tag,existing_behavior_code
qwen38_off,alternative,nfp,high,target_omitted,,106,,existing_AI_code_or_optional_tag,existing_behavior_code
qwen38_off,alternative,nfp,high,error_endorsed,,106,,existing_AI_code_or_optional_tag,existing_behavior_code
qwen38_off,alternative,nfp,high,related_only,,106,,existing_AI_code_or_optional_tag,existing_behavior_code
qwen38_off,alternative,nfp,high,coded_correction,,106,,existing_AI_code_or_optional_tag,existing_behavior_code
qwen38_off,alternative,nfp,high,request_without_target_correction,,106,,existing_AI_code_or_optional_tag,existing_behavior_code
qwen38_off,alternative,nfp,high,scope_signal,6,106,5.660377358490566,existing_AI_code_or_optional_tag,optional_tag_absence_not_confirmed_negative
qwen38_off,alternative,nfp,high,personal_reopened,13,106,12.264150943396226,existing_AI_code_or_optional_tag,optional_tag_absence_not_confirmed_negative
qwen38_off,alternative,nfp,high,unverifiable_as_false,0,106,0.0,existing_AI_code_or_optional_tag,optional_tag_absence_not_confirmed_negative
qwen38_off,alternative,nfp,high,challenge,13,106,12.264150943396226,existing_AI_code_or_optional_tag,existing_behavior_code
qwen38_off,alternative,nfp,high,qualification,56,106,52.83018867924528,existing_AI_code_or_optional_tag,existing_behavior_code
qwen38_on,plain,fpq,low,target_omitted,101,346,29.190751445086704,existing_AI_code_or_optional_tag,existing_behavior_code
qwen38_on,plain,fpq,low,error_endorsed,76,346,21.965317919075144,existing_AI_code_or_optional_tag,existing_behavior_code
qwen38_on,plain,fpq,low,related_only,105,346,30.346820809248555,existing_AI_code_or_optional_tag,existing_behavior_code
qwen38_on,plain,fpq,low,coded_correction,64,346,18.497109826589597,existing_AI_code_or_optional_tag,existing_behavior_code
qwen38_on,plain,fpq,low,request_without_target_correction,279,346,80.63583815028902,existing_AI_code_or_optional_tag,existing_behavior_code
qwen38_on,plain,fpq,low,scope_signal,45,346,13.00578034682081,existing_AI_code_or_optional_tag,optional_tag_absence_not_confirmed_negative
qwen38_on,plain,fpq,low,personal_reopened,39,346,11.271676300578035,existing_AI_code_or_optional_tag,optional_tag_absence_not_confirmed_negative
qwen38_on,plain,fpq,low,unverifiable_as_false,1,346,0.28901734104046245,existing_AI_code_or_optional_tag,optional_tag_absence_not_confirmed_negative
qwen38_on,plain,fpq,low,challenge,34,346,9.826589595375722,existing_AI_code_or_optional_tag,existing_behavior_code
qwen38_on,plain,fpq,low,qualification,156,346,45.08670520231214,existing_AI_code_or_optional_tag,existing_behavior_code
qwen38_on,plain,fpq,high,target_omitted,0,237,0.0,existing_AI_code_or_optional_tag,existing_behavior_code
qwen38_on,plain,fpq,high,error_endorsed,0,237,0.0,existing_AI_code_or_optional_tag,existing_behavior_code
qwen38_on,plain,fpq,high,related_only,3,237,1.2658227848101267,existing_AI_code_or_optional_tag,existing_behavior_code
qwen38_on,plain,fpq,high,coded_correction,234,237,98.73417721518987,existing_AI_code_or_optional_tag,existing_behavior_code
qwen38_on,plain,fpq,high,request_without_target_correction,3,237,1.2658227848101267,existing_AI_code_or_optional_tag,existing_behavior_code
qwen38_on,plain,fpq,high,scope_signal,7,237,2.9535864978902953,existing_AI_code_or_optional_tag,optional_tag_absence_not_confirmed_negative
qwen38_on,plain,fpq,high,personal_reopened,40,237,16.877637130801688,existing_AI_code_or_optional_tag,optional_tag_absence_not_confirmed_negative
qwen38_on,plain,fpq,high,unverifiable_as_false,0,237,0.0,existing_AI_code_or_optional_tag,optional_tag_absence_not_confirmed_negative
qwen38_on,plain,fpq,high,challenge,202,237,85.23206751054852,existing_AI_code_or_optional_tag,existing_behavior_code
qwen38_on,plain,fpq,high,qualification,35,237,14.767932489451477,existing_AI_code_or_optional_tag,existing_behavior_code
qwen38_on,plain,nfp,low,target_omitted,,17,,existing_AI_code_or_optional_tag,existing_behavior_code
qwen38_on,plain,nfp,low,error_endorsed,,17,,existing_AI_code_or_optional_tag,existing_behavior_code
qwen38_on,plain,nfp,low,related_only,,17,,existing_AI_code_or_optional_tag,existing_behavior_code
qwen38_on,plain,nfp,low,coded_correction,,17,,existing_AI_code_or_optional_tag,existing_behavior_code
qwen38_on,plain,nfp,low,request_without_target_correction,,17,,existing_AI_code_or_optional_tag,existing_behavior_code
qwen38_on,plain,nfp,low,scope_signal,1,17,5.882352941176471,existing_AI_code_or_optional_tag,optional_tag_absence_not_confirmed_negative
qwen38_on,plain,nfp,low,personal_reopened,5,17,29.41176470588235,existing_AI_code_or_optional_tag,optional_tag_absence_not_confirmed_negative
qwen38_on,plain,nfp,low,unverifiable_as_false,0,17,0.0,existing_AI_code_or_optional_tag,optional_tag_absence_not_confirmed_negative
qwen38_on,plain,nfp,low,challenge,16,17,94.11764705882354,existing_AI_code_or_optional_tag,existing_behavior_code
qwen38_on,plain,nfp,low,qualification,1,17,5.882352941176471,existing_AI_code_or_optional_tag,existing_behavior_code
qwen38_on,plain,nfp,high,target_omitted,,132,,existing_AI_code_or_optional_tag,existing_behavior_code
qwen38_on,plain,nfp,high,error_endorsed,,132,,existing_AI_code_or_optional_tag,existing_behavior_code
qwen38_on,plain,nfp,high,related_only,,132,,existing_AI_code_or_optional_tag,existing_behavior_code
qwen38_on,plain,nfp,high,coded_correction,,132,,existing_AI_code_or_optional_tag,existing_behavior_code
qwen38_on,plain,nfp,high,request_without_target_correction,,132,,existing_AI_code_or_optional_tag,existing_behavior_code
qwen38_on,plain,nfp,high,scope_signal,16,132,12.121212121212121,existing_AI_code_or_optional_tag,optional_tag_absence_not_confirmed_negative
qwen38_on,plain,nfp,high,personal_reopened,13,132,9.848484848484848,existing_AI_code_or_optional_tag,optional_tag_absence_not_confirmed_negative
qwen38_on,plain,nfp,high,unverifiable_as_false,0,132,0.0,existing_AI_code_or_optional_tag,optional_tag_absence_not_confirmed_negative
qwen38_on,plain,nfp,high,challenge,8,132,6.0606060606060606,existing_AI_code_or_optional_tag,existing_behavior_code
qwen38_on,plain,nfp,high,qualification,77,132,58.333333333333336,existing_AI_code_or_optional_tag,existing_behavior_code
qwen38_on,alternative,fpq,low,target_omitted,95,332,28.6144578313253,existing_AI_code_or_optional_tag,existing_behavior_code
qwen38_on,alternative,fpq,low,error_endorsed,84,332,25.301204819277107,existing_AI_code_or_optional_tag,existing_behavior_code
qwen38_on,alternative,fpq,low,related_only,82,332,24.698795180722893,existing_AI_code_or_optional_tag,existing_behavior_code
qwen38_on,alternative,fpq,low,coded_correction,70,332,21.08433734939759,existing_AI_code_or_optional_tag,existing_behavior_code
qwen38_on,alternative,fpq,low,request_without_target_correction,260,332,78.3132530120482,existing_AI_code_or_optional_tag,existing_behavior_code
qwen38_on,alternative,fpq,low,scope_signal,42,332,12.650602409638553,existing_AI_code_or_optional_tag,optional_tag_absence_not_confirmed_negative
qwen38_on,alternative,fpq,low,personal_reopened,23,332,6.927710843373494,existing_AI_code_or_optional_tag,optional_tag_absence_not_confirmed_negative
qwen38_on,alternative,fpq,low,unverifiable_as_false,0,332,0.0,existing_AI_code_or_optional_tag,optional_tag_absence_not_confirmed_negative
qwen38_on,alternative,fpq,low,challenge,29,332,8.734939759036145,existing_AI_code_or_optional_tag,existing_behavior_code
qwen38_on,alternative,fpq,low,qualification,142,332,42.7710843373494,existing_AI_code_or_optional_tag,existing_behavior_code
qwen38_on,alternative,fpq,high,target_omitted,0,251,0.0,existing_AI_code_or_optional_tag,existing_behavior_code
qwen38_on,alternative,fpq,high,error_endorsed,0,251,0.0,existing_AI_code_or_optional_tag,existing_behavior_code
qwen38_on,alternative,fpq,high,related_only,1,251,0.398406374501992,existing_AI_code_or_optional_tag,existing_behavior_code
qwen38_on,alternative,fpq,high,coded_correction,250,251,99.60159362549801,existing_AI_code_or_optional_tag,existing_behavior_code
qwen38_on,alternative,fpq,high,request_without_target_correction,1,251,0.398406374501992,existing_AI_code_or_optional_tag,existing_behavior_code
qwen38_on,alternative,fpq,high,scope_signal,6,251,2.3904382470119523,existing_AI_code_or_optional_tag,optional_tag_absence_not_confirmed_negative
qwen38_on,alternative,fpq,high,personal_reopened,47,251,18.725099601593627,existing_AI_code_or_optional_tag,optional_tag_absence_not_confirmed_negative
qwen38_on,alternative,fpq,high,unverifiable_as_false,0,251,0.0,existing_AI_code_or_optional_tag,optional_tag_absence_not_confirmed_negative
qwen38_on,alternative,fpq,high,challenge,214,251,85.2589641434263,existing_AI_code_or_optional_tag,existing_behavior_code
qwen38_on,alternative,fpq,high,qualification,37,251,14.741035856573705,existing_AI_code_or_optional_tag,existing_behavior_code
qwen38_on,alternative,nfp,low,target_omitted,,18,,existing_AI_code_or_optional_tag,existing_behavior_code
qwen38_on,alternative,nfp,low,error_endorsed,,18,,existing_AI_code_or_optional_tag,existing_behavior_code
qwen38_on,alternative,nfp,low,related_only,,18,,existing_AI_code_or_optional_tag,existing_behavior_code
qwen38_on,alternative,nfp,low,coded_correction,,18,,existing_AI_code_or_optional_tag,existing_behavior_code
qwen38_on,alternative,nfp,low,request_without_target_correction,,18,,existing_AI_code_or_optional_tag,existing_behavior_code
qwen38_on,alternative,nfp,low,scope_signal,3,18,16.666666666666668,existing_AI_code_or_optional_tag,optional_tag_absence_not_confirmed_negative
qwen38_on,alternative,nfp,low,personal_reopened,5,18,27.77777777777778,existing_AI_code_or_optional_tag,optional_tag_absence_not_confirmed_negative
qwen38_on,alternative,nfp,low,unverifiable_as_false,0,18,0.0,existing_AI_code_or_optional_tag,optional_tag_absence_not_confirmed_negative
qwen38_on,alternative,nfp,low,challenge,17,18,94.44444444444444,existing_AI_code_or_optional_tag,existing_behavior_code
qwen38_on,alternative,nfp,low,qualification,1,18,5.555555555555555,existing_AI_code_or_optional_tag,existing_behavior_code
qwen38_on,alternative,nfp,high,target_omitted,,131,,existing_AI_code_or_optional_tag,existing_behavior_code
qwen38_on,alternative,nfp,high,error_endorsed,,131,,existing_AI_code_or_optional_tag,existing_behavior_code
qwen38_on,alternative,nfp,high,related_only,,131,,existing_AI_code_or_optional_tag,existing_behavior_code
qwen38_on,alternative,nfp,high,coded_correction,,131,,existing_AI_code_or_optional_tag,existing_behavior_code
qwen38_on,alternative,nfp,high,request_without_target_correction,,131,,existing_AI_code_or_optional_tag,existing_behavior_code
qwen38_on,alternative,nfp,high,scope_signal,9,131,6.870229007633588,existing_AI_code_or_optional_tag,optional_tag_absence_not_confirmed_negative
qwen38_on,alternative,nfp,high,personal_reopened,14,131,10.687022900763358,existing_AI_code_or_optional_tag,optional_tag_absence_not_confirmed_negative
qwen38_on,alternative,nfp,high,unverifiable_as_false,0,131,0.0,existing_AI_code_or_optional_tag,optional_tag_absence_not_confirmed_negative
qwen38_on,alternative,nfp,high,challenge,14,131,10.687022900763358,existing_AI_code_or_optional_tag,existing_behavior_code
qwen38_on,alternative,nfp,high,qualification,67,131,51.14503816793893,existing_AI_code_or_optional_tag,existing_behavior_code
