id,label,group_id,design_example,control,content,criterion,both
fpq_0,fpq,g_c1ffacffb4788c0f,False,0,0,0,0
fpq_10,fpq,g_9d7d75a393bdae8d,False,0,0,0,0
fpq_100,fpq,g_c0997e51d65d0496,False,0,0,0,0
fpq_101,fpq,g_a123af131f86bff4,False,0,0,0,0
fpq_102,fpq,g_b90ce2335181429d,False,0,1,0,0
fpq_103,fpq,g_2a5a6ba709d1e6ba,False,0,0,0,0
fpq_105,fpq,g_ec056b6d089273ff,False,0,0,0,0
fpq_106,fpq,g_3cf0e37d5cc8e4c7,False,0,0,0,0
fpq_107,fpq,g_5259300d91a12b52,False,0,0,0,0
fpq_108,fpq,g_7680854e5870d6a8,False,0,0,0,0
fpq_109,fpq,g_301c7d61ec58c026,False,0,0,0,0
fpq_11,fpq,g_9d7d75a393bdae8d,False,0,0,0,0
fpq_110,fpq,g_aa56a97d51214254,False,0,0,0,0
fpq_111,fpq,g_1c2c52fa313ede3f,False,0,0,0,0
fpq_112,fpq,g_879787cb22d42c3c,False,0,0,0,0
fpq_113,fpq,g_19560cae4bb38fd5,False,0,0,0,0
fpq_114,fpq,g_19560cae4bb38fd5,False,0,0,0,0
fpq_115,fpq,g_4ef5f78c47d2ac9a,False,0,0,0,0
fpq_116,fpq,g_1df5c809ca4cda6e,False,0,0,0,0
fpq_12,fpq,g_9d7d75a393bdae8d,False,0,0,0,0
fpq_120,fpq,g_3fb9a79c10c3fa86,False,0,0,0,0
fpq_121,fpq,g_a004f0219676686b,False,0,0,0,0
fpq_122,fpq,g_8959d577de788314,False,0,0,0,0
fpq_123,fpq,g_8959d577de788314,False,0,0,0,0
fpq_124,fpq,g_e2d68552015e18cb,False,0,0,0,0
fpq_125,fpq,g_ae1f993609e0900e,False,0,0,0,0
fpq_126,fpq,g_a41667cd357f463a,False,0,0,0,0
fpq_127,fpq,g_42420d5cc72330bd,False,1,1,1,1
fpq_129,fpq,g_60f23bee598c8a90,False,0,0,0,0
fpq_13,fpq,g_33ec048c88198b1f,False,0,0,0,0
fpq_130,fpq,g_60f23bee598c8a90,False,0,0,0,0
fpq_131,fpq,g_bb3764790e6c2dc6,False,0,0,0,0
fpq_133,fpq,g_bb3764790e6c2dc6,False,0,0,0,0
fpq_134,fpq,g_bb3764790e6c2dc6,False,0,0,0,0
fpq_135,fpq,g_bb3764790e6c2dc6,False,0,0,0,0
fpq_136,fpq,g_26c337973a2f5ce8,False,0,0,0,0
fpq_137,fpq,g_b12e6db2bc0d7d79,False,0,0,0,0
fpq_138,fpq,g_44f5cd810df0d346,False,0,0,0,0
fpq_139,fpq,g_a4f8a8e72b9e76b4,False,0,0,0,0
fpq_14,fpq,g_33ec048c88198b1f,False,0,0,0,0
fpq_140,fpq,g_97e33d338b97afcd,False,0,0,0,0
fpq_141,fpq,g_c76ca195098fc516,False,0,0,0,0
fpq_142,fpq,g_4b774c3ac99a8ba1,False,0,0,0,0
fpq_143,fpq,g_6e51e9ca91a6b310,False,0,0,0,0
fpq_144,fpq,g_6e51e9ca91a6b310,False,0,0,0,0
fpq_145,fpq,g_cbd8e06081de3089,False,0,0,0,0
fpq_146,fpq,g_cbd8e06081de3089,False,0,0,0,1
fpq_147,fpq,g_cbd8e06081de3089,False,1,1,1,1
fpq_148,fpq,g_cbd8e06081de3089,False,0,0,0,0
fpq_149,fpq,g_f2bcd9d2bd1368c5,False,1,1,1,1
fpq_15,fpq,g_bf7120dde2b7a065,False,0,0,0,0
fpq_152,fpq,g_b825b5f2564f6566,False,0,0,0,0
fpq_153,fpq,g_b825b5f2564f6566,False,0,0,0,0
fpq_155,fpq,g_e2560f21ed8b4e5b,False,0,0,0,0
fpq_156,fpq,g_114ce7da3672d3c4,False,1,1,1,1
fpq_157,fpq,g_cbd8e06081de3089,False,1,1,1,1
fpq_158,fpq,g_cbd8e06081de3089,False,0,0,0,0
fpq_159,fpq,g_e7e954d0b1a2d7b7,False,0,0,0,0
fpq_16,fpq,g_e49099b5a9af7fe5,False,0,0,0,0
fpq_160,fpq,g_6a2cab99d0c153e5,False,0,0,0,0
fpq_163,fpq,g_7a7d282b958f2563,False,0,0,0,0
fpq_164,fpq,g_63b9cf63c154dc5d,False,0,0,0,0
fpq_165,fpq,g_543e733353e62deb,False,0,0,0,0
fpq_166,fpq,g_bf573c2922a5f433,False,0,0,0,0
fpq_167,fpq,g_bf573c2922a5f433,False,0,0,0,0
fpq_168,fpq,g_2de0355108a13af1,False,0,0,0,0
fpq_169,fpq,g_387557522a3aaca9,False,1,0,,1
fpq_17,fpq,g_e49099b5a9af7fe5,False,1,1,1,1
fpq_170,fpq,g_387557522a3aaca9,False,0,0,0,0
fpq_173,fpq,g_5e7c0751a50b4597,False,0,0,0,0
fpq_174,fpq,g_262103bde855ebbb,False,0,0,0,1
fpq_175,fpq,g_614ac7f0c4db59da,False,0,0,0,0
fpq_176,fpq,g_cffe4000b1433224,False,0,0,0,0
fpq_177,fpq,g_cffe4000b1433224,False,0,0,0,0
fpq_178,fpq,g_cffe4000b1433224,False,0,0,0,0
fpq_179,fpq,g_cffe4000b1433224,False,0,0,0,0
fpq_18,fpq,g_db45277df8b457d2,False,0,0,0,0
fpq_180,fpq,g_27cdcf98645f7331,False,0,0,0,0
fpq_181,fpq,g_d8d1c195dfeca667,False,0,0,0,0
fpq_182,fpq,g_d8d1c195dfeca667,False,0,0,0,0
fpq_184,fpq,g_d8d1c195dfeca667,False,0,0,0,0
fpq_185,fpq,g_09389edfbb93b248,False,0,0,0,0
fpq_186,fpq,g_09389edfbb93b248,False,0,0,0,0
fpq_188,fpq,g_b6504c084e04c1f2,False,0,0,0,0
fpq_189,fpq,g_d8f0374a6b381463,False,0,0,0,1
fpq_19,fpq,g_8124cae742b6aad4,False,0,1,1,0
fpq_190,fpq,g_d8f0374a6b381463,False,0,0,1,0
fpq_191,fpq,g_65a55fbfe45cf18c,False,0,0,0,0
fpq_192,fpq,g_65a55fbfe45cf18c,False,0,0,0,0
fpq_193,fpq,g_39287edc0e777ece,False,0,0,0,0
fpq_194,fpq,g_f1487773f21856e6,False,0,0,0,0
fpq_195,fpq,g_f1487773f21856e6,False,0,0,0,0
fpq_196,fpq,g_d7e07c720ab6c76f,False,0,0,0,0
fpq_197,fpq,g_485ec2fd456f4df7,False,0,0,0,0
fpq_198,fpq,g_f345a4475fa51f95,False,0,0,0,0
fpq_2,fpq,g_b307d148060aeba9,True,0,0,0,0
fpq_20,fpq,g_8124cae742b6aad4,False,0,0,1,1
fpq_200,fpq,g_81e00db328a19a38,False,0,0,0,0
fpq_201,fpq,g_81e00db328a19a38,False,0,0,0,0
fpq_202,fpq,g_9e56296cfa23f1e7,False,0,0,1,0
fpq_204,fpq,g_9dd8d2fc49205f38,False,0,0,0,0
fpq_205,fpq,g_15c6fe97d8e2f6e0,False,0,0,0,0
fpq_206,fpq,g_15c6fe97d8e2f6e0,False,1,1,1,1
fpq_207,fpq,g_15c6fe97d8e2f6e0,False,0,0,1,1
fpq_208,fpq,g_6595cb9cf7dd268d,False,0,0,0,0
fpq_21,fpq,g_8124cae742b6aad4,False,0,0,0,0
fpq_216,fpq,g_ba345732bf0da6e5,False,0,0,0,0
fpq_217,fpq,g_f6c91e0f72eb5194,False,0,0,0,0
fpq_218,fpq,g_f6c91e0f72eb5194,False,0,0,0,0
fpq_219,fpq,g_f6c91e0f72eb5194,False,0,0,0,0
fpq_22,fpq,g_158a89f5efc1c650,False,0,0,0,0
fpq_220,fpq,g_e88d95fcd902f167,False,0,0,0,0
fpq_221,fpq,g_355ddd3fdc98bf5b,False,0,0,0,0
fpq_222,fpq,g_884e56b99d8764d7,False,0,0,0,0
fpq_223,fpq,g_ea3b58fed498a2f5,False,0,0,0,0
fpq_224,fpq,g_5d198dc87f6265c9,False,0,0,0,0
fpq_225,fpq,g_702204dfce746542,False,0,0,0,0
fpq_227,fpq,g_0243a11f53c40470,False,0,0,0,0
fpq_228,fpq,g_0243a11f53c40470,False,1,1,1,1
fpq_229,fpq,g_bb84c04480c36968,False,0,0,0,0
fpq_23,fpq,g_e9ef70af37257443,False,0,0,0,0
fpq_230,fpq,g_a1de105f42d2030f,False,0,0,0,0
fpq_231,fpq,g_a1de105f42d2030f,False,0,0,0,0
fpq_232,fpq,g_a1de105f42d2030f,False,0,0,0,0
fpq_233,fpq,g_a1de105f42d2030f,False,0,0,0,0
fpq_234,fpq,g_a1de105f42d2030f,False,0,0,0,0
fpq_236,fpq,g_c18b37c73a9e6d5f,False,0,0,0,0
fpq_237,fpq,g_c18b37c73a9e6d5f,False,0,0,0,0
fpq_238,fpq,g_c18b37c73a9e6d5f,False,0,1,1,1
fpq_239,fpq,g_ed0f1d38c4159510,False,0,0,0,0
fpq_24,fpq,g_846fcef047e655d9,False,1,1,1,1
fpq_240,fpq,g_ed0f1d38c4159510,False,0,0,0,0
fpq_241,fpq,g_3dd398a61fb84167,False,0,0,0,0
fpq_244,fpq,g_d180357230a9e381,False,0,0,0,0
fpq_245,fpq,g_851c78024fbdf837,False,0,0,0,0
fpq_246,fpq,g_b60861031335942c,False,0,0,0,0
fpq_247,fpq,g_5bbb16d8d84399dc,False,0,0,0,1
fpq_248,fpq,g_8c556995ab534f4a,False,0,0,1,0
fpq_249,fpq,g_8c556995ab534f4a,False,0,0,0,0
fpq_25,fpq,g_2fa6e5ef34e0df75,False,0,0,0,0
fpq_250,fpq,g_3a639c3577edbd5d,False,0,0,0,0
fpq_251,fpq,g_3a639c3577edbd5d,False,0,0,0,0
fpq_252,fpq,g_968ca6cdf6cf36dc,False,0,0,0,0
fpq_253,fpq,g_968ca6cdf6cf36dc,False,0,0,1,0
fpq_254,fpq,g_968ca6cdf6cf36dc,False,0,0,0,0
fpq_255,fpq,g_c0997e51d65d0496,False,0,0,0,0
fpq_256,fpq,g_c0997e51d65d0496,False,0,0,0,0
fpq_257,fpq,g_bf7120dde2b7a065,False,0,0,0,0
fpq_258,fpq,g_bf7120dde2b7a065,False,0,0,0,0
fpq_259,fpq,g_f1911448fada53f3,False,0,0,0,0
fpq_26,fpq,g_2fa6e5ef34e0df75,False,0,0,0,0
fpq_260,fpq,g_f1911448fada53f3,False,0,0,0,0
fpq_261,fpq,g_a123af131f86bff4,False,0,0,0,0
fpq_262,fpq,g_5c82a064d84d0134,False,0,0,0,0
fpq_263,fpq,g_056696697b597850,False,1,1,1,1
fpq_264,fpq,g_056696697b597850,False,0,0,0,1
fpq_265,fpq,g_e784d5f2127d8f1d,False,0,0,0,0
fpq_266,fpq,g_e784d5f2127d8f1d,False,1,1,0,1
fpq_267,fpq,g_f7c82ade31e0e73d,False,0,0,0,0
fpq_268,fpq,g_406d9d9dcd2cb2f9,False,0,0,1,1
fpq_269,fpq,g_406d9d9dcd2cb2f9,False,1,1,1,1
fpq_27,fpq,g_2fa6e5ef34e0df75,False,1,1,1,1
fpq_270,fpq,g_406d9d9dcd2cb2f9,False,0,0,0,0
fpq_271,fpq,g_406d9d9dcd2cb2f9,False,0,0,0,0
fpq_272,fpq,g_ef72aa0ca82e4d3d,False,0,0,0,0
fpq_273,fpq,g_15c6fe97d8e2f6e0,False,1,1,1,1
fpq_274,fpq,g_5774dd35ca3698fa,False,0,1,1,0
fpq_275,fpq,g_db97c68cc2b3b713,False,1,1,1,1
fpq_276,fpq,g_db97c68cc2b3b713,False,1,1,1,1
fpq_277,fpq,g_9e56296cfa23f1e7,False,1,0,1,1
fpq_278,fpq,g_e0d834f6f79bbf5c,False,0,0,0,0
fpq_279,fpq,g_e0d834f6f79bbf5c,False,0,0,0,0
fpq_28,fpq,g_c385ff6e98a203cc,False,0,0,1,0
fpq_283,fpq,g_36707ae922bbc364,False,0,0,0,0
fpq_285,fpq,g_5bbb16d8d84399dc,False,0,0,0,0
fpq_286,fpq,g_8d6092632f196a3a,False,0,0,0,1
fpq_287,fpq,g_8d6092632f196a3a,False,0,0,1,0
fpq_288,fpq,g_aa9899578ba69e6c,False,0,0,0,0
fpq_289,fpq,g_5529ea8bb29fa770,False,0,0,0,0
fpq_29,fpq,g_c385ff6e98a203cc,False,0,0,0,0
fpq_290,fpq,g_5529ea8bb29fa770,False,0,0,0,0
fpq_291,fpq,g_5529ea8bb29fa770,False,0,0,0,0
fpq_292,fpq,g_b32ab8ff142226e5,False,1,1,1,1
fpq_293,fpq,g_f52bbf2446ee723e,False,1,0,0,1
fpq_294,fpq,g_f52bbf2446ee723e,False,1,1,1,1
fpq_295,fpq,g_b927c8cae6c10337,False,0,0,0,0
fpq_296,fpq,g_f85a9e0ea828ee7c,False,0,0,0,0
fpq_297,fpq,g_504c34b31263b847,False,0,0,0,0
fpq_3,fpq,g_b307d148060aeba9,False,0,0,0,0
fpq_30,fpq,g_1e745f346e4cb3e7,True,0,0,0,0
fpq_302,fpq,g_ec9eab80a9121176,False,0,0,0,0
fpq_303,fpq,g_ec9eab80a9121176,False,0,0,0,0
fpq_304,fpq,g_ec9eab80a9121176,False,0,0,0,0
fpq_305,fpq,g_7a965a3904fbae5f,False,0,0,0,0
fpq_306,fpq,g_468608d58bc90e84,False,0,0,0,0
fpq_307,fpq,g_468608d58bc90e84,False,0,0,1,0
fpq_308,fpq,g_cbd8e06081de3089,False,0,0,0,0
fpq_309,fpq,g_f2bcd9d2bd1368c5,False,0,0,0,0
fpq_31,fpq,g_f73449782f83e067,False,1,1,1,1
fpq_311,fpq,g_766dce1707ed55b2,False,1,1,1,1
fpq_312,fpq,g_bdbdf9f140ffb344,False,0,0,0,0
fpq_313,fpq,g_bdbdf9f140ffb344,False,0,0,0,0
fpq_314,fpq,g_84efe198abe92564,False,0,0,0,0
fpq_315,fpq,g_84efe198abe92564,False,0,0,0,0
fpq_316,fpq,g_84efe198abe92564,False,0,0,0,0
fpq_317,fpq,g_84efe198abe92564,False,0,0,0,0
fpq_318,fpq,g_55ee87d27c3022bf,False,0,0,0,0
fpq_319,fpq,g_55ee87d27c3022bf,False,0,0,0,0
fpq_32,fpq,g_f73449782f83e067,False,0,0,0,0
fpq_320,fpq,g_55ee87d27c3022bf,False,0,1,1,0
fpq_321,fpq,g_e282fdd2a4f8b7c6,False,0,0,0,0
fpq_325,fpq,g_ffe598021a0591dd,False,0,0,0,0
fpq_326,fpq,g_cb299384268e8412,False,0,0,0,0
fpq_327,fpq,g_7c6e8dcf510c5f13,False,0,0,0,0
fpq_33,fpq,g_f73449782f83e067,False,0,0,0,0
fpq_336,fpq,g_8a534c8ebcc2d2de,False,0,0,0,0
fpq_34,fpq,g_a30fe563ea9cb798,False,0,0,0,0
fpq_342,fpq,g_2a323114ccaebfc6,False,1,1,1,1
fpq_343,fpq,g_38218b79b5b3af5f,False,0,1,1,1
fpq_344,fpq,g_22b393415a594064,False,0,0,0,0
fpq_348,fpq,g_4c7025811dc482c2,False,1,1,1,1
fpq_35,fpq,g_a30fe563ea9cb798,False,0,0,0,0
fpq_350,fpq,g_44163c72fa9d592b,False,0,0,1,0
fpq_353,fpq,g_72ed5e4b9cc54d50,False,0,0,0,0
fpq_354,fpq,g_72ed5e4b9cc54d50,False,0,0,0,0
fpq_357,fpq,g_1e47b984d6fb115d,False,0,0,0,0
fpq_358,fpq,g_1e47b984d6fb115d,False,0,0,0,0
fpq_359,fpq,g_d28854be1aad3c97,False,0,0,1,1
fpq_36,fpq,g_a30fe563ea9cb798,False,0,0,0,0
fpq_361,fpq,g_a9acc1858fdfd3e2,False,0,0,1,1
fpq_362,fpq,g_a9acc1858fdfd3e2,False,0,0,0,0
fpq_366,fpq,g_4b5a70640e1e6f24,False,0,0,0,0
fpq_368,fpq,g_47e3c8f03cbeb7a8,False,0,0,0,0
fpq_37,fpq,g_ec608379b16075b5,False,0,0,1,0
fpq_376,fpq,g_02b9908384cf1d51,False,0,1,0,0
fpq_378,fpq,g_ea03550ceee73397,False,0,0,0,0
fpq_379,fpq,g_ea03550ceee73397,False,0,0,0,0
fpq_38,fpq,g_da34590d4f36118b,False,0,0,0,0
fpq_380,fpq,g_645d45fa5925f541,False,0,0,0,0
fpq_383,fpq,g_cf2fba1200ea9daf,False,0,0,0,0
fpq_385,fpq,g_8bcec7c48239bfda,False,0,0,0,0
fpq_386,fpq,g_f22f3efa712c221d,False,0,0,0,1
fpq_387,fpq,g_6917327192562222,False,0,1,0,1
fpq_388,fpq,g_1fa38295a9b81ae6,False,0,0,0,0
fpq_389,fpq,g_1fa38295a9b81ae6,False,0,0,1,0
fpq_39,fpq,g_59c8eb0389532e7c,False,0,0,0,0
fpq_390,fpq,g_bab6e139ab1f2ceb,False,0,0,0,0
fpq_391,fpq,g_bab6e139ab1f2ceb,False,1,1,1,1
fpq_392,fpq,g_dc4d014737be2aa5,False,1,1,1,1
fpq_394,fpq,g_bebaa054083074e9,False,0,0,0,0
fpq_395,fpq,g_bebaa054083074e9,False,0,0,0,0
fpq_396,fpq,g_4bea3a7efaf6846e,False,0,0,0,0
fpq_397,fpq,g_1f5469f09b16ecc3,False,1,1,1,1
fpq_398,fpq,g_2e0b59ed904136fb,False,1,1,1,1
fpq_399,fpq,g_2e0b59ed904136fb,False,1,1,1,1
fpq_4,fpq,g_b9bdc5e4663e46a5,False,0,0,0,0
fpq_40,fpq,g_180a2f4fb476a8da,False,0,0,0,0
fpq_400,fpq,g_94c0fe3211436732,False,0,0,0,0
fpq_403,fpq,g_94c0fe3211436732,False,0,1,1,1
fpq_405,fpq,g_e2af5323aeb7414f,False,0,0,0,0
fpq_407,fpq,g_e2af5323aeb7414f,False,1,1,1,1
fpq_408,fpq,g_e2af5323aeb7414f,False,0,0,0,0
fpq_41,fpq,g_bc782fff330561e5,False,0,0,0,0
fpq_415,fpq,g_66e9e5470d66f952,False,0,0,0,0
fpq_416,fpq,g_66e9e5470d66f952,False,0,0,0,0
fpq_417,fpq,g_66e9e5470d66f952,False,0,0,0,0
fpq_42,fpq,g_f58144eff3c55e35,False,0,0,0,0
fpq_420,fpq,g_3eb2b681bc43fcd9,False,0,0,0,0
fpq_421,fpq,g_609a2b6d9e5999b2,False,0,0,0,0
fpq_422,fpq,g_134b06bfa149feb0,False,0,0,0,0
fpq_423,fpq,g_134b06bfa149feb0,False,1,1,1,1
fpq_425,fpq,g_107eb984d25ea5ab,False,0,0,0,0
fpq_426,fpq,g_107eb984d25ea5ab,False,0,0,0,0
fpq_428,fpq,g_6df47b6886426780,False,0,0,0,0
fpq_429,fpq,g_1ee4035c6638d7bd,False,0,1,1,1
fpq_43,fpq,g_c0997e51d65d0496,False,0,0,0,0
fpq_434,fpq,g_578c6dbbc1b2674d,False,1,1,1,1
fpq_436,fpq,g_9be96888bdc63316,False,0,0,0,0
fpq_438,fpq,g_0115bbd0b63fe0ec,False,0,0,0,0
fpq_439,fpq,g_5390354115fe27f1,False,1,1,1,1
fpq_44,fpq,g_c0997e51d65d0496,False,1,1,1,1
fpq_443,fpq,g_364e149fa9d4f87f,False,1,0,1,1
fpq_445,fpq,g_f5ee03e40ada5830,False,0,0,0,0
fpq_446,fpq,g_f5ee03e40ada5830,False,0,0,1,0
fpq_45,fpq,g_3a1d44267b620661,False,1,1,1,1
fpq_459,fpq,g_3839f964a8a11d7b,False,1,1,1,1
fpq_46,fpq,g_1953e82a310dec13,False,0,0,0,0
fpq_460,fpq,g_3839f964a8a11d7b,False,0,0,0,0
fpq_462,fpq,g_14c8ce6d8aacd7ad,False,1,1,1,1
fpq_467,fpq,g_28b02aa97926c98b,False,0,0,0,0
fpq_47,fpq,g_1953e82a310dec13,False,0,0,0,1
fpq_472,fpq,g_6091608a8d96ab67,False,0,0,0,0
fpq_473,fpq,g_4a44fd972a94c3db,False,0,0,0,0
fpq_474,fpq,g_4a44fd972a94c3db,False,0,0,0,0
fpq_477,fpq,g_ad1bc9af0bd65616,False,1,1,1,1
fpq_479,fpq,g_322ef7eb4b0b8b42,False,0,0,0,0
fpq_48,fpq,g_677a9285e0f3e5de,False,0,0,0,0
fpq_484,fpq,g_525a9b81fe59a449,False,0,1,0,0
fpq_485,fpq,g_104997b2f8dc665e,False,0,0,0,0
fpq_487,fpq,g_fac45a3979a2caba,False,0,0,0,0
fpq_488,fpq,g_fac45a3979a2caba,False,0,0,0,0
fpq_49,fpq,g_677a9285e0f3e5de,False,0,0,0,0
fpq_492,fpq,g_24c2810a7515e42d,False,0,1,1,1
fpq_493,fpq,g_157d49e936d751a8,False,0,1,1,0
fpq_494,fpq,g_157d49e936d751a8,False,1,1,1,1
fpq_495,fpq,g_957d77a00c5f509c,False,0,0,0,0
fpq_497,fpq,g_e5a761c9e362bd37,False,0,0,0,0
fpq_499,fpq,g_a5e65ea6e0e0427f,False,0,0,0,0
fpq_5,fpq,g_b9bdc5e4663e46a5,False,0,0,0,0
fpq_50,fpq,g_677a9285e0f3e5de,False,0,0,0,0
fpq_500,fpq,g_f4752a834936a70f,False,0,0,0,0
fpq_501,fpq,g_f4752a834936a70f,False,0,0,0,0
fpq_502,fpq,g_8dba62e1beed3a7d,False,0,0,0,1
fpq_505,fpq,g_d2e1c875a2cc9a5c,False,0,0,0,0
fpq_506,fpq,g_14bf65c395eccad7,False,0,0,0,0
fpq_507,fpq,g_14bf65c395eccad7,False,0,0,0,0
fpq_51,fpq,g_2a5a6ba709d1e6ba,False,0,1,1,1
fpq_512,fpq,g_3bda14289ea1657e,False,0,1,1,0
fpq_514,fpq,g_3bda14289ea1657e,False,0,1,1,1
fpq_516,fpq,g_633b783ed1ae9ce6,False,0,0,0,0
fpq_517,fpq,g_adf307c1c4e0c1d9,False,0,0,0,0
fpq_52,fpq,g_2a5a6ba709d1e6ba,False,0,0,1,0
fpq_521,fpq,g_c1d6bf1333f7e81d,False,0,0,0,0
fpq_522,fpq,g_c1d6bf1333f7e81d,False,1,1,1,1
fpq_524,fpq,g_97d6b514ff75f8c8,False,0,0,0,0
fpq_525,fpq,g_97d6b514ff75f8c8,False,0,0,0,0
fpq_53,fpq,g_2a5a6ba709d1e6ba,False,0,1,0,0
fpq_530,fpq,g_59b190d450e12f75,False,0,0,0,0
fpq_531,fpq,g_e562c0267bf624d5,False,0,0,0,0
fpq_534,fpq,g_6e51e9ca91a6b310,False,0,1,0,0
fpq_535,fpq,g_6e51e9ca91a6b310,False,0,0,0,0
fpq_54,fpq,g_120d4a53c047dd85,False,0,0,0,0
fpq_542,fpq,g_a786d0d624f2e2c9,False,0,0,0,0
fpq_543,fpq,g_a108ca476d22f926,False,0,0,0,0
fpq_546,fpq,g_5ca9e3e3726c0aed,False,0,0,0,0
fpq_547,fpq,g_5ca9e3e3726c0aed,False,0,0,0,0
fpq_549,fpq,g_53ae043726b29c83,False,0,0,0,0
fpq_55,fpq,g_1e6435ddab760f8e,False,0,0,0,0
fpq_550,fpq,g_57b08bdcf08d1183,False,0,1,1,1
fpq_552,fpq,g_f157eaf72fbfc2a9,False,0,0,1,0
fpq_556,fpq,g_9257e4d001b7fd7a,False,0,0,0,0
fpq_557,fpq,g_9257e4d001b7fd7a,False,1,0,0,0
fpq_558,fpq,g_ec08ec5bc743aabd,False,0,0,0,0
fpq_559,fpq,g_1df5c809ca4cda6e,False,1,1,1,1
fpq_56,fpq,g_8d2a718344704c15,False,0,0,0,0
fpq_560,fpq,g_a9f94b25b9241449,False,0,0,0,0
fpq_563,fpq,g_6511bae2f73d8756,False,1,1,1,1
fpq_564,fpq,g_4bea3a7efaf6846e,False,0,0,0,0
fpq_565,fpq,g_b5e0498ed763e2db,False,0,0,0,0
fpq_566,fpq,g_b5e0498ed763e2db,False,0,1,0,0
fpq_57,fpq,g_261fece1aa1a84cc,False,1,1,1,1
fpq_570,fpq,g_ea1b1292c8e74b26,False,0,0,0,0
fpq_572,fpq,g_47968107c0f5a9d8,False,0,0,0,0
fpq_574,fpq,g_465379ee781c7767,False,0,0,0,0
fpq_58,fpq,g_3cf0e37d5cc8e4c7,False,0,0,0,0
fpq_580,fpq,g_06261b9fdb31cde7,False,1,1,1,1
fpq_583,fpq,g_3282ccd5fd046b18,False,0,0,0,0
fpq_584,fpq,g_246dc5d5b6358326,False,0,0,0,0
fpq_586,fpq,g_b96789edde5ebe02,False,0,1,1,1
fpq_59,fpq,g_3cf0e37d5cc8e4c7,False,0,0,0,0
fpq_593,fpq,g_ed0fffb3c2864c4b,False,0,0,0,0
fpq_595,fpq,g_08d289269282cb6c,False,1,1,1,1
fpq_596,fpq,g_08d289269282cb6c,False,0,0,0,0
fpq_598,fpq,g_61f59cdc17106f31,False,0,0,0,0
fpq_6,fpq,g_d0558e4ba93c3774,False,0,0,0,0
fpq_60,fpq,g_3e9b3f17bf68f43b,False,0,0,0,0
fpq_600,fpq,g_f2ba2f1437dbc4b1,False,0,0,1,1
fpq_601,fpq,g_f2ba2f1437dbc4b1,False,0,1,1,1
fpq_603,fpq,g_2db4d541c3c288f5,False,0,0,0,0
fpq_604,fpq,g_9a80d4288fb4a494,False,0,0,0,0
fpq_606,fpq,g_c2e71cfd4489ceda,False,0,0,0,1
fpq_607,fpq,g_1aae9e8d45a350d0,False,0,1,0,1
fpq_608,fpq,g_ffe598021a0591dd,False,0,0,0,0
fpq_609,fpq,g_ffe598021a0591dd,False,0,0,0,0
fpq_61,fpq,g_5259300d91a12b52,False,0,0,0,0
fpq_610,fpq,g_ffe598021a0591dd,False,0,0,0,0
fpq_611,fpq,g_56fcfb23779cd978,False,0,0,1,1
fpq_612,fpq,g_622de1e6e0c049fd,False,0,0,0,0
fpq_613,fpq,g_a107636a7eec2e99,False,1,0,1,1
fpq_614,fpq,g_a107636a7eec2e99,False,0,1,1,1
fpq_615,fpq,g_a107636a7eec2e99,False,0,0,0,0
fpq_616,fpq,g_a107636a7eec2e99,False,0,0,0,0
fpq_617,fpq,g_f5ad3ce90fb8e435,False,0,0,0,0
fpq_618,fpq,g_f5ad3ce90fb8e435,False,0,0,0,0
fpq_619,fpq,g_1c5665ef5c01f1d7,False,0,0,0,0
fpq_62,fpq,g_7c76fd39492792e5,False,1,1,1,1
fpq_620,fpq,g_1c5665ef5c01f1d7,False,0,0,0,0
fpq_621,fpq,g_eb8f6804d1c637b6,False,0,0,0,0
fpq_622,fpq,g_eb8f6804d1c637b6,False,1,1,1,1
fpq_623,fpq,g_eb8f6804d1c637b6,False,0,1,1,0
fpq_624,fpq,g_50755827d69bcd14,False,1,1,1,1
fpq_625,fpq,g_48daddc9a2091b80,False,1,1,1,1
fpq_626,fpq,g_cbd8e06081de3089,False,1,1,1,1
fpq_628,fpq,g_f3aa8a75a159950c,False,0,1,0,0
fpq_629,fpq,g_f3aa8a75a159950c,False,0,0,0,0
fpq_63,fpq,g_1c2c52fa313ede3f,False,1,1,1,1
fpq_630,fpq,g_f3aa8a75a159950c,False,1,1,1,1
fpq_631,fpq,g_d42de5a23d21046b,False,0,0,0,0
fpq_632,fpq,g_d42de5a23d21046b,False,1,1,1,1
fpq_633,fpq,g_d42de5a23d21046b,False,0,0,0,0
fpq_634,fpq,g_3501d3281d06658b,False,0,0,0,0
fpq_635,fpq,g_543e733353e62deb,False,0,0,0,0
fpq_636,fpq,g_cbd8e06081de3089,False,0,1,1,1
fpq_638,fpq,g_cbd8e06081de3089,False,0,0,0,0
fpq_639,fpq,g_7a7d282b958f2563,False,0,0,0,0
fpq_64,fpq,g_1c2c52fa313ede3f,False,1,1,1,1
fpq_640,fpq,g_7b40dfc7097a1344,False,0,0,0,0
fpq_641,fpq,g_7b40dfc7097a1344,False,0,0,0,0
fpq_643,fpq,g_3f3f074567621eab,False,0,0,0,0
fpq_644,fpq,g_8dde43bf29e73433,False,0,0,0,0
fpq_645,fpq,g_c8b946a990d498cb,False,0,0,0,0
fpq_646,fpq,g_c8b946a990d498cb,False,0,0,0,0
fpq_647,fpq,g_c8b946a990d498cb,False,0,0,0,0
fpq_649,fpq,g_89e6313cbb50c271,False,0,0,0,0
fpq_65,fpq,g_73e83bdeacfff794,False,0,0,1,0
fpq_650,fpq,g_89e6313cbb50c271,False,0,0,0,0
fpq_652,fpq,g_a11eb7ec011a3efc,False,0,0,0,0
fpq_653,fpq,g_4acf2752c5f6a27e,False,0,0,0,0
fpq_654,fpq,g_0b84d27b6c84a4d5,False,0,0,0,0
fpq_655,fpq,g_df5010db83d03311,False,0,0,0,0
fpq_657,fpq,g_df5010db83d03311,False,1,1,1,1
fpq_659,fpq,g_347d09921d3f89c9,False,0,0,0,0
fpq_66,fpq,g_9fd46b63211f28f0,False,0,0,0,0
fpq_661,fpq,g_b361b7e403261e2f,False,0,0,0,0
fpq_662,fpq,g_5cc24a9ca907104f,False,0,0,0,0
fpq_663,fpq,g_5cc24a9ca907104f,False,0,0,0,0
fpq_666,fpq,g_a7f4db6c2258d390,False,0,0,0,0
fpq_669,fpq,g_acc7ea77b7fbcaaa,False,0,0,0,0
fpq_67,fpq,g_9fd46b63211f28f0,False,0,0,0,0
fpq_671,fpq,g_6745c8f45534b8ce,False,0,0,0,0
fpq_675,fpq,g_d213d38533744fa8,False,0,0,0,0
fpq_676,fpq,g_24b2a452f573fbc0,False,0,0,0,0
fpq_677,fpq,g_24b2a452f573fbc0,False,0,0,0,0
fpq_678,fpq,g_84ecf92350142eb6,False,1,1,1,1
fpq_68,fpq,g_6f53b0356755aa72,False,0,0,0,0
fpq_682,fpq,g_97ec18577a7cface,False,0,0,0,0
fpq_685,fpq,g_17e434e1e324de3d,False,0,1,0,1
fpq_687,fpq,g_ce8c27d75c213f16,False,0,0,0,0
fpq_689,fpq,g_ce8c27d75c213f16,False,0,0,0,0
fpq_69,fpq,g_623be088511381ce,False,1,1,1,1
fpq_690,fpq,g_2403a6b529c02e5a,False,0,1,0,1
fpq_691,fpq,g_2403a6b529c02e5a,False,1,1,1,1
fpq_692,fpq,g_f297dcc30d3f8e37,False,1,1,1,1
fpq_694,fpq,g_10ab7b8526f7b2bc,False,0,0,0,0
fpq_695,fpq,g_10ab7b8526f7b2bc,False,0,1,0,0
fpq_696,fpq,g_10ab7b8526f7b2bc,False,0,1,0,0
fpq_697,fpq,g_9f0da153b94bf67a,False,1,1,1,1
fpq_699,fpq,g_dd0725db080da088,False,0,0,0,0
fpq_7,fpq,g_9d488808e645e145,False,0,0,0,0
fpq_70,fpq,g_879787cb22d42c3c,False,0,0,0,0
fpq_702,fpq,g_c8f5a0ba89c3ac26,False,1,1,1,1
fpq_703,fpq,g_c8f5a0ba89c3ac26,False,0,1,0,1
fpq_704,fpq,g_59a4f8c0862b20a2,False,0,1,1,1
fpq_705,fpq,g_aecf7d1293092c31,False,0,0,0,0
fpq_706,fpq,g_febeb13ab3854627,False,0,0,0,0
fpq_71,fpq,g_879787cb22d42c3c,False,0,0,0,0
fpq_712,fpq,g_8e47b53225b890e8,False,0,0,0,0
fpq_713,fpq,g_934919d7f1afbc27,False,0,0,0,0
fpq_72,fpq,g_d51f767991e614c8,False,1,0,0,1
fpq_721,fpq,g_793434b301ecb98f,False,1,0,1,0
fpq_722,fpq,g_793434b301ecb98f,False,0,0,0,0
fpq_723,fpq,g_fcea2ef492fea180,False,1,1,1,1
fpq_724,fpq,g_3f9c4d31bf083495,False,0,0,0,0
fpq_725,fpq,g_6282c3955ec9a11e,False,0,0,0,0
fpq_726,fpq,g_3a0efef295c5adc4,False,0,0,0,0
fpq_727,fpq,g_1fc84291f05020ed,False,0,0,0,0
fpq_728,fpq,g_1fc84291f05020ed,False,1,1,1,1
fpq_729,fpq,g_968e7c60f5d28f55,False,0,0,0,0
fpq_73,fpq,g_56d6a600166c30ab,False,0,0,0,0
fpq_730,fpq,g_1d60144819a5e36e,False,0,1,0,0
fpq_735,fpq,g_a8909707f4162e6e,False,0,0,0,0
fpq_736,fpq,g_a8909707f4162e6e,False,0,0,0,0
fpq_738,fpq,g_9a80d4288fb4a494,False,0,0,0,0
fpq_74,fpq,g_56d6a600166c30ab,False,0,0,0,0
fpq_740,fpq,g_2f72bb4be6403b44,False,0,0,0,0
fpq_741,fpq,g_906b9e8c0c0517d1,False,0,0,0,0
fpq_743,fpq,g_b07e4772a464be48,False,0,0,0,0
fpq_744,fpq,g_b07e4772a464be48,False,0,0,0,0
fpq_745,fpq,g_b07e4772a464be48,False,0,0,0,0
fpq_746,fpq,g_6385f4f592c98c5f,False,0,0,0,0
fpq_747,fpq,g_c14890750c41d9c4,False,0,0,0,1
fpq_749,fpq,g_86438a78d793baa9,False,0,0,0,0
fpq_75,fpq,g_4606044722220183,False,0,0,1,0
fpq_750,fpq,g_50fa490ab9768889,False,0,0,0,0
fpq_751,fpq,g_eb166e935eed5801,False,0,0,0,0
fpq_753,fpq,g_e0c70ad838746da5,False,0,1,0,1
fpq_754,fpq,g_b69fc8387174b628,False,0,0,0,0
fpq_755,fpq,g_3d2bb1ca5fddfb2e,False,0,0,0,0
fpq_76,fpq,g_b9bdc5e4663e46a5,False,0,0,0,0
fpq_761,fpq,g_e92017decc3e369f,False,0,1,1,1
fpq_762,fpq,g_e1113816a5288199,False,0,1,1,1
fpq_763,fpq,g_bbc61a39746e49fc,False,1,1,1,1
fpq_764,fpq,g_bbc61a39746e49fc,False,1,1,1,1
fpq_77,fpq,g_b9bdc5e4663e46a5,False,0,0,0,0
fpq_771,fpq,g_8f401a225532467d,False,1,1,1,1
fpq_772,fpq,g_8f401a225532467d,False,0,0,0,0
fpq_773,fpq,g_5ee72da23f515702,False,0,1,0,1
fpq_774,fpq,g_5ee72da23f515702,False,0,1,0,1
fpq_775,fpq,g_90bd6c6ed64dca89,False,1,0,1,1
fpq_776,fpq,g_90bd6c6ed64dca89,False,0,0,0,0
fpq_777,fpq,g_90bd6c6ed64dca89,False,0,0,0,0
fpq_778,fpq,g_154cd22f42fd549b,False,0,0,0,0
fpq_78,fpq,g_b9bdc5e4663e46a5,False,0,0,0,0
fpq_780,fpq,g_74caadd15d94fa3e,False,1,1,1,1
fpq_781,fpq,g_5ef26aca81075ee9,False,0,0,0,0
fpq_789,fpq,g_8e3b98a6c1d1d8e5,False,1,1,1,1
fpq_794,fpq,g_ec0536b04409d548,False,0,0,0,0
fpq_797,fpq,g_331c7cc9179e1c1a,False,0,0,0,0
fpq_798,fpq,g_331c7cc9179e1c1a,False,0,0,1,0
fpq_799,fpq,g_530a5de630a03a77,False,0,0,0,0
fpq_8,fpq,g_9d488808e645e145,False,1,1,1,1
fpq_80,fpq,g_5cea8849e3d5e09d,False,0,0,0,0
fpq_801,fpq,g_d9f855016027d449,False,0,0,0,0
fpq_802,fpq,g_d9f855016027d449,False,0,0,0,0
fpq_804,fpq,g_89b700dccbd81fab,False,0,0,0,0
fpq_805,fpq,g_3e9a786a73765d70,False,1,1,1,1
fpq_806,fpq,g_a3eb2eadc31e0867,False,0,0,0,0
fpq_807,fpq,g_a3eb2eadc31e0867,False,0,0,0,0
fpq_808,fpq,g_8d9454600169c6b2,False,1,1,0,1
fpq_81,fpq,g_bf7120dde2b7a065,False,0,0,0,0
fpq_813,fpq,g_0f9e2fb7a93c5c61,False,0,1,0,0
fpq_814,fpq,g_0f9e2fb7a93c5c61,False,0,1,1,0
fpq_817,fpq,g_a1a72bbbfd1466ac,False,0,0,0,0
fpq_818,fpq,g_a1a72bbbfd1466ac,False,0,0,0,0
fpq_82,fpq,g_13a47a3e847a04f6,False,1,1,1,1
fpq_820,fpq,g_8308b02c35d2fd58,False,0,0,1,0
fpq_823,fpq,g_cdad56ce64e001c4,False,0,0,1,1
fpq_824,fpq,g_dec60e6529614579,False,1,1,1,1
fpq_827,fpq,g_fb918ca18dd653ae,False,0,0,0,0
fpq_828,fpq,g_2b489445c1c9064f,False,0,0,0,0
fpq_830,fpq,g_aac68710f603cab3,False,0,0,0,1
fpq_831,fpq,g_aac68710f603cab3,False,0,1,0,0
fpq_832,fpq,g_4856ccb2444ee815,False,0,0,0,0
fpq_833,fpq,g_669f7412c9f3f19b,False,0,1,1,1
fpq_834,fpq,g_669f7412c9f3f19b,False,1,1,1,1
fpq_835,fpq,g_11fde16f0c8cca46,False,0,0,0,0
fpq_836,fpq,g_11fde16f0c8cca46,False,0,0,0,0
fpq_837,fpq,g_11fde16f0c8cca46,False,0,0,0,0
fpq_838,fpq,g_f92ddbcc1f634f0b,False,1,1,1,1
fpq_839,fpq,g_f92ddbcc1f634f0b,False,0,0,0,0
fpq_84,fpq,g_db45277df8b457d2,False,0,0,0,0
fpq_840,fpq,g_3f937aaf8e8d8a35,False,0,0,0,0
fpq_844,fpq,g_22c8588c92e14e07,False,1,1,1,1
fpq_846,fpq,g_d009eb1ebebd1c8e,False,0,0,0,0
fpq_847,fpq,g_d009eb1ebebd1c8e,False,0,0,0,0
fpq_848,fpq,g_85d62e48f03c7a3c,False,0,0,0,0
fpq_849,fpq,g_85d62e48f03c7a3c,False,0,0,0,0
fpq_85,fpq,g_db45277df8b457d2,False,0,0,0,0
fpq_850,fpq,g_85d62e48f03c7a3c,False,0,0,1,1
fpq_851,fpq,g_7a2638904ead299e,False,1,1,1,1
fpq_854,fpq,g_69ab39542ebedb58,False,0,0,0,0
fpq_858,fpq,g_a7e2f43f9dd68625,False,0,0,0,0
fpq_859,fpq,g_8955d243852d149b,False,0,0,0,0
fpq_860,fpq,g_8955d243852d149b,False,0,0,0,0
fpq_861,fpq,g_f9e1c7fe82335874,False,0,0,0,0
fpq_862,fpq,g_c29ea773317be5eb,False,1,1,1,1
fpq_863,fpq,g_5f056dbe40531947,False,1,1,1,1
fpq_864,fpq,g_5f056dbe40531947,False,0,0,0,0
fpq_865,fpq,g_b9dbaf70b8b06d4b,False,0,0,0,0
fpq_866,fpq,g_6231ce260b9add43,False,0,0,0,0
fpq_869,fpq,g_11a21a27ad496bda,False,0,0,1,1
fpq_87,fpq,g_846fcef047e655d9,False,0,0,0,0
fpq_870,fpq,g_cc9afb0fc748923e,False,0,0,0,0
fpq_871,fpq,g_cc9afb0fc748923e,False,0,0,0,0
fpq_872,fpq,g_cc9afb0fc748923e,False,0,0,0,0
fpq_88,fpq,g_0546ac634af40b22,False,1,1,1,1
fpq_89,fpq,g_c385ff6e98a203cc,False,0,0,0,0
fpq_9,fpq,g_5cea8849e3d5e09d,False,1,1,1,1
fpq_90,fpq,g_c385ff6e98a203cc,False,0,0,0,0
fpq_91,fpq,g_f73449782f83e067,False,0,0,0,0
fpq_92,fpq,g_9e9ab7463642dd76,False,0,0,0,0
fpq_94,fpq,g_a30fe563ea9cb798,False,0,0,0,0
fpq_96,fpq,g_bc782fff330561e5,False,0,0,0,0
fpq_97,fpq,g_378a18daed031554,False,0,0,0,0
fpq_98,fpq,g_378a18daed031554,False,0,0,0,0
fpq_99,fpq,g_c0997e51d65d0496,False,0,0,0,0
nfp_1000,nfp,g_b515ce473d61814c,False,0,0,0,0
nfp_1001,nfp,g_2bb1095ecad09dfe,False,0,1,0,1
nfp_1002,nfp,g_846c9d57d2496fe2,False,1,1,1,1
nfp_1003,nfp,g_d511cbc4501333dc,False,0,0,0,0
nfp_1004,nfp,g_ee7a062cb00ef613,False,0,0,0,0
nfp_1005,nfp,g_37c348b0c4277481,True,0,0,1,1
nfp_1006,nfp,g_297cdaa9fd66c13e,False,0,0,0,0
nfp_1008,nfp,g_72dee60505a8a41c,False,0,0,0,0
nfp_1009,nfp,g_049d816d1248bf38,False,1,0,1,1
nfp_1010,nfp,g_17bff1c899a169da,False,1,1,1,0
nfp_1011,nfp,g_905798f6469780ed,False,0,0,0,0
nfp_1012,nfp,g_60a7d99c918bda2a,False,0,0,0,0
nfp_1013,nfp,g_5e1b54921da2ee83,False,0,0,0,0
nfp_1014,nfp,g_5c363e4c7adb64aa,False,0,0,0,0
nfp_1015,nfp,g_5342ae3daa3c7434,False,0,0,0,0
nfp_1016,nfp,g_67032c1bef5d96ac,False,0,0,1,0
nfp_1017,nfp,g_90d87fd42f3e6ced,False,0,0,0,0
nfp_1018,nfp,g_726e9e549f432cce,False,0,0,0,0
nfp_1019,nfp,g_a0845f8eac299ae9,False,0,0,0,0
nfp_1020,nfp,g_ddc65185bd88231a,False,0,0,1,1
nfp_1021,nfp,g_4f8755aa476cd854,False,0,0,1,1
nfp_1022,nfp,g_26fe02908f531fd6,False,0,0,0,0
nfp_1023,nfp,g_74b9464b5d58a496,False,0,0,0,0
nfp_1024,nfp,g_2acb1d96825bc240,False,0,0,0,0
nfp_1025,nfp,g_38c5a119b8fda33d,False,0,0,0,0
nfp_1026,nfp,g_0fa64114423bfadd,False,0,0,0,0
nfp_1027,nfp,g_7487e207b7e38b3d,False,0,0,0,0
nfp_1028,nfp,g_9d078dce2f08f4a2,False,0,0,0,0
nfp_1029,nfp,g_5acdd4fa38837fab,False,0,1,1,1
nfp_1030,nfp,g_ed494aefb6216f11,False,0,0,0,0
nfp_1031,nfp,g_023287bf137a2d36,False,0,0,0,0
nfp_1032,nfp,g_a69e35017720c04d,False,0,0,0,0
nfp_1033,nfp,g_b0c4fc55867bae76,False,0,0,0,0
nfp_1034,nfp,g_db7945e98518ed4c,False,0,0,0,0
nfp_1035,nfp,g_8ad205d52532e606,False,0,0,0,0
nfp_1036,nfp,g_09dead9591063a2b,False,0,0,0,0
nfp_1037,nfp,g_ca05107d50dfbce2,False,0,0,0,0
nfp_1038,nfp,g_590237bec7270dc8,False,0,0,0,0
nfp_1039,nfp,g_b2741745864ec3c4,False,0,0,0,0
nfp_1040,nfp,g_3cc46a35063d98d8,False,0,0,0,0
nfp_1041,nfp,g_e0d1d4f7260b07d8,False,0,0,0,0
nfp_1042,nfp,g_6a51bd12bb30c2cf,False,0,0,0,0
nfp_1043,nfp,g_875024c3f522bef3,False,0,0,0,0
nfp_1044,nfp,g_77fdd807ddb682e3,False,0,0,0,0
nfp_1045,nfp,g_6999d719e7f404f9,False,0,0,0,0
nfp_1046,nfp,g_2cb3ada3e6d7ab34,False,0,0,0,0
nfp_1047,nfp,g_ea8b0e7382fc2ca4,False,0,0,0,0
nfp_1048,nfp,g_72672c52bf3b6500,False,0,0,0,0
nfp_1049,nfp,g_2e4529a696711a47,False,0,0,0,0
nfp_1050,nfp,g_0274515d395819f7,False,0,0,0,0
nfp_1051,nfp,g_72ce52bdee35ee7d,False,0,0,0,0
nfp_1052,nfp,g_17576a9ee980b82a,False,0,0,0,0
nfp_1053,nfp,g_82305c525bae71ce,False,0,0,0,0
nfp_1054,nfp,g_63fa60e7792ecec4,False,0,0,0,0
nfp_1055,nfp,g_85b63d80433b4780,False,0,0,0,0
nfp_1056,nfp,g_3f970328bf6a67c4,False,0,0,0,0
nfp_1057,nfp,g_f43aeb570f6a70be,False,0,0,0,0
nfp_1058,nfp,g_ffb0c5b426cf1395,False,0,0,0,0
nfp_1059,nfp,g_f409d19c9daf239d,False,0,0,0,0
nfp_1060,nfp,g_1bcd350208021c58,False,0,0,0,0
nfp_1061,nfp,g_73e75fd31cb22d00,False,0,0,0,0
nfp_1062,nfp,g_ea335c6cbe720637,False,0,0,0,0
nfp_1063,nfp,g_2fbf542ba550b425,False,1,1,1,1
nfp_1064,nfp,g_ef572b88daf1e529,False,0,0,0,0
nfp_1065,nfp,g_0de106ae331b0bd0,False,0,0,0,0
nfp_1066,nfp,g_22a17f7a411a59ba,False,0,0,0,0
nfp_1067,nfp,g_0a1f2f733e8d5f67,False,0,0,0,0
nfp_1068,nfp,g_ccb6d08a1a1c39d0,False,0,0,0,0
nfp_1069,nfp,g_681e4c84f5e024df,False,0,0,0,0
nfp_1070,nfp,g_0ba0a7f95dae4a27,False,0,0,0,0
nfp_1071,nfp,g_eac780faee7c861c,False,0,0,0,0
nfp_1072,nfp,g_d96f348ae6ac86dc,False,0,0,0,0
nfp_1073,nfp,g_141872196da1af1e,False,0,0,0,0
nfp_1074,nfp,g_e2500c50726bc97d,False,0,0,0,0
nfp_1075,nfp,g_fd82b773057129b5,False,0,1,0,1
nfp_1076,nfp,g_79d1944fc789fc24,False,0,0,0,0
nfp_1077,nfp,g_d67551f50be2afbf,False,0,0,0,0
nfp_1078,nfp,g_ebdbe98d9e748ebc,False,0,0,0,0
nfp_1079,nfp,g_b067fbc42e1b96d0,False,0,0,0,0
nfp_1080,nfp,g_89dc9c3367d53304,False,0,0,0,0
nfp_1081,nfp,g_c562c518282b0383,False,0,0,0,0
nfp_1082,nfp,g_3efab1e679bd95d7,False,0,0,0,0
nfp_1083,nfp,g_37db5c7cd4009473,False,0,0,0,0
nfp_1084,nfp,g_d8500b15bfb5d0f1,False,0,0,0,0
nfp_1085,nfp,g_f87b03c409b490f9,False,0,0,0,0
nfp_1086,nfp,g_54419292364e7e16,False,0,0,0,0
nfp_1087,nfp,g_d644ff903573f577,False,0,0,0,0
nfp_1088,nfp,g_7cbb865a72ea4512,False,0,0,0,0
nfp_1089,nfp,g_bd1dc50cd81dce8b,False,0,1,0,0
nfp_1090,nfp,g_a821a3e2c0cf44ca,False,0,0,0,0
nfp_1091,nfp,g_fda86c97edf476e0,False,0,0,0,0
nfp_1092,nfp,g_7f869cb0ede4ccc6,False,0,0,0,0
nfp_1093,nfp,g_c133e7884ff15bf3,False,0,0,0,0
nfp_1094,nfp,g_11239780ec2ad095,False,0,0,0,0
nfp_1095,nfp,g_309e738949b151ec,False,0,0,0,0
nfp_1097,nfp,g_a04b51042e579fcb,False,1,1,1,0
nfp_1098,nfp,g_a7e4fdd453e66b64,False,0,0,0,0
nfp_1099,nfp,g_871c24732bb05933,False,0,0,0,0
nfp_1100,nfp,g_e5c94b0361279024,False,0,0,0,0
nfp_1101,nfp,g_3fd7f6000501b9ed,False,0,0,0,0
nfp_1102,nfp,g_c43ae36246c19be8,False,0,0,0,0
nfp_1103,nfp,g_adb65923e7a2611b,False,0,0,0,0
nfp_1104,nfp,g_88ada7b4e9558cff,False,0,0,0,0
nfp_1105,nfp,g_7e8e236fa353b582,False,0,0,0,0
nfp_1107,nfp,g_6f7f645166a77d05,False,0,0,0,0
nfp_1108,nfp,g_406cb31e3788a5ac,False,,0,0,0
nfp_1109,nfp,g_fea7f11d2e3a626a,False,0,0,0,0
nfp_1110,nfp,g_d5b84d54263328d5,False,0,0,0,0
nfp_1111,nfp,g_5480d248f19133f5,False,0,0,0,0
nfp_1112,nfp,g_d7ea6f3465db8b63,False,0,0,0,0
nfp_1113,nfp,g_b659e249edfbdf68,False,0,0,0,0
nfp_1114,nfp,g_f021a8f45ac5359f,False,0,0,0,0
nfp_1115,nfp,g_40a4d591e83e7e74,False,0,0,0,0
nfp_1116,nfp,g_96e01a3e504ed5c1,False,0,0,0,0
nfp_1117,nfp,g_39b994016d05ec50,False,0,0,1,1
nfp_1118,nfp,g_c0ba83e99d5b9beb,False,0,0,0,0
nfp_1119,nfp,g_97a93a9aa5c8200a,False,0,0,0,0
nfp_1120,nfp,g_09f6b6e2f8976aa1,False,0,0,0,0
nfp_1121,nfp,g_ef0538784fe1ffc5,False,0,1,0,0
nfp_1122,nfp,g_253b77749d3b7958,False,0,0,0,0
nfp_1123,nfp,g_ab900b3c65c6fd0f,False,0,0,0,0
nfp_1124,nfp,g_df1414fe7d9fb750,False,0,0,0,0
nfp_1125,nfp,g_18b376e84af637f3,False,0,0,0,0
nfp_1126,nfp,g_957401aca986fdbb,False,0,0,0,0
nfp_1127,nfp,g_1fc0d35e2372953f,False,0,0,0,0
nfp_1128,nfp,g_c03ce4015a3ba730,False,0,0,0,0
nfp_1129,nfp,g_39253ec30588d028,False,0,0,0,0
nfp_1130,nfp,g_c62b909623a22334,False,1,0,0,1
nfp_1131,nfp,g_a5798a99de5831d0,False,0,0,0,0
nfp_1132,nfp,g_ea9dae93fa9530a2,False,0,0,0,0
nfp_1133,nfp,g_3768a7d9c374e060,True,0,0,0,0
nfp_1134,nfp,g_494d451eb99fad4b,False,0,0,0,0
nfp_1135,nfp,g_2aebf16024eaf22c,False,0,0,0,0
nfp_1136,nfp,g_7c14b2b4d84cee2f,False,0,0,0,0
nfp_1137,nfp,g_9ba118a134d88e59,False,0,0,0,0
nfp_1138,nfp,g_260386fe3ee7c7f6,False,0,0,0,0
nfp_1139,nfp,g_61f0226e4520c63c,False,0,0,0,0
nfp_1140,nfp,g_e877b34361cd93f1,False,0,0,0,0
nfp_1141,nfp,g_1e7c9dc5e4b83795,False,0,0,0,0
nfp_1142,nfp,g_39f621c8085e4c8d,False,1,0,0,0
nfp_1143,nfp,g_2583f3f881a97214,False,0,0,0,0
nfp_1144,nfp,g_aeae73a3fb6f4db8,False,0,0,0,0
nfp_1145,nfp,g_9cc0beeafd47f952,False,0,0,0,0
nfp_1146,nfp,g_27cc601d9bd91fc4,False,0,0,0,0
nfp_1147,nfp,g_b907a80c42330a9e,False,1,0,0,0
nfp_1148,nfp,g_d0ebc3705e830e29,False,0,0,1,0
nfp_1149,nfp,g_a5819042ea243e01,False,0,0,0,0
