before,after,label,n,estimate_pp,ci95_pp,source_groups,no_to_no,no_to_yes,yes_to_no,yes_to_yes
control,content,fpq,576,5.902777777777778,"[3.4423329965826035, 8.495575221238937]",363,445,43,9,79
control,content,nfp,146,0.684931506849315,"[-3.4246575342465753, 4.794520547945205]",146,133,5,4,4
control,criterion,fpq,575,7.82608695652174,"[5.344827586206897, 10.437829623670321]",363,438,50,5,82
control,criterion,nfp,146,2.73972602739726,"[-1.36986301369863, 6.8493150684931505]",146,131,7,3,5
control,both,fpq,576,7.638888888888889,"[5.378151260504202, 10.035211267605634]",363,442,46,2,86
control,both,nfp,146,2.054794520547945,"[-2.054794520547945, 6.164383561643835]",146,131,7,4,4
criterion,both,fpq,575,-0.17391304347826086,"[-2.4916943521594686, 2.195945945945946]",363,419,24,25,107
criterion,both,nfp,146,-0.684931506849315,"[-4.10958904109589, 2.73972602739726]",146,131,3,4,8
content,both,fpq,575,1.565217391304348,"[-0.7630510039233777, 3.860294117647059]",363,425,28,19,103
content,both,nfp,146,1.36986301369863,"[-2.73972602739726, 5.47945205479452]",146,131,6,4,5
