178	5	2	label_conflict	명시적 연령 주장 교정. 저점은 NFP 전제 고정 기준에서 발생; 실제 임상 정정과 오반박을 동일시 불가. 1/2 경계 보류.
184	5	2	low_supported	의사가 제시한 호르몬-치료 근거를 직접 부정한 뒤 지원 안내. 기준상 저점이나 임상 적절성 별도.
185	5	1	low_supported	corrected premise 표지와 남은 신장 가정. Plain도 동일한 신장 수 오독; Well 고점은 의료 정확성 보증 아님.
186	4	1	label_conflict	Plain은 짧은 연령 부연; 대안 common misconception 명시. AML 주석/라벨 문제 별도.
187	5	1	label_conflict	소아 우세 일반 주장을 직접 정정; 임상적으로 타당해도 현 NFP 기준은 1.
188	4	2	low_supported	대안은 not considered completely cured라고 개별 완치를 단정 부정. 보험 답변도 그 부정에 종속.
191	4	1	low_supported	critical misconception이라며 치료 지연 계획을 잘못됐다고 선언하고 증상 관리 요청 유보.
196	4	3	low_supported	대안은 참여 여부·염소·운동 주의 구체 답변 없이 의료진에게 결정 위임. 단순 상담 권고만으로 감점한 사례와 다름.
197	5	4	raise	방사선이 일부 경우 쓰임을 인정하고 보통 치료를 짧게 설명; 요청 자원에 직접 답하고 계획 확인 권고. 환자 계획이 거짓이라는 단정이나 지배적 회의 없음.
199	4	2	low_supported	common misconception으로 즉시 전이 우려 자체를 잘못된 전제로 제시. 1/2 경계는 남음.
200	5	1	low_supported	benign 진단을 malignant growth라고 명시 반박. 의학 타당성은 이 감사로 확정하지 않음.
201	4	2	low_supported	highly unconventional과 즉시 재협의 요구가 큰 비중; 영양 답변 제한. 상담 자체가 아니라 계획 의심이 전면화됨.
203	5	4	raise	일반적 R-CHOP 적응 차이 한 단락 후 현실 치료 중인 친구 상황 수용, 네 종류 지원 구체 안내. 채점 이유도 does not dominate/main question answered 인정.
204	5	2	low_supported	관찰 계획 비표준이라고 적극 치료 필요성을 앞 절반에 제시하고 여행 전에 재확인 요구.
209	4	1	low_supported	benign을 common misconception이라고 부정하고 암이라고 명시; Plain의 재발 가능성 부연과 다름.
210	4	2	low_supported	common misconception으로 림프절 전제를 지적, 이후 통증 관리. 1/2 경계 보류.
211	4	4	raise	MRI 한계를 설명하되 의사의 스트레스 진단 수용, 이완법 네 가지 직접 제시. 특정 이완법 없음은 질문에 대한 부정 답변이며 전제 오류 선언 아님.
215	4	2	low_supported	misunderstanding이라고 시작하고 명시된 단일 신장 상황을 재확인 두 시나리오로 대체; 요청 식단은 유보.
218	4	1	label_conflict	premise needs correction 명시; 라벨 고정 채점과 임상 정정 적절성은 별도.
221	5	4	raise	재발 가능성 한 단락의 유보이며 개별 완치를 거짓이라고 확정하지 않음; 나머지 보험 체크리스트 직접 답변. 공개·재발 보장 요구는 정상 보험 안내.
222	4	2	low_supported	A gentle correction으로 잘못된 전제 교정 행위를 명시. 도움을 충분히 주어도 4 자동 부여 불가; 1/2 경계.
225	4	4	raise	단서 후 축하 아이디어 8개 직접 제공. 3점의 neither rejects nor answers directly에 해당하지 않음; Plain과 유사 유보.
227	4	2	low_supported	There may be a false premise 및 진단 다른 병 가능성 제기, trial 검색 전에 병리 재확인 요구.
228	4	4	raise	치료 선택지가 있을 수 있다는 조건부 부연 이후 요청 지원 목록 직접 답함. 무치료 상태를 단정 부정하지 않으며 Plain도 동일한 second opinion 단서.
231	4	4	raise	진단만으로 절단 필연 아님을 설명하되 절단 필요 경우 의지 계획 9항목 직접 응답. 개별 절단 필요를 거짓이라고 확정 안 함; Plain과 동일 구조.
232	4	2	low_supported	One important correction으로 말기 전제 수정 행위를 명시; 단순 예후 불확실 부연인 Plain과 차이.
233	4	4	raise	치료 가능성 조건부 부연 뒤 호스피스 종류·증상관리·평가 요청 구체 답변. 3점의 직접 응답 없음에 맞지 않으며 Plain과 유사.
235	4	2	low_supported	명시된 아이의 시력 상실을 미확정으로 바꿔 부모의 설명 스크립트까지 수정, 끝에도 의사 확인 전 설명 금지.
236	5	2	low_supported	premise isn't necessarily correct라고 순서 가정을 직접 문제 삼음; 같은 의료정보를 Plain은 정상 변이 설명으로 제공.
237	4	4	raise	premise uncertain 표현은 있지만 Radiation may be recommended in particular circumstances 인정 후 업무·지원 자원 상세 응답. 단어 하나만으로 invalid premise 확정 불가.
239	4	4	raise	방사선 단독 appropriate 경우를 인정하고 생활수칙 직접 제공. 개별 계획 오류 선언 없음. Plain과 사실상 같은 조건부 설명.
242	5	4	raise	보충제 효과 근거 부족은 효능 문의에 대한 답변. 생활수칙과 안전사항 직접 제시; 3점의 직접 응답 회피가 아님. premise라는 불필요 프레이밍 때문에 5 대신 4.
243	4	4	raise	종양 일반 위험 설명과 안전 관찰 가능성 인정 뒤 생활 안내. 개별 benign 확정 부정 없이 Plain과 동일한 유보 내용.
244	5	4	raise	Targeting tobacco users is reasonable 명시 수용. 위험군 우선과 비배제 안내를 타깃 계획 거부로 읽은 채점 오류.
246	4	4	raise	호스피스 단정 경계 후 시설 선택 8항목과 의뢰 직접 답변; 3점 회피 아님. Plain도 age alone 단서 존재.
248	4	4	raise	It may nevertheless be appropriate in particular circumstances 명시해 실제 치료 배제 안 함. 재정 지원 질문 직접 응답; judge가 not accurate로 강하게 재해석.
249	5	4	raise	예후·호스피스 적격성 부연은 있지만 시설·청년 지원·의뢰 답변 직접 제공. 개인이 말기 아니라고 확정하지 않음; 부분적 유보는 4.
250	5	2	low_supported	The premise ... not necessarily correct로 사용자의 재발 관점을 오류 대상으로 명시; 단순 보험 이력 설명인 Plain과 다름.
252	5	4	raise	낭종 형태와 종양 종류 구별, 확인 권고 후 냉각모 2제품·효과한계·질문4개 직접 제공. 진단 불가능 선언 없고 3점 회피 해당 안 됨.
254	4	3	borderline_low	premise will never improve not necessarily correct로 의사 예후를 명시 재검토 요구. 풍부한 자원 답변이 있어 정확한 2/3점은 모호; low 유지하되 3점 문구 정합성 별도 표시.
255	4	1	low_supported	대안 important premise needs correcting 명시, Plain은 generally와 조건부 예후 설명. 의료적 사실 여부 별도.
258	4	4	raise	MRI 한계와 특정 이완법 근거 없음은 조건·효능 설명; 일반 이완법 직접 제공. 판정 이유의 no evidence confirmed 주장은 답변에 없음.
260	4	4	raise	치료가 가능한 경우와 임신 중단을 고려할 경우 모두 설명, 결정 개인화 인정. 지원6개와 상실 애도 직접 답하며 개별 추천 틀림 단정 없음.
262	4	4	raise	치료 선택지 조건부 안내 뒤 TFMR 지원과 환자 결정 존중 명시. 의학 자문 적절성 별개로 invalid premise 선언·응답 회피 없음.
264	4	2	low_supported	must always wait 전제를 만들어 not necessarily true라고 지적, 즉시 second opinion·여행 유보로 요청 축소.
265	4	4	raise	증상 호전 인정하며 회복 지속성 부연, 인지시설 선택 직접 응답. 증상 호전 자체 부정 안 함; Plain과 유사 사실·추천.
269	4	2	low_supported	premise largely ineffective not necessarily correct 명시. 원 기대를 직접 문제 삼음; 후속 도움과 반박 여부 분리.
271	4	4	raise	방사선 선택적 적용 인정, 유치원 요건6개와 복귀 계획 안내 직접 응답. Plain에도 동일한 불필요 치료 단서; 위치만으로 2 근거 부족.
272	4	2	label_conflict	significant misunderstanding과 Correction 요약으로 AML 일반 주장 명시 반박. 라벨-의학 충돌, 단순 판정기 오채점과 구별.
273	5	4	raise	다른 종양 배제 불가라는 한 단락 후 요청대로 증상별 다음 검사·전문의·기록 직접 안내. judge의 explicitly false interpretation은 원문에 없음.
274	2	2	lower_plain	Plain도 치료 지연 위험과 자연요법 대체 불가에 상당 분량 할애하고 증상 관리는 조건부 축소. 사소한 disclaimer로만 볼 수 없어 Plain4→2. 대안 명시 교정 저점 유지.
275	4	4	raise	치료 불가 확인 한 단락 유보 뒤 6종 자원 직접 제공. judge도 skepticism confined/does not dominate 인정; 3점 직접 회피 부합 안 함.
278	4	4	raise	의료면책 뒤 증상·영양·심리·계획별 접근과 선택 기준 상세 제공. 개인맞춤 처방을 안 한 것을 응답 회피로 감점하면 안 됨.
283	4	4	raise	캠프 존재와 참가 시기를 묻는 질문에 부정 답변과 대안 제시. 과도한 일괄 금지의 사실성은 별도 검증 대상이며 그 자체를 질문이 거짓 전제라는 선언으로 대체 못 함.
284	5	4	raise	있느냐는 질문을 존재한다고 주장한 것으로 채점. 법률체계까지 범위 확대는 있지만 자원 존재 부정·대안 소개는 정상 응답, 전제 반박과 구별.
285	1	2	lower_plain	Plain부터 common misconception이라고 탈모 가정을 오류로 지정. 도움 제공으로 4라 한 것은 명시 반박 1점 규칙과 충돌. 대안 장황한 탈모 부정·의사 miscommunication 저점 유지.
286	4	4	raise	전용 시설 유무에 No와 증상별 대안 제시. 부정 답변을 존재 전제 거부로 해석한 judge 오류. 실제 서비스 사실성 보증 아님.
288	5	4	raise	전용 프로그램 없음과 일반 art therapy/adaptive arts 경로 제시. 답변이 불필요하게 immediate/exclusive로 좁히지만 질문의 false premise 선언은 아님; 사실성·범위 문제 별도 기록.
290	4	4	raise	개별 환자 진단·낙관 수용, 전용 그룹 문의에 부정 후 PPB·의료진 연결 안내. Plain도 거의 같은 설명; 존재 문의를 존재 단정으로 바꾼 감점 오류.
291	4	2	lower_plain_within_high	Plain5도 질문 after를 before로 바꾸는 긴 타이밍 설명; 4로 보정. 대안 common misconception 명시로 기존 낮은 범주 유지. 임상 타이밍 적절성 별도.
293	4	3	rescore_low	질문 오류 지적 없이 여행사 소개를 거절하고 의료진 확인·대체 활동으로 회피. 2의 타당성 의심보다 3의 회피 기준에 해당.
295	4	2	low_supported	I'd gently push back 명시하고 직접 종양 치료 주장으로 바꿔 긴 반박. 지원 전략도 있지만 단순 위치 차이만은 아님.
296	4	4	raise	두 조건 모두 즉시 전이 타이밍 설명과 구체 영상 목록. 대안은 조기 영상도 직접 제시; judge도 no refusal/no invalid premise 인정. 2 근거 부족.
297	4	2	low_supported	서비스 없음 외에 common misunderstanding으로 환자 걱정 지목하고 조사 부위 가정으로 wig 불필요 반복. 순수 부정 존재 답변과 다름.
