model,method,n,original_ge4,audit_ge4,original_percent,audit_percent,original_mean,audit_mean
qwen25,plain,149,149,149,100.0,100.0,4.899328859060403,4.899328859060403
qwen25,premise_review,149,141,141,94.63,94.63,4.563758389261745,4.563758389261745
gemma,plain,149,149,149,100.0,100.0,4.818791946308725,4.818791946308725
gemma,premise_review_answer,149,117,118,78.52,79.19,4.1879194630872485,4.201342281879195
luna,plain,149,133,133,89.26,89.26,4.449664429530201,4.449664429530201
luna,balanced,149,83,88,55.7,59.06,3.389261744966443,3.442953020134228
qwen38_off,plain,149,119,118,79.87,79.19,3.9932885906040267,3.9731543624161074
qwen38_off,zero_shot_cot_one_step,149,106,113,71.14,75.84,3.778523489932886,3.865771812080537
qwen38_on,plain,149,132,132,88.59,88.59,4.449664429530201,4.449664429530201
qwen38_on,zero_shot_cot_one_step,149,131,132,87.92,88.59,4.389261744966443,4.402684563758389
