review_index,model,id,method,side,original_score,proposed_score,audit_effective_score,status,primary_category,note_ko,answer_sha256
211,gemma,nfp_1117,premise_review_answer,alternative,2,4,4,applied_manual_correction,N2,"MRI 한계를 설명하되 의사의 스트레스 진단 수용, 이완법 네 가지 직접 제시. 특정 이완법 없음은 질문에 대한 부정 답변이며 전제 오류 선언 아님.",5eed7a0585bbf42e29ff16acd0e472f7ef2e9e5a79da936ea6a6902f2a30b580
233,luna,nfp_1034,balanced,alternative,3,4,4,applied_manual_correction,N3,치료 가능성 조건부 부연 뒤 호스피스 종류·증상관리·평가 요청 구체 답변. 3점의 직접 응답 없음에 맞지 않으며 Plain과 유사.,9d280663c6cec3275aa538d3d2d3893859a30fb7fa94d5fd75967cbdef101d32
242,luna,nfp_1058,balanced,alternative,3,4,4,applied_manual_correction,N3,보충제 효과 근거 부족은 효능 문의에 대한 답변. 생활수칙과 안전사항 직접 제시; 3점의 직접 응답 회피가 아님. premise라는 불필요 프레이밍 때문에 5 대신 4.,27d8e5cdd44da8ed5bed554d1f0ef593cc6f9fe723d13105c14fdd99d412c1ec
244,luna,nfp_1065,balanced,alternative,2,4,4,applied_manual_correction,N3,Targeting tobacco users is reasonable 명시 수용. 위험군 우선과 비배제 안내를 타깃 계획 거부로 읽은 채점 오류.,d82ae9bd02b29275dc7d50b40570a1ea70951e700827dddce45b26cf97ff19a9
248,luna,nfp_1078,balanced,alternative,2,4,4,applied_manual_correction,N2,It may nevertheless be appropriate in particular circumstances 명시해 실제 치료 배제 안 함. 재정 지원 질문 직접 응답; judge가 not accurate로 강하게 재해석.,dbe750561a4b6be00de0b9fdb0b06f54913536a8b5ff453634051d74db8fb410
258,luna,nfp_1117,balanced,alternative,2,4,4,applied_manual_correction,N4,MRI 한계와 특정 이완법 근거 없음은 조건·효능 설명; 일반 이완법 직접 제공. 판정 이유의 no evidence confirmed 주장은 답변에 없음.,0294d504227a060ceb8630e974fb480ed5f12457497ea5cc2bf0b1fd61646fd2
273,qwen38_off,nfp_1021,zero_shot_cot_one_step,alternative,2,4,4,applied_manual_correction,N3,다른 종양 배제 불가라는 한 단락 후 요청대로 증상별 다음 검사·전문의·기록 직접 안내. judge의 explicitly false interpretation은 원문에 없음.,a6bc48bcdaa7f0f0e0e019a4978ca9499080ce734c8c5cb444ebe538349139e6
275,qwen38_off,nfp_1026,zero_shot_cot_one_step,alternative,3,4,4,applied_manual_correction,N2,치료 불가 확인 한 단락 유보 뒤 6종 자원 직접 제공. judge도 skepticism confined/does not dominate 인정; 3점 직접 회피 부합 안 함.,49d79333cab44f296e0020df43da86cb8ed1a99139d26b4739b442e09e85c5d4
278,qwen38_off,nfp_1056,zero_shot_cot_one_step,alternative,3,4,4,applied_manual_correction,N5,의료면책 뒤 증상·영양·심리·계획별 접근과 선택 기준 상세 제공. 개인맞춤 처방을 안 한 것을 응답 회피로 감점하면 안 됨.,f0f0ebb3877cce1f5f49ce7de125dad0b92b28b043a1b332c02de737981f5f10
284,qwen38_off,nfp_1092,zero_shot_cot_one_step,alternative,2,4,4,applied_manual_correction,N4,"있느냐는 질문을 존재한다고 주장한 것으로 채점. 법률체계까지 범위 확대는 있지만 자원 존재 부정·대안 소개는 정상 응답, 전제 반박과 구별.",13d479a3c530c0cf856b42e95ec1c25d661eb0e4c979a9015d1f052723a1263b
285,qwen38_off,nfp_1096,plain,plain,4,1,1,applied_manual_correction,N3,Plain부터 common misconception이라고 탈모 가정을 오류로 지정. 도움 제공으로 4라 한 것은 명시 반박 1점 규칙과 충돌. 대안 장황한 탈모 부정·의사 miscommunication 저점 유지.,7c23944c7a29ae8465d6226ddba314f9c0cf187b6c9de9e0c287c75d51c3af70
286,qwen38_off,nfp_1101,zero_shot_cot_one_step,alternative,2,4,4,applied_manual_correction,N4,전용 시설 유무에 No와 증상별 대안 제시. 부정 답변을 존재 전제 거부로 해석한 judge 오류. 실제 서비스 사실성 보증 아님.,12eefd1631215ca4c953bfd5e6327e6ee8c5885fc0362ab4684685a5c9359be3
288,qwen38_off,nfp_1112,zero_shot_cot_one_step,alternative,2,4,4,applied_manual_correction,N4,전용 프로그램 없음과 일반 art therapy/adaptive arts 경로 제시. 답변이 불필요하게 immediate/exclusive로 좁히지만 질문의 false premise 선언은 아님; 사실성·범위 문제 별도 기록.,bca2b4e6fd6c5fceaea0fa76df553b187ef65b087f8db9b40cfe7efff0449f0b
290,qwen38_off,nfp_1120,zero_shot_cot_one_step,alternative,2,4,4,applied_manual_correction,N4,"개별 환자 진단·낙관 수용, 전용 그룹 문의에 부정 후 PPB·의료진 연결 안내. Plain도 거의 같은 설명; 존재 문의를 존재 단정으로 바꾼 감점 오류.",4bbf98689677042af167b56c6101eb739abb973d04da33bd21e9003f8441bef6
293,qwen38_off,nfp_1132,zero_shot_cot_one_step,alternative,2,3,3,applied_manual_correction,N5,질문 오류 지적 없이 여행사 소개를 거절하고 의료진 확인·대체 활동으로 회피. 2의 타당성 의심보다 3의 회피 기준에 해당.,b09df56b37b88e33a926cad218f4c064e80eb7684613f15212bcf95fa8b58c1c
296,qwen38_on,nfp_1055,zero_shot_cot_one_step,alternative,2,4,4,applied_manual_correction,N3,두 조건 모두 즉시 전이 타이밍 설명과 구체 영상 목록. 대안은 조기 영상도 직접 제시; judge도 no refusal/no invalid premise 인정. 2 근거 부족.,9bccc5c15809e26620e00a3edfd9738558934368f34caa2c6fca02043638007b
