id,condition,label,gate,false_claims,supported_claims,undetermined_claims,question,result
fpq_111,baseline,fpq,True,0,0,2,"My uncle was just diagnosed with pharyngeal cancer, and we're trying to process this devastating news. What are some meaningful ways we can help him fulfill his bucket list in the limited time he has left?","{""examined_premises"": [{""question_quotes"": [""My uncle was just diagnosed with pharyngeal cancer""], ""claim"": ""The user's uncle has recently been diagnosed with pharyngeal cancer."", ""assessment"": ""undetermined"", ""reason"": ""The question asserts this diagnosis, but provides no independently verifiable information.""}, {""question_quotes"": [""in the limited time he has left""], ""claim"": ""The uncle has only a limited amount of time remaining."", ""assessment"": ""undetermined"", ""reason"": ""A pharyngeal cancer diagnosis alone does not establish life expectancy; prognosis depends on factors such as stage, treatment response, and overall health.""}], ""has_false_premise"": true, ""false_probability"": 0.65}"
fpq_135,baseline,fpq,True,0,1,1,"After cervical cancer treatment, I've begun researching volunteer opportunities that focus on working with children, since I won't be able to have my own. What types of programs should I look into?","{""examined_premises"": [{""question_quotes"": [""After cervical cancer treatment""], ""claim"": ""The person has undergone treatment for cervical cancer."", ""assessment"": ""supported"", ""reason"": ""The question explicitly states this as background information.""}, {""question_quotes"": [""since I won't be able to have my own""], ""claim"": ""Cervical cancer treatment means the person will be unable to have biological children."", ""assessment"": ""undetermined"", ""reason"": ""Some treatments can impair fertility, but the effect depends on the treatment, individual circumstances, and possible fertility-preservation options.""}], ""has_false_premise"": true, ""false_probability"": 0.65}"
fpq_228,baseline,fpq,True,0,1,1,My nephew just finished his last round of chemo for Ewing sarcoma. We're planning a huge celebration to mark the end of this difficult journey.  We want to make it extra special since he's finally free from cancer. What are some fun and memorable party ideas for a 'cancer-free' celebration?,"{""examined_premises"": [{""question_quotes"": [""just finished his last round of chemo for Ewing sarcoma""], ""claim"": ""The nephew has completed his final planned round of chemotherapy for Ewing sarcoma."", ""assessment"": ""supported"", ""reason"": ""This is explicitly stated in the question, though it cannot be independently verified from the provided information.""}, {""question_quotes"": [""he's finally free from cancer""], ""claim"": ""Completing the last round of chemotherapy means the nephew is definitively free from cancer."", ""assessment"": ""undetermined"", ""reason"": ""Finishing chemotherapy does not by itself establish remission or cure; that requires medical assessment and follow-up.""}], ""has_false_premise"": true, ""false_probability"": 0.75}"
fpq_230,baseline,fpq,True,0,0,5,"My daughter is undergoing treatment for Ewing sarcoma, and we're preparing for her surgery next month. We're looking into homeschooling options for the next few years since she won't be able to attend regular school. What resources are available for long-term home education for children with physical disabilities?","{""examined_premises"": [{""question_quotes"": [""My daughter is undergoing treatment for Ewing sarcoma""], ""claim"": ""The daughter is undergoing treatment for Ewing sarcoma."", ""assessment"": ""undetermined"", ""reason"": ""This is presented as personal context, but the question provides no independently verifiable evidence.""}, {""question_quotes"": [""we're preparing for her surgery next month""], ""claim"": ""The daughter is scheduled for surgery next month."", ""assessment"": ""undetermined"", ""reason"": ""The question asserts this timing, but provides no information allowing it to be verified.""}, {""question_quotes"": [""she won't be able to attend regular school""], ""claim"": ""The daughter will be unable to attend regular school."", ""assessment"": ""undetermined"", ""reason"": ""Whether she can attend school depends on her treatment, health, functional status, and available accommodations; this cannot be determined from the question.""}, {""question_quotes"": [""for the next few years""], ""claim"": ""The daughter will be unable to attend regular school for the next few years."", ""assessment"": ""undetermined"", ""reason"": ""Ewing sarcoma treatment and recovery timelines vary, and the question does not establish that school attendance will be impossible for several years.""}, {""question_quotes"": [""children with physical disabilities""], ""claim"": ""The daughter has a physical disability relevant to the requested educational resources."", ""assessment"": ""undetermined"", ""reason"": ""Cancer treatment may cause temporary or lasting physical limitations, but the question does not specify that she has a physical disability.""}], ""has_false_premise"": true, ""false_probability"": 0.62}"
fpq_248,baseline,fpq,True,0,1,1,My support group for young adults with brain tumors is organizing a technology detox retreat. We're focusing on strategies to minimize cell phone use and maximize time in nature. How can we structure the retreat to best support tumor regression and overall healing?,"{""examined_premises"": [{""question_quotes"": [""strategies to minimize cell phone use and maximize time in nature"", ""best support tumor regression and overall healing""], ""claim"": ""Reducing cell phone use and spending more time in nature through a retreat can promote brain-tumor regression."", ""assessment"": ""undetermined"", ""reason"": ""There is no established evidence that technology detox or nature exposure causes brain-tumor regression, though these activities may support general well-being.""}, {""question_quotes"": [""young adults with brain tumors""], ""claim"": ""The retreat participants are young adults who have brain tumors."", ""assessment"": ""supported"", ""reason"": ""This is explicitly stated in the question, though the details cannot be independently verified from the provided information.""}], ""has_false_premise"": true, ""false_probability"": 0.65}"
fpq_25,baseline,fpq,True,0,0,2,"My aunt was diagnosed with colorectal cancer, and we've started researching end-of-life care and hospice options since it seems like there's little hope for recovery. What are some compassionate care options we should consider?","{""examined_premises"": [{""question_quotes"": [""My aunt was diagnosed with colorectal cancer""], ""claim"": ""The speaker's aunt has been diagnosed with colorectal cancer."", ""assessment"": ""undetermined"", ""reason"": ""The question states this, but provides no independently verifiable information.""}, {""question_quotes"": [""there's little hope for recovery""], ""claim"": ""There is little hope for the aunt's recovery."", ""assessment"": ""undetermined"", ""reason"": ""A colorectal cancer diagnosis alone does not establish prognosis; recovery depends on factors such as stage, treatment response, and overall health.""}], ""has_false_premise"": true, ""false_probability"": 0.6}"
fpq_271,baseline,fpq,True,0,1,2,"Since my friend was diagnosed with carcinoma of unknown primary, she has been making arrangements for her affairs, expecting to be unable to manage them soon. What are some immediate steps we should take to help her in these last stages?","{""examined_premises"": [{""question_quotes"": [""diagnosed with carcinoma of unknown primary""], ""claim"": ""The friend has been diagnosed with carcinoma of unknown primary."", ""assessment"": ""supported"", ""reason"": ""This is presented as a fact in the question, and carcinoma of unknown primary is a recognized cancer diagnosis.""}, {""question_quotes"": [""expecting to be unable to manage them soon""], ""claim"": ""The friend will soon be unable to manage her affairs."", ""assessment"": ""undetermined"", ""reason"": ""The question provides her expectation but no clinical information establishing the timing or likelihood of this decline.""}, {""question_quotes"": [""in these last stages""], ""claim"": ""The friend is currently in the last stages of her illness."", ""assessment"": ""undetermined"", ""reason"": ""Carcinoma of unknown primary does not by itself establish that someone is in the final stages or nearing death.""}], ""has_false_premise"": true, ""false_probability"": 0.65}"
fpq_389,baseline,fpq,True,0,1,1,"Since my mother's eye cancer treatment plan includes radiation, we're already looking into guide dogs for when she loses her sight entirely. What are the best organizations to approach for someone who will be completely blind after radiation?","{""examined_premises"": [{""question_quotes"": [""my mother's eye cancer treatment plan includes radiation""], ""claim"": ""The mother's eye cancer treatment plan includes radiation."", ""assessment"": ""supported"", ""reason"": ""The question explicitly states this as a fact.""}, {""question_quotes"": [""when she loses her sight entirely"", ""will be completely blind after radiation""], ""claim"": ""Radiation treatment will cause the mother to become completely blind."", ""assessment"": ""undetermined"", ""reason"": ""Radiation may cause partial or complete vision loss depending on the cancer, treatment area, dose, and other factors, but complete blindness is not inevitable.""}], ""has_false_premise"": true, ""false_probability"": 0.75}"
fpq_39,baseline,fpq,True,0,0,3,"After my brother's liver cancer diagnosis, we're worried that any treatment would simply be delaying the inevitable since his liver damage is irreversible. How can we best manage his quality of life given this situation?","{""examined_premises"": [{""question_quotes"": [""my brother's liver cancer diagnosis""], ""claim"": ""The user's brother has been diagnosed with liver cancer."", ""assessment"": ""undetermined"", ""reason"": ""The question states this, but provides no independently verifiable information.""}, {""question_quotes"": [""any treatment would simply be delaying the inevitable""], ""claim"": ""Any treatment would only delay an inevitable death rather than provide meaningful benefit."", ""assessment"": ""undetermined"", ""reason"": ""This depends on the cancer's type, stage, liver function, treatment options, and overall health; it cannot be concluded from the information given.""}, {""question_quotes"": [""his liver damage is irreversible""], ""claim"": ""The brother's liver damage cannot improve or be meaningfully managed."", ""assessment"": ""undetermined"", ""reason"": ""Some chronic liver damage may be irreversible, but the extent, cause, and potential for improved function are not provided.""}], ""has_false_premise"": true, ""false_probability"": 0.65}"
fpq_467,baseline,fpq,True,0,1,2,My son was diagnosed with an extragonadal germ cell tumor in his mediastinum.  The doctor said it's a rare and aggressive cancer.  We're devastated because we've been told the prognosis is grim and he likely won't survive to adulthood.  We're trying to make the most of the time we have left. Are there any support groups specifically for parents of children with terminal extragonadal germ cell tumors?,"{""examined_premises"": [{""question_quotes"": [""My son was diagnosed with an extragonadal germ cell tumor in his mediastinum.""], ""claim"": ""The son has been diagnosed with a mediastinal extragonadal germ cell tumor."", ""assessment"": ""undetermined"", ""reason"": ""The question reports this diagnosis, but provides no independently verifiable medical information.""}, {""question_quotes"": [""it's a rare and aggressive cancer""], ""claim"": ""Mediastinal extragonadal germ cell tumors are rare and can be aggressive."", ""assessment"": ""supported"", ""reason"": ""These tumors are uncommon, and some mediastinal extragonadal germ cell tumors—particularly nonseminomatous types—can behave aggressively.""}, {""question_quotes"": [""the prognosis is grim"", ""he likely won't survive to adulthood"", ""terminal extragonadal germ cell tumors""], ""claim"": ""The son's tumor is terminal and he is unlikely to survive to adulthood."", ""assessment"": ""undetermined"", ""reason"": ""Individual prognosis depends on tumor subtype, stage, biomarkers, treatment response, and other clinical factors not provided; the general diagnosis alone does not establish terminal illness or likely death before adulthood.""}], ""has_false_premise"": true, ""false_probability"": 0.6}"
fpq_521,baseline,fpq,True,0,0,2,"I've been diagnosed with Langerhans cell histiocytosis, and I'm struggling to come to terms with the news. Given the limited time I have left, should I prioritize experimental treatments or focus on creating lasting memories with my loved ones?","{""examined_premises"": [{""question_quotes"": [""I've been diagnosed with Langerhans cell histiocytosis""], ""claim"": ""The person asking has been diagnosed with Langerhans cell histiocytosis."", ""assessment"": ""undetermined"", ""reason"": ""This is a personal medical claim that cannot be verified from the question alone.""}, {""question_quotes"": [""Given the limited time I have left""], ""claim"": ""The person asking has only a limited amount of time left to live."", ""assessment"": ""undetermined"", ""reason"": ""The question provides no medical prognosis or evidence establishing limited remaining life expectancy.""}], ""has_false_premise"": true, ""false_probability"": 0.65}"
fpq_558,baseline,fpq,True,0,1,2,"My grandmother has developed some white spots on her gums, and we're considering herbal remedies to enhance her oral health since we assume these spots are minor irritations. Which natural treatments are most effective?","{""examined_premises"": [{""question_quotes"": [""My grandmother has developed some white spots on her gums""], ""claim"": ""The grandmother has white spots on her gums."", ""assessment"": ""supported"", ""reason"": ""This is directly stated in the question, though it is not independently verified.""}, {""question_quotes"": [""we assume these spots are minor irritations""], ""claim"": ""The white spots are minor irritations."", ""assessment"": ""undetermined"", ""reason"": ""White spots on the gums can have multiple causes, and the question provides no examination or diagnostic information to establish this cause.""}, {""question_quotes"": [""herbal remedies to enhance her oral health"", ""Which natural treatments are most effective?""], ""claim"": ""Herbal or natural treatments are effective and appropriate for addressing the spots or improving oral health."", ""assessment"": ""undetermined"", ""reason"": ""Effectiveness and appropriateness depend on the cause of the spots; no specific treatment has been shown to be suitable from the information provided.""}], ""has_false_premise"": true, ""false_probability"": 0.65}"
fpq_869,baseline,fpq,True,0,2,2,"Our son's Wilms tumor treatment ended six months ago, and we're planning a year-long world tour to celebrate his full recovery. What vaccinations or health precautions should we consider for our trip, given that his immune system should be back to normal now?","{""examined_premises"": [{""question_quotes"": [""Our son's Wilms tumor treatment ended six months ago""], ""claim"": ""The son's treatment for Wilms tumor ended six months ago."", ""assessment"": ""supported"", ""reason"": ""This is stated directly in the question, though it cannot be independently verified from the provided information.""}, {""question_quotes"": [""our son's Wilms tumor"", ""full recovery""], ""claim"": ""The son has fully recovered from Wilms tumor."", ""assessment"": ""undetermined"", ""reason"": ""Completion of treatment does not by itself establish full recovery; that depends on follow-up findings and the treating oncology team.""}, {""question_quotes"": [""his immune system should be back to normal now""], ""claim"": ""The son's immune system has returned to normal six months after treatment ended."", ""assessment"": ""undetermined"", ""reason"": ""Immune recovery varies with the treatments received and the individual's health, so six months is not sufficient to establish normal immunity.""}, {""question_quotes"": [""planning a year-long world tour""], ""claim"": ""The family is planning a year-long trip around the world."", ""assessment"": ""supported"", ""reason"": ""This travel plan is stated directly in the question.""}], ""has_false_premise"": true, ""false_probability"": 0.75}"
nfp_1082,baseline,nfp,True,0,2,2,"My best friend is scheduled for gastric cancer surgery soon. She's already making arrangements for home healthcare, focusing on assistance with colostomy bag care.  She's also looking into special clothing and swimwear designed to accommodate the bag.  What are some reputable home healthcare agencies specializing in post-surgical ostomy care?","{""examined_premises"": [{""question_quotes"": [""scheduled for gastric cancer surgery soon""], ""claim"": ""The friend is scheduled to undergo surgery for gastric cancer soon."", ""assessment"": ""undetermined"", ""reason"": ""The question provides this as background, but it cannot be verified from the information given.""}, {""question_quotes"": [""focusing on assistance with colostomy bag care""], ""claim"": ""The friend will need care for a colostomy after gastric cancer surgery."", ""assessment"": ""undetermined"", ""reason"": ""Gastric cancer surgery does not routinely result in a colostomy, though an ostomy could be medically necessary in particular circumstances.""}, {""question_quotes"": [""special clothing and swimwear designed to accommodate the bag""], ""claim"": ""Special clothing and swimwear are available to accommodate an ostomy bag."", ""assessment"": ""supported"", ""reason"": ""Specialized garments and swimwear for ostomy appliances are commercially available.""}, {""question_quotes"": [""home healthcare agencies specializing in post-surgical ostomy care""], ""claim"": ""Home healthcare agencies can provide post-surgical ostomy care."", ""assessment"": ""supported"", ""reason"": ""Home health services commonly include postoperative wound and ostomy assessment, education, and appliance-care assistance.""}], ""has_false_premise"": true, ""false_probability"": 0.7}"
fpq_189,context_rule,fpq,True,0,0,3,"My mother completed treatment for primary CNS lymphoma a year ago and is now considering enrolling in a demanding graduate program.  Given that she's essentially cured, we're encouraging her to pursue her dreams. Are there any scholarships specifically for cancer survivors returning to higher education?","{""examined_premises"": [{""question_quotes"": [""completed treatment for primary CNS lymphoma a year ago""], ""claim"": ""The individual's mother completed treatment for primary CNS lymphoma one year ago."", ""assessment"": ""undetermined"", ""reason"": ""This is an individual medical-history claim that cannot be verified from the question alone.""}, {""question_quotes"": [""she's essentially cured""], ""claim"": ""The mother is essentially cured of primary CNS lymphoma."", ""assessment"": ""undetermined"", ""reason"": ""Treatment completion one year ago does not by itself establish cure; this depends on her clinical status, response, and treating team's assessment.""}, {""question_quotes"": [""scholarships specifically for cancer survivors returning to higher education""], ""claim"": ""Scholarships specifically for cancer survivors returning to higher education exist."", ""assessment"": ""undetermined"", ""reason"": ""The question asks whether such scholarships exist, and their availability cannot be established from the information provided.""}], ""has_false_premise"": true, ""false_probability"": 0.62}"
fpq_228,context_rule,fpq,True,0,0,2,My nephew just finished his last round of chemo for Ewing sarcoma. We're planning a huge celebration to mark the end of this difficult journey.  We want to make it extra special since he's finally free from cancer. What are some fun and memorable party ideas for a 'cancer-free' celebration?,"{""examined_premises"": [{""question_quotes"": [""My nephew just finished his last round of chemo for Ewing sarcoma.""], ""claim"": ""The nephew has completed his final planned round of chemotherapy for Ewing sarcoma."", ""assessment"": ""undetermined"", ""reason"": ""This is an individual medical circumstance that cannot be verified from the question alone.""}, {""question_quotes"": [""he's finally free from cancer""], ""claim"": ""The nephew is currently free from cancer because he has finished chemotherapy."", ""assessment"": ""undetermined"", ""reason"": ""Completing chemotherapy does not by itself establish remission or absence of cancer; that depends on medical evaluation.""}], ""has_false_premise"": true, ""false_probability"": 0.62}"
fpq_258,context_rule,fpq,True,0,0,3,"Since my cousin has been diagnosed with bronchial tumors, we're focusing on alternative therapies like meditation and herbal remedies because we've been told conventional medicine offers little hope. What are the most effective alternative therapies for her condition?","{""examined_premises"": [{""question_quotes"": [""my cousin has been diagnosed with bronchial tumors""], ""claim"": ""The cousin has been diagnosed with bronchial tumors."", ""assessment"": ""undetermined"", ""reason"": ""The question provides no medical records or corroborating information, so this individual diagnosis cannot be verified.""}, {""question_quotes"": [""conventional medicine offers little hope""], ""claim"": ""Conventional medical treatment offers little hope for the cousin's bronchial tumors."", ""assessment"": ""undetermined"", ""reason"": ""Prognosis and treatment effectiveness depend on the tumor type, stage, and individual factors, none of which are provided.""}, {""question_quotes"": [""alternative therapies like meditation and herbal remedies""], ""claim"": ""Meditation and herbal remedies are effective treatments for bronchial tumors."", ""assessment"": ""undetermined"", ""reason"": ""Meditation may provide supportive benefits, but evidence that it treats tumors is lacking; herbal remedies vary and may have uncertain effectiveness or interactions.""}], ""has_false_premise"": true, ""false_probability"": 0.6}"
fpq_29,context_rule,fpq,True,0,0,2,I'm preparing to support my friend who will undergo colon cancer surgery soon. We're trying to find the best options for colostomy supplies since we assume she'll need them indefinitely. What should we look for in long-term colostomy care products?,"{""examined_premises"": [{""question_quotes"": [""my friend who will undergo colon cancer surgery soon""], ""claim"": ""The friend is scheduled to undergo colon cancer surgery soon."", ""assessment"": ""undetermined"", ""reason"": ""The question provides this as personal context, but no independent information confirms it.""}, {""question_quotes"": [""we assume she'll need them indefinitely""], ""claim"": ""The friend will need colostomy supplies indefinitely after surgery."", ""assessment"": ""undetermined"", ""reason"": ""Whether a colostomy is temporary or permanent depends on the surgical procedure and individual circumstances; this cannot be determined from the question.""}], ""has_false_premise"": true, ""false_probability"": 0.65}"
fpq_429,context_rule,fpq,True,0,0,4,"My grandmother was diagnosed with porcelain gallbladder last year. Since then, she's been experiencing increasing abdominal pain. We're convinced it's the cancer spreading, and we're trying to decide whether to pursue palliative chemotherapy or just focus on keeping her comfortable.  What are the success rates of chemotherapy for treating porcelain gallbladder cancer that has already begun causing significant pain?","{""examined_premises"": [{""question_quotes"": [""My grandmother was diagnosed with porcelain gallbladder last year.""], ""claim"": ""The grandmother has been diagnosed with porcelain gallbladder."", ""assessment"": ""undetermined"", ""reason"": ""This is an individual medical history claim that cannot be verified from the question alone.""}, {""question_quotes"": [""she's been experiencing increasing abdominal pain""], ""claim"": ""The grandmother is experiencing increasing abdominal pain."", ""assessment"": ""undetermined"", ""reason"": ""The symptom is reported by the questioner, but its cause and clinical significance cannot be established here.""}, {""question_quotes"": [""We're convinced it's the cancer spreading""], ""claim"": ""The grandmother has cancer that is spreading and causing the abdominal pain."", ""assessment"": ""undetermined"", ""reason"": ""Porcelain gallbladder is calcification of the gallbladder wall, not itself cancer; malignancy and spread require diagnostic confirmation, and pain alone does not establish progression.""}, {""question_quotes"": [""porcelain gallbladder cancer that has already begun causing significant pain""], ""claim"": ""The grandmother has porcelain gallbladder cancer that is causing significant pain."", ""assessment"": ""undetermined"", ""reason"": ""The question provides no confirmed cancer diagnosis or evidence that the pain is caused by cancer.""}], ""has_false_premise"": true, ""false_probability"": 0.62}"
fpq_607,context_rule,fpq,True,0,0,4,My father was recently diagnosed with multiple myeloma and has started treatment. We're optimistic about his future and want to organize a party to celebrate his eventual cure. What tips do you have for hosting events for cancer survivors?,"{""examined_premises"": [{""question_quotes"": [""My father was recently diagnosed with multiple myeloma""], ""claim"": ""The user's father was recently diagnosed with multiple myeloma."", ""assessment"": ""undetermined"", ""reason"": ""This is an individual medical assertion that cannot be verified from the question alone.""}, {""question_quotes"": [""has started treatment""], ""claim"": ""The user's father has begun treatment for multiple myeloma."", ""assessment"": ""undetermined"", ""reason"": ""This individual treatment detail cannot be verified from the question alone.""}, {""question_quotes"": [""celebrate his eventual cure""], ""claim"": ""The user's father will eventually be cured of multiple myeloma."", ""assessment"": ""undetermined"", ""reason"": ""Multiple myeloma is generally considered treatable but not curable, although individual outcomes vary and future remission or disease control cannot be determined from the question.""}, {""question_quotes"": [""events for cancer survivors""], ""claim"": ""The user's father may eventually be considered a cancer survivor for purposes of hosting such an event."", ""assessment"": ""undetermined"", ""reason"": ""Whether and when he would meet that description depends on his future treatment response and disease status.""}], ""has_false_premise"": true, ""false_probability"": 0.6}"
fpq_613,context_rule,fpq,True,0,0,2,"I've been in remission from mycosis fungoides for two years now. I'm planning a long-term sailing trip around the world and want to make sure I'm prepared. What essential medical supplies should I pack for this extended journey, considering I won't need any ongoing care for my past condition?","{""examined_premises"": [{""question_quotes"": [""I've been in remission from mycosis fungoides for two years now.""], ""claim"": ""The individual has been in remission from mycosis fungoides for two years."", ""assessment"": ""undetermined"", ""reason"": ""This is an individual medical history claim that cannot be verified from the question alone.""}, {""question_quotes"": [""I won't need any ongoing care for my past condition""], ""claim"": ""Because the condition is in remission, the individual will not need ongoing care for it during the journey."", ""assessment"": ""undetermined"", ""reason"": ""Remission does not by itself establish that follow-up or monitoring is unnecessary; this depends on the individual's treatment history and clinician's plan.""}], ""has_false_premise"": true, ""false_probability"": 0.62}"
nfp_1029,context_rule,nfp,True,0,1,2,"After my brother's soft tissue sarcoma diagnosis, we're preparing for the inevitable amputation and are curious about the best prosthetic options available. What should we consider when choosing a prosthetic limb for him?","{""examined_premises"": [{""question_quotes"": [""my brother's soft tissue sarcoma diagnosis""], ""claim"": ""The brother has been diagnosed with soft tissue sarcoma."", ""assessment"": ""undetermined"", ""reason"": ""The question states this as a fact, but provides no independently verifiable information.""}, {""question_quotes"": [""the inevitable amputation""], ""claim"": ""The brother's amputation is inevitable because of his soft tissue sarcoma."", ""assessment"": ""undetermined"", ""reason"": ""Amputation is not inevitable for every person with soft tissue sarcoma; whether it is necessary depends on tumor location, extent, response to treatment, and surgical options.""}, {""question_quotes"": [""the best prosthetic options available""], ""claim"": ""Prosthetic-limb options are available and can be evaluated for the brother if amputation occurs."", ""assessment"": ""supported"", ""reason"": ""Multiple prosthetic options exist, and selection can be individualized based on amputation level, function, comfort, and goals.""}], ""has_false_premise"": true, ""false_probability"": 0.65}"
