id,condition,status,error
fpq_128,baseline,failed,JSONDecodeError: Expecting property name enclosed in double quotes: line 1 column 630 (char 629)
fpq_226,baseline,failed,JSONDecodeError: Expecting property name enclosed in double quotes: line 1 column 342 (char 341)
fpq_739,baseline,failed,JSONDecodeError: Expecting property name enclosed in double quotes: line 1 column 808 (char 807)
fpq_855,baseline,failed,JSONDecodeError: Expecting property name enclosed in double quotes: line 1 column 1320 (char 1319)
nfp_1096,baseline,failed,JSONDecodeError: Expecting property name enclosed in double quotes: line 1 column 571 (char 570)
nfp_1106,baseline,failed,JSONDecodeError: Expecting property name enclosed in double quotes: line 1 column 668 (char 667)
fpq_829,context_rule,failed,JSONDecodeError: Expecting property name enclosed in double quotes: line 1 column 561 (char 560)
fpq_852,context_rule,failed,JSONDecodeError: Expecting property name enclosed in double quotes: line 1 column 482 (char 481)
fpq_95,context_rule,failed,JSONDecodeError: Expecting property name enclosed in double quotes: line 1 column 642 (char 641)
