model,model_id,method,status,split_manifest,repeat_id,cell_provenance,medqa_accuracy_pct,pubmedqa_accuracy_pct,medbullets_accuracy_pct,mmlu_accuracy_pct,gsm8k_em_pct
Qwen2.5 7B,Qwen/Qwen2.5-7B-Instruct,text_gate_response,planned,,,{},,,,,
Qwen2.5 7B,Qwen/Qwen2.5-7B-Instruct,plain,planned,,,{},,,,,
Qwen2.5 7B,Qwen/Qwen2.5-7B-Instruct,cot,planned,,,{},,,,,
Qwen2.5 7B,Qwen/Qwen2.5-7B-Instruct,balanced,planned,,,{},,,,,
Qwen2.5 7B,Qwen/Qwen2.5-7B-Instruct,premise_review_cot,planned,,,{},,,,,
Qwen2.5 7B,Qwen/Qwen2.5-7B-Instruct,always_correct,planned,,,{},,,,,
Qwen2.5 7B,Qwen/Qwen2.5-7B-Instruct,prewome_style,planned,,,{},,,,,
Qwen2.5 7B,Qwen/Qwen2.5-7B-Instruct,extract_verify,planned,,,{},,,,,
Qwen2.5 7B,Qwen/Qwen2.5-7B-Instruct,direct_gate_response,planned,,,{},,,,,
Qwen2.5 7B,Qwen/Qwen2.5-7B-Instruct,cot_gate_response,planned,,,{},,,,,
Qwen2.5 7B,Qwen/Qwen2.5-7B-Instruct,hidden_gate_response,planned,,,{},,,,,
Qwen2.5 7B,Qwen/Qwen2.5-7B-Instruct,gepa,planned,,,{},,,,,
Qwen2.5 7B,Qwen/Qwen2.5-7B-Instruct,ours,planned,,,{},,,,,
GPT-6 Luna,gpt-6-luna,text_gate_response,planned,,,{},,,,,
GPT-6 Luna,gpt-6-luna,plain,planned,,,{},,,,,
GPT-6 Luna,gpt-6-luna,cot,planned,,,{},,,,,
GPT-6 Luna,gpt-6-luna,balanced,planned,,,{},,,,,
GPT-6 Luna,gpt-6-luna,premise_review_cot,planned,,,{},,,,,
GPT-6 Luna,gpt-6-luna,always_correct,planned,,,{},,,,,
GPT-6 Luna,gpt-6-luna,prewome_style,planned,,,{},,,,,
GPT-6 Luna,gpt-6-luna,extract_verify,planned,,,{},,,,,
GPT-6 Luna,gpt-6-luna,direct_gate_response,planned,,,{},,,,,
GPT-6 Luna,gpt-6-luna,cot_gate_response,planned,,,{},,,,,
GPT-6 Luna,gpt-6-luna,gepa,planned,,,{},,,,,
GPT-6 Luna,gpt-6-luna,ours,planned,,,{},,,,,
Gemma 4 12B,google/gemma-4-12B-it,text_gate_response,planned,,,{},,,,,
Gemma 4 12B,google/gemma-4-12B-it,plain,planned,,,{},,,,,
Gemma 4 12B,google/gemma-4-12B-it,cot,planned,,,{},,,,,
Gemma 4 12B,google/gemma-4-12B-it,balanced,planned,,,{},,,,,
Gemma 4 12B,google/gemma-4-12B-it,premise_review_cot,planned,,,{},,,,,
Gemma 4 12B,google/gemma-4-12B-it,always_correct,planned,,,{},,,,,
Gemma 4 12B,google/gemma-4-12B-it,prewome_style,planned,,,{},,,,,
Gemma 4 12B,google/gemma-4-12B-it,extract_verify,planned,,,{},,,,,
Gemma 4 12B,google/gemma-4-12B-it,direct_gate_response,planned,,,{},,,,,
Gemma 4 12B,google/gemma-4-12B-it,cot_gate_response,planned,,,{},,,,,
Gemma 4 12B,google/gemma-4-12B-it,hidden_gate_response,planned,,,{},,,,,
Gemma 4 12B,google/gemma-4-12B-it,gepa,planned,,,{},,,,,
Gemma 4 12B,google/gemma-4-12B-it,ours,planned,,,{},,,,,
Qwen3.8 27B OFF,Qwen/Qwen3.8-27B-FP8:off,text_gate_response,planned,,,{},,,,,
Qwen3.8 27B OFF,Qwen/Qwen3.8-27B-FP8:off,plain,planned,,,{},,,,,
Qwen3.8 27B OFF,Qwen/Qwen3.8-27B-FP8:off,cot,planned,,,{},,,,,
Qwen3.8 27B OFF,Qwen/Qwen3.8-27B-FP8:off,balanced,planned,,,{},,,,,
Qwen3.8 27B OFF,Qwen/Qwen3.8-27B-FP8:off,premise_review_cot,planned,,,{},,,,,
Qwen3.8 27B OFF,Qwen/Qwen3.8-27B-FP8:off,always_correct,planned,,,{},,,,,
Qwen3.8 27B OFF,Qwen/Qwen3.8-27B-FP8:off,prewome_style,planned,,,{},,,,,
Qwen3.8 27B OFF,Qwen/Qwen3.8-27B-FP8:off,extract_verify,planned,,,{},,,,,
Qwen3.8 27B OFF,Qwen/Qwen3.8-27B-FP8:off,direct_gate_response,planned,,,{},,,,,
Qwen3.8 27B OFF,Qwen/Qwen3.8-27B-FP8:off,cot_gate_response,planned,,,{},,,,,
Qwen3.8 27B OFF,Qwen/Qwen3.8-27B-FP8:off,hidden_gate_response,planned,,,{},,,,,
Qwen3.8 27B OFF,Qwen/Qwen3.8-27B-FP8:off,gepa,planned,,,{},,,,,
Qwen3.8 27B OFF,Qwen/Qwen3.8-27B-FP8:off,ours,planned,,,{},,,,,
Qwen3.8 27B ON,Qwen/Qwen3.8-27B-FP8:on,text_gate_response,planned,,,{},,,,,
Qwen3.8 27B ON,Qwen/Qwen3.8-27B-FP8:on,plain,planned,,,{},,,,,
Qwen3.8 27B ON,Qwen/Qwen3.8-27B-FP8:on,cot,planned,,,{},,,,,
Qwen3.8 27B ON,Qwen/Qwen3.8-27B-FP8:on,balanced,planned,,,{},,,,,
Qwen3.8 27B ON,Qwen/Qwen3.8-27B-FP8:on,premise_review_cot,planned,,,{},,,,,
Qwen3.8 27B ON,Qwen/Qwen3.8-27B-FP8:on,always_correct,planned,,,{},,,,,
Qwen3.8 27B ON,Qwen/Qwen3.8-27B-FP8:on,prewome_style,planned,,,{},,,,,
Qwen3.8 27B ON,Qwen/Qwen3.8-27B-FP8:on,extract_verify,planned,,,{},,,,,
Qwen3.8 27B ON,Qwen/Qwen3.8-27B-FP8:on,direct_gate_response,planned,,,{},,,,,
Qwen3.8 27B ON,Qwen/Qwen3.8-27B-FP8:on,cot_gate_response,planned,,,{},,,,,
Qwen3.8 27B ON,Qwen/Qwen3.8-27B-FP8:on,hidden_gate_response,planned,,,{},,,,,
Qwen3.8 27B ON,Qwen/Qwen3.8-27B-FP8:on,gepa,planned,,,{},,,,,
Qwen3.8 27B ON,Qwen/Qwen3.8-27B-FP8:on,ours,planned,,,{},,,,,
