model,model_id,method,status,split_manifest,repeat_id,cancer_fpq_well_ge4_pct,cancer_nfp_well_ge4_pct,crepe_fpq_well_ge4_pct,crepe_normal_well_ge4_pct,medqa_accuracy_pct,pubmedqa_accuracy_pct,medbullets_accuracy_pct,mmlu_accuracy_pct,gsm8k_em_pct
Qwen2.5 7B,Qwen/Qwen2.5-7B-Instruct,plain,planned,,,,,,,,,,,
Qwen2.5 7B,Qwen/Qwen2.5-7B-Instruct,sft_same_chosen,planned,,,,,,,,,,,
Qwen2.5 7B,Qwen/Qwen2.5-7B-Instruct,dpo_balanced,planned,,,,,,,,,,,
Qwen2.5 7B,Qwen/Qwen2.5-7B-Instruct,dpo_feature_curated,planned,,,,,,,,,,,
Qwen2.5 7B,Qwen/Qwen2.5-7B-Instruct,gepa_sae_feedback,planned,,,,,,,,,,,
Qwen2.5 7B,Qwen/Qwen2.5-7B-Instruct,gepa_sae_nla,planned,,,,,,,,,,,
Gemma-3 12B,google/gemma-3-12b-it,plain,planned,,,,,,,,,,,
Gemma-3 12B,google/gemma-3-12b-it,sft_same_chosen,planned,,,,,,,,,,,
Gemma-3 12B,google/gemma-3-12b-it,dpo_balanced,planned,,,,,,,,,,,
Gemma-3 12B,google/gemma-3-12b-it,dpo_feature_curated,planned,,,,,,,,,,,
Gemma-3 12B,google/gemma-3-12b-it,gepa_sae_feedback,planned,,,,,,,,,,,
Gemma-3 12B,google/gemma-3-12b-it,gepa_sae_nla,planned,,,,,,,,,,,
Gemma-2 9B,google/gemma-2-9b-it,plain,planned,,,,,,,,,,,
Gemma-2 9B,google/gemma-2-9b-it,sft_same_chosen,planned,,,,,,,,,,,
Gemma-2 9B,google/gemma-2-9b-it,dpo_balanced,planned,,,,,,,,,,,
Gemma-2 9B,google/gemma-2-9b-it,dpo_feature_curated,planned,,,,,,,,,,,
Gemma-2 9B,google/gemma-2-9b-it,gepa_sae_feedback,planned,,,,,,,,,,,
Gemma-2 9B,google/gemma-2-9b-it,gepa_sae_ao,planned,,,,,,,,,,,
